-- MySQL dump 10.13  Distrib 5.5.62, for Win64 (AMD64)
--
-- Host: 127.0.0.1    Database: vk
-- ------------------------------------------------------
-- Server version	8.0.21-0ubuntu0.20.04.4

/*!40101 SET @OLD_CHARACTER_SET_CLIENT=@@CHARACTER_SET_CLIENT */;
/*!40101 SET @OLD_CHARACTER_SET_RESULTS=@@CHARACTER_SET_RESULTS */;
/*!40101 SET @OLD_COLLATION_CONNECTION=@@COLLATION_CONNECTION */;
/*!40101 SET NAMES utf8 */;
/*!40103 SET @OLD_TIME_ZONE=@@TIME_ZONE */;
/*!40103 SET TIME_ZONE='+00:00' */;
/*!40014 SET @OLD_UNIQUE_CHECKS=@@UNIQUE_CHECKS, UNIQUE_CHECKS=0 */;
/*!40014 SET @OLD_FOREIGN_KEY_CHECKS=@@FOREIGN_KEY_CHECKS, FOREIGN_KEY_CHECKS=0 */;
/*!40101 SET @OLD_SQL_MODE=@@SQL_MODE, SQL_MODE='NO_AUTO_VALUE_ON_ZERO' */;
/*!40111 SET @OLD_SQL_NOTES=@@SQL_NOTES, SQL_NOTES=0 */;

--
-- Table structure for table `communities`
--

DROP TABLE IF EXISTS `communities`;
/*!40101 SET @saved_cs_client     = @@character_set_client */;
/*!40101 SET character_set_client = utf8 */;
CREATE TABLE `communities` (
  `id` int unsigned NOT NULL AUTO_INCREMENT,
  `name` varchar(150) CHARACTER SET utf8 COLLATE utf8_unicode_ci NOT NULL,
  `created_at` datetime DEFAULT CURRENT_TIMESTAMP,
  `updated_at` datetime DEFAULT CURRENT_TIMESTAMP ON UPDATE CURRENT_TIMESTAMP,
  PRIMARY KEY (`id`),
  UNIQUE KEY `name` (`name`)
) ENGINE=InnoDB AUTO_INCREMENT=101 DEFAULT CHARSET=utf8 COLLATE=utf8_unicode_ci;
/*!40101 SET character_set_client = @saved_cs_client */;

--
-- Dumping data for table `communities`
--

LOCK TABLES `communities` WRITE;
/*!40000 ALTER TABLE `communities` DISABLE KEYS */;
INSERT INTO `communities` VALUES (1,'voluptatem','2018-03-23 07:15:27','2015-07-14 23:14:38'),(2,'laboriosam','2019-04-01 08:47:56','2019-06-12 15:09:37'),(3,'aut','2012-04-13 09:28:05','2013-06-24 01:07:13'),(4,'consequatur','2018-02-07 06:07:23','2013-06-17 21:56:37'),(5,'debitis','2017-08-09 20:43:51','2013-12-30 10:32:31'),(6,'dicta','2015-05-22 19:07:53','2014-08-02 08:26:33'),(7,'saepe','2014-12-09 05:15:35','2010-11-30 10:33:41'),(8,'rerum','2011-09-15 02:06:58','2011-02-16 10:35:47'),(9,'quia','2012-05-12 23:10:25','2012-10-05 08:52:07'),(10,'pariatur','2019-07-16 21:19:23','2018-06-24 04:53:21'),(11,'delectus','2014-10-13 15:18:46','2020-04-13 23:39:11'),(12,'consequuntur','2012-01-12 02:07:58','2016-12-09 16:20:09'),(13,'deserunt','2016-09-15 02:44:57','2017-12-23 01:36:52'),(14,'ut','2019-10-11 06:43:30','2017-08-05 03:17:47'),(15,'dolorem','2018-09-13 20:11:28','2015-09-15 05:46:20'),(16,'et','2012-06-10 07:00:02','2018-10-09 01:02:21'),(17,'corrupti','2017-11-04 12:43:35','2011-07-02 16:31:03'),(18,'consectetur','2016-06-14 14:07:10','2018-07-11 00:04:48'),(19,'incidunt','2020-02-09 17:08:57','2016-10-20 01:28:28'),(20,'amet','2016-08-08 01:27:17','2011-11-24 19:20:53'),(21,'temporibus','2018-02-16 02:52:07','2014-10-02 06:32:19'),(22,'molestias','2016-06-08 12:07:16','2014-11-15 08:35:26'),(23,'qui','2019-07-14 04:30:36','2016-05-25 22:08:58'),(24,'autem','2011-07-01 10:52:13','2017-04-11 04:30:55'),(25,'in','2014-01-07 11:03:43','2016-07-11 22:06:44'),(26,'modi','2017-04-05 08:02:56','2018-08-01 18:51:58'),(27,'fuga','2018-08-16 22:19:47','2020-04-18 21:12:22'),(28,'unde','2011-08-20 20:41:04','2017-07-20 12:42:37'),(29,'nulla','2012-08-14 02:49:38','2011-06-29 14:20:57'),(30,'minus','2012-04-16 01:27:23','2013-02-23 12:09:46'),(31,'repellendus','2010-12-17 15:32:47','2015-11-10 08:05:14'),(32,'corporis','2012-05-12 06:19:39','2020-02-19 22:38:16'),(33,'officiis','2012-08-06 15:22:25','2013-08-27 07:17:14'),(34,'dolore','2015-12-21 04:19:10','2014-11-20 08:07:43'),(35,'earum','2012-05-07 22:13:39','2011-10-04 14:27:27'),(36,'sed','2012-03-12 08:55:49','2015-09-13 12:07:27'),(37,'soluta','2020-06-11 16:40:05','2016-09-25 17:19:57'),(38,'doloribus','2012-06-11 12:51:24','2017-05-11 23:44:38'),(39,'excepturi','2017-03-25 16:47:21','2012-04-21 21:49:33'),(40,'illo','2016-12-17 17:47:10','2014-01-31 18:55:31'),(41,'quod','2017-10-09 09:33:57','2011-06-30 14:48:29'),(42,'non','2017-05-12 14:17:38','2016-01-11 23:59:04'),(43,'libero','2019-02-10 05:48:47','2020-02-18 06:15:50'),(44,'maxime','2016-06-19 09:38:48','2019-08-08 10:05:24'),(45,'atque','2017-03-07 02:03:57','2012-12-07 07:40:47'),(46,'vitae','2019-03-13 00:52:03','2016-06-18 22:19:14'),(47,'nemo','2016-01-24 05:58:46','2015-11-30 03:15:21'),(48,'dolores','2016-06-17 02:41:28','2015-02-28 19:00:28'),(49,'sapiente','2012-10-09 23:49:41','2015-04-23 14:41:42'),(50,'est','2015-03-23 05:49:56','2019-11-20 12:22:58'),(51,'sunt','2017-06-29 05:15:19','2020-02-06 04:30:11'),(52,'eaque','2015-11-16 02:20:33','2020-08-03 19:30:52'),(53,'tempore','2011-08-30 20:00:13','2010-09-18 08:31:01'),(54,'maiores','2013-05-02 06:15:48','2018-10-06 01:52:45'),(55,'nam','2019-02-24 05:29:18','2020-06-03 05:03:16'),(56,'error','2019-03-23 10:11:07','2016-02-20 15:53:08'),(57,'velit','2013-04-18 12:23:11','2011-09-07 13:04:50'),(58,'reiciendis','2013-04-04 04:03:43','2019-10-05 07:52:15'),(59,'a','2011-03-08 16:20:04','2020-06-20 09:17:21'),(60,'necessitatibus','2020-01-25 23:01:16','2016-08-01 12:45:20'),(61,'occaecati','2015-03-26 15:02:17','2011-08-08 12:26:34'),(62,'natus','2012-03-20 21:57:56','2011-11-11 17:16:23'),(63,'fugiat','2015-07-26 14:01:36','2014-07-16 23:55:51'),(64,'sit','2019-01-17 21:04:38','2019-10-16 13:47:32'),(65,'voluptate','2017-06-07 06:31:55','2011-04-06 06:52:40'),(66,'omnis','2015-04-11 01:08:33','2012-04-18 21:21:22'),(67,'magnam','2019-01-26 09:47:08','2020-05-09 19:51:33'),(68,'facilis','2012-05-16 22:36:34','2019-03-23 15:48:19'),(69,'neque','2015-07-29 15:38:12','2015-08-02 20:11:19'),(70,'dolorum','2011-01-10 20:37:17','2018-01-04 02:59:24'),(71,'quis','2012-09-01 23:41:11','2010-12-16 16:09:59'),(72,'dolor','2015-07-06 09:14:14','2019-03-30 22:25:47'),(73,'nobis','2012-09-29 12:47:33','2013-04-15 12:41:02'),(74,'cupiditate','2020-01-30 11:58:17','2017-03-14 14:33:29'),(75,'suscipit','2019-01-16 21:40:47','2017-10-07 16:51:45'),(76,'nesciunt','2011-02-02 08:42:04','2014-11-14 08:08:23'),(77,'ratione','2014-07-01 01:39:30','2013-03-09 18:57:35'),(78,'enim','2012-05-18 01:28:42','2019-07-20 18:33:12'),(79,'reprehenderit','2014-06-30 21:58:40','2019-05-15 04:05:53'),(80,'quo','2017-11-03 11:16:38','2011-07-13 00:50:10'),(81,'commodi','2011-11-14 12:58:21','2013-01-08 19:54:29'),(82,'facere','2014-07-05 11:04:59','2019-08-24 13:21:17'),(83,'architecto','2015-04-11 04:40:58','2010-09-08 01:21:26'),(84,'ad','2019-02-04 08:43:41','2012-01-11 15:09:00'),(85,'ullam','2019-05-17 07:57:00','2019-02-14 18:20:32'),(86,'voluptatum','2017-07-29 10:35:41','2010-12-14 15:18:07'),(87,'provident','2012-02-21 16:03:28','2018-01-11 17:24:56'),(88,'veritatis','2012-04-25 21:28:26','2013-05-01 15:55:06'),(89,'repellat','2016-09-09 18:26:05','2012-06-16 04:49:11'),(90,'laborum','2011-11-20 14:38:43','2018-07-24 05:18:33'),(91,'voluptas','2013-01-02 03:17:42','2017-08-17 10:22:21'),(92,'minima','2011-07-12 17:41:54','2014-04-18 22:46:31'),(93,'vel','2013-01-22 17:09:25','2014-05-20 00:15:03'),(94,'distinctio','2011-05-01 05:34:49','2012-07-05 18:53:39'),(95,'molestiae','2018-04-17 23:46:11','2011-10-31 23:34:05'),(96,'eos','2013-02-14 14:16:39','2012-02-26 04:24:59'),(97,'eius','2012-05-31 16:38:36','2011-12-30 07:44:37'),(98,'nostrum','2017-10-11 12:49:02','2014-12-06 15:46:26'),(99,'praesentium','2014-08-18 09:22:36','2020-01-31 23:59:37'),(100,'placeat','2017-06-13 01:47:58','2013-11-20 22:19:56');
/*!40000 ALTER TABLE `communities` ENABLE KEYS */;
UNLOCK TABLES;

--
-- Table structure for table `communities_users`
--

DROP TABLE IF EXISTS `communities_users`;
/*!40101 SET @saved_cs_client     = @@character_set_client */;
/*!40101 SET character_set_client = utf8 */;
CREATE TABLE `communities_users` (
  `community_id` int unsigned NOT NULL,
  `user_id` int unsigned NOT NULL,
  `created_at` datetime DEFAULT CURRENT_TIMESTAMP,
  PRIMARY KEY (`community_id`,`user_id`)
) ENGINE=InnoDB DEFAULT CHARSET=utf8 COLLATE=utf8_unicode_ci;
/*!40101 SET character_set_client = @saved_cs_client */;

--
-- Dumping data for table `communities_users`
--

LOCK TABLES `communities_users` WRITE;
/*!40000 ALTER TABLE `communities_users` DISABLE KEYS */;
INSERT INTO `communities_users` VALUES (1,1,'2011-12-13 01:32:29'),(2,2,'2019-11-06 03:36:49'),(3,3,'2019-09-08 17:20:11'),(4,4,'2018-12-15 04:59:44'),(5,5,'2017-10-15 07:17:44'),(6,6,'2011-10-18 09:24:04'),(7,7,'2011-08-14 02:46:15'),(8,8,'2013-03-21 16:19:16'),(9,9,'2013-11-08 22:55:46'),(10,10,'2011-09-27 07:52:49'),(11,11,'2014-03-11 17:47:28'),(12,12,'2013-10-22 01:46:48'),(13,13,'2012-11-09 10:31:24'),(14,14,'2016-12-31 11:48:44'),(15,15,'2013-03-12 01:02:13'),(16,16,'2011-02-15 15:37:11'),(17,17,'2012-03-31 02:37:53'),(18,18,'2020-03-16 16:51:11'),(19,19,'2015-05-09 14:20:50'),(20,20,'2010-12-09 09:21:34'),(21,21,'2020-07-26 14:35:51'),(22,22,'2012-01-13 16:50:49'),(23,23,'2014-09-24 12:30:41'),(24,24,'2019-06-11 23:20:30'),(25,25,'2014-09-04 11:59:54'),(26,26,'2017-12-15 06:54:11'),(27,27,'2016-09-07 15:26:54'),(28,28,'2020-07-17 08:30:20'),(29,29,'2015-03-13 00:52:12'),(30,30,'2019-02-03 00:48:54'),(31,31,'2012-01-07 03:42:38'),(32,32,'2012-11-15 01:21:53'),(33,33,'2015-12-18 10:40:57'),(34,34,'2015-07-22 12:27:13'),(35,35,'2020-01-28 21:30:14'),(36,36,'2018-02-19 01:28:31'),(37,37,'2014-08-09 11:38:15'),(38,38,'2015-02-05 18:09:34'),(39,39,'2018-12-18 19:32:38'),(40,40,'2012-04-25 23:02:19'),(41,41,'2013-02-18 16:10:34'),(42,42,'2017-07-08 21:17:25'),(43,43,'2012-11-20 17:43:03'),(44,44,'2014-10-07 19:21:28'),(45,45,'2013-06-02 22:00:01'),(46,46,'2019-08-24 20:25:56'),(47,47,'2016-06-26 01:34:56'),(48,48,'2019-05-07 15:37:03'),(49,49,'2018-09-28 10:59:18'),(50,50,'2012-09-30 14:30:56'),(51,51,'2017-11-26 19:48:49'),(52,52,'2011-02-13 11:03:43'),(53,53,'2011-12-16 06:37:47'),(54,54,'2014-03-13 07:31:12'),(55,55,'2018-04-12 16:05:19'),(56,56,'2010-12-29 02:35:41'),(57,57,'2013-10-12 04:26:24'),(58,58,'2017-01-15 10:05:29'),(59,59,'2019-03-03 23:02:15'),(60,60,'2012-05-18 06:34:38'),(61,61,'2013-11-26 12:40:47'),(62,62,'2014-05-23 10:02:35'),(63,63,'2020-07-05 11:50:56'),(64,64,'2011-11-20 06:19:28'),(65,65,'2012-08-26 15:22:08'),(66,66,'2018-12-17 13:16:46'),(67,67,'2013-09-29 22:00:26'),(68,68,'2013-08-14 16:00:34'),(69,69,'2010-11-29 06:55:59'),(70,70,'2014-12-28 01:09:46'),(71,71,'2015-10-08 02:58:21'),(72,72,'2013-01-11 22:07:47'),(73,73,'2017-10-01 05:29:51'),(74,74,'2016-01-08 19:57:29'),(75,75,'2018-01-18 09:11:08'),(76,76,'2015-09-03 11:42:15'),(77,77,'2015-02-19 16:18:10'),(78,78,'2014-10-13 05:52:34'),(79,79,'2018-06-10 18:12:33'),(80,80,'2018-02-13 07:59:02'),(81,81,'2014-05-13 12:20:44'),(82,82,'2013-07-03 02:16:58'),(83,83,'2017-08-10 21:42:15'),(84,84,'2018-06-12 01:03:23'),(85,85,'2019-08-25 11:03:52'),(86,86,'2017-06-04 17:16:06'),(87,87,'2017-04-24 12:54:33'),(88,88,'2016-05-08 02:56:04'),(89,89,'2016-03-28 11:25:15'),(90,90,'2015-02-25 07:36:59'),(91,91,'2010-09-06 03:11:41'),(92,92,'2016-01-07 02:13:25'),(93,93,'2018-05-02 04:58:00'),(94,94,'2014-10-20 16:57:51'),(95,95,'2019-12-07 15:27:58'),(96,96,'2013-04-13 12:50:12'),(97,97,'2016-08-05 21:09:11'),(98,98,'2016-03-07 17:53:08'),(99,99,'2012-12-10 12:42:55'),(100,100,'2010-11-27 17:32:24');
/*!40000 ALTER TABLE `communities_users` ENABLE KEYS */;
UNLOCK TABLES;

--
-- Table structure for table `friendship`
--

DROP TABLE IF EXISTS `friendship`;
/*!40101 SET @saved_cs_client     = @@character_set_client */;
/*!40101 SET character_set_client = utf8 */;
CREATE TABLE `friendship` (
  `user_id` int unsigned NOT NULL,
  `friend_id` int unsigned NOT NULL,
  `status_id` int unsigned NOT NULL,
  `requested_at` datetime DEFAULT CURRENT_TIMESTAMP,
  `confirmed_at` datetime DEFAULT NULL,
  `created_at` datetime DEFAULT CURRENT_TIMESTAMP,
  `updated_at` datetime DEFAULT CURRENT_TIMESTAMP ON UPDATE CURRENT_TIMESTAMP,
  PRIMARY KEY (`user_id`,`friend_id`)
) ENGINE=InnoDB DEFAULT CHARSET=utf8 COLLATE=utf8_unicode_ci;
/*!40101 SET character_set_client = @saved_cs_client */;

--
-- Dumping data for table `friendship`
--

LOCK TABLES `friendship` WRITE;
/*!40000 ALTER TABLE `friendship` DISABLE KEYS */;
INSERT INTO `friendship` VALUES (1,1,1,'2016-05-23 00:03:48','2010-09-13 04:53:28','2017-11-26 06:54:40','2015-02-28 19:55:14'),(2,2,2,'2020-02-02 06:55:09','2016-10-01 14:32:21','2010-10-03 19:22:03','2017-05-14 05:24:06'),(3,3,3,'2011-01-29 14:16:12','2013-01-31 05:40:20','2014-11-10 20:26:37','2011-09-06 01:25:02'),(4,4,4,'2019-12-25 05:37:51','2011-03-12 01:57:42','2013-07-10 22:45:46','2013-03-07 18:06:52'),(5,5,5,'2014-03-26 16:39:57','2011-08-27 22:12:37','2019-11-06 01:12:29','2015-04-27 16:10:00'),(6,6,6,'2017-10-13 20:27:51','2015-09-21 20:55:32','2018-06-07 03:50:06','2015-07-18 20:36:31'),(7,7,7,'2013-07-26 16:42:38','2020-07-06 10:06:32','2017-05-21 09:15:40','2019-11-23 04:28:37'),(8,8,8,'2010-12-05 18:31:13','2019-04-21 20:44:15','2018-04-24 12:05:28','2011-08-21 22:55:26'),(9,9,9,'2018-10-30 07:54:03','2020-06-25 09:21:58','2012-12-15 02:53:26','2020-02-10 12:13:27'),(10,10,10,'2017-09-10 09:46:37','2020-05-03 19:42:12','2019-04-20 04:15:19','2013-09-18 21:13:31'),(11,11,11,'2015-07-18 20:50:19','2015-03-22 11:14:24','2019-09-18 14:04:08','2019-01-28 00:36:36'),(12,12,12,'2015-03-20 13:22:09','2012-12-26 12:34:38','2014-04-04 20:14:20','2010-11-05 12:54:24'),(13,13,13,'2014-08-13 15:35:14','2010-11-24 20:36:54','2015-03-06 08:14:24','2013-11-11 16:10:07'),(14,14,14,'2020-02-07 04:44:37','2014-02-01 05:10:47','2017-05-16 14:08:12','2017-01-24 11:56:19'),(15,15,15,'2017-05-30 03:29:35','2015-01-12 02:45:52','2018-07-02 09:01:19','2013-03-29 07:50:41'),(16,16,16,'2016-01-02 22:35:17','2011-10-20 11:42:03','2018-03-04 08:24:42','2018-06-27 12:17:15'),(17,17,17,'2011-11-11 17:05:36','2012-11-28 00:25:42','2012-07-24 10:25:31','2020-05-07 20:37:15'),(18,18,18,'2017-09-06 21:16:24','2015-03-19 17:37:54','2020-05-10 05:24:07','2020-05-18 06:55:58'),(19,19,19,'2012-03-30 15:00:48','2018-05-28 23:20:12','2018-10-23 04:14:20','2017-10-17 02:35:02'),(20,20,20,'2018-05-07 05:57:13','2015-05-21 04:12:29','2012-07-13 03:27:10','2016-02-27 10:02:24'),(21,21,21,'2019-07-25 07:51:25','2017-10-18 04:43:43','2020-06-18 18:28:01','2013-12-30 20:45:07'),(22,22,22,'2013-02-24 08:38:21','2010-10-25 10:46:20','2011-08-01 01:28:49','2019-07-08 15:38:59'),(23,23,23,'2015-01-02 21:21:44','2016-05-04 08:36:35','2016-08-09 05:36:05','2017-06-30 02:20:09'),(24,24,24,'2013-06-20 20:09:45','2017-04-20 19:36:27','2017-02-15 04:30:37','2015-03-04 19:12:42'),(25,25,25,'2011-06-03 12:40:42','2012-07-12 10:35:44','2019-05-08 10:57:46','2020-05-11 11:57:49'),(26,26,26,'2015-09-13 04:35:12','2015-02-24 10:18:59','2014-04-08 00:42:15','2016-06-06 11:28:57'),(27,27,27,'2016-12-12 07:42:07','2018-02-17 01:57:42','2016-01-17 18:05:51','2018-05-01 16:49:31'),(28,28,28,'2013-03-21 18:17:34','2019-10-31 10:52:22','2015-06-10 19:51:14','2013-08-02 11:34:19'),(29,29,29,'2013-01-04 08:33:58','2019-12-08 06:14:59','2016-04-23 02:50:56','2011-06-04 09:28:53'),(30,30,30,'2018-08-26 18:43:15','2017-12-26 11:29:33','2013-03-07 07:37:00','2018-11-19 11:41:28'),(31,31,31,'2015-03-21 11:20:18','2014-01-18 01:56:17','2016-03-08 21:46:56','2018-05-18 01:35:23'),(32,32,32,'2013-09-09 09:11:56','2013-02-11 17:18:34','2020-06-19 06:04:06','2015-07-07 13:28:11'),(33,33,33,'2016-12-14 04:03:09','2015-04-08 01:10:26','2017-11-13 06:06:24','2019-11-11 02:33:38'),(34,34,34,'2019-12-09 16:11:10','2011-04-01 21:17:06','2016-05-25 01:10:27','2017-01-01 23:59:57'),(35,35,35,'2012-05-03 08:29:55','2014-10-01 09:10:19','2011-04-04 00:51:05','2015-08-24 05:21:56'),(36,36,36,'2011-11-11 00:03:44','2013-09-27 07:03:14','2020-02-05 21:02:31','2019-09-04 00:55:58'),(37,37,37,'2015-12-24 07:42:59','2012-12-02 09:22:40','2014-08-10 02:04:06','2011-12-22 20:08:35'),(38,38,38,'2019-04-01 00:30:07','2017-09-17 07:32:21','2015-02-11 11:43:50','2018-03-16 03:18:45'),(39,39,39,'2013-07-05 01:21:04','2016-05-30 10:44:04','2017-08-21 17:28:15','2015-07-24 18:00:43'),(40,40,40,'2015-04-05 10:10:38','2011-09-11 15:38:58','2016-06-26 06:16:30','2012-02-21 11:47:23'),(41,41,41,'2014-06-04 21:43:15','2019-08-07 08:21:56','2012-11-21 21:18:04','2011-05-23 09:56:51'),(42,42,42,'2020-02-22 07:31:51','2015-04-22 12:25:41','2016-08-18 20:49:57','2012-01-04 12:46:05'),(43,43,43,'2016-10-17 22:52:46','2018-10-19 00:23:54','2019-10-04 15:41:24','2014-02-25 02:37:03'),(44,44,44,'2014-09-12 23:00:14','2014-10-09 09:59:07','2019-05-23 21:37:14','2019-10-03 00:19:05'),(45,45,45,'2018-11-24 18:35:45','2019-02-17 15:29:09','2014-01-27 09:59:47','2011-11-17 11:57:27'),(46,46,46,'2011-10-01 14:44:02','2016-01-06 07:58:59','2011-03-14 06:34:47','2010-11-24 01:29:27'),(47,47,47,'2018-10-07 12:18:40','2018-11-26 05:33:22','2011-01-07 17:15:37','2019-02-08 05:57:39'),(48,48,48,'2016-07-14 18:44:18','2013-12-13 03:06:40','2011-04-28 12:51:19','2013-01-17 09:10:51'),(49,49,49,'2017-08-17 06:59:53','2011-05-04 22:50:01','2015-12-15 12:49:38','2010-11-19 14:46:46'),(50,50,50,'2015-12-15 15:38:26','2017-03-29 04:28:11','2013-03-15 18:33:44','2017-07-18 11:25:12'),(51,51,51,'2017-11-15 11:17:17','2011-12-28 14:41:07','2019-07-14 04:49:42','2013-10-18 12:16:21'),(52,52,52,'2014-08-11 11:20:49','2011-04-04 04:44:09','2018-01-06 10:41:57','2014-11-30 11:53:20'),(53,53,53,'2020-06-15 09:44:24','2017-11-26 10:10:07','2010-11-02 07:14:09','2016-02-18 06:00:44'),(54,54,54,'2019-10-27 13:00:26','2014-02-21 09:56:48','2011-10-19 22:42:53','2016-08-04 18:51:39'),(55,55,55,'2018-03-22 02:07:42','2020-01-26 04:33:51','2014-08-30 02:16:36','2016-10-27 10:09:03'),(56,56,56,'2020-08-17 13:00:15','2017-04-25 16:55:06','2016-03-21 15:41:55','2012-07-26 18:27:00'),(57,57,57,'2019-02-19 17:25:25','2019-04-19 07:35:59','2019-07-01 05:42:14','2016-11-03 18:09:44'),(58,58,58,'2013-10-03 18:19:08','2020-01-03 11:55:39','2016-03-30 21:46:19','2017-10-12 17:23:29'),(59,59,59,'2012-07-07 08:44:32','2017-01-08 00:57:35','2011-06-02 01:56:36','2015-08-25 04:05:59'),(60,60,60,'2017-03-30 22:14:37','2015-03-25 04:16:28','2018-04-26 06:30:25','2010-12-18 04:50:56'),(61,61,61,'2011-08-04 19:22:54','2020-08-13 17:43:13','2011-12-12 23:02:39','2014-12-26 04:23:31'),(62,62,62,'2011-05-17 10:02:46','2015-01-17 15:01:34','2011-11-25 20:51:13','2014-09-12 05:15:31'),(63,63,63,'2019-05-25 16:15:07','2011-03-20 00:44:15','2016-12-12 01:39:48','2017-04-29 12:45:55'),(64,64,64,'2014-09-25 02:21:54','2019-01-30 04:36:54','2015-12-05 04:43:58','2013-11-11 23:58:54'),(65,65,65,'2020-07-30 15:21:19','2017-04-01 18:20:01','2013-04-27 08:27:01','2015-07-14 21:02:56'),(66,66,66,'2015-07-15 05:27:34','2020-01-24 22:36:44','2011-06-25 01:10:38','2016-01-22 22:20:07'),(67,67,67,'2011-01-23 04:07:37','2018-05-05 07:38:54','2013-09-25 02:34:37','2011-06-09 19:15:07'),(68,68,68,'2017-01-18 07:59:16','2011-11-18 16:58:58','2019-04-30 18:05:40','2012-09-11 10:12:06'),(69,69,69,'2019-09-21 04:50:17','2013-12-06 21:55:36','2011-01-11 14:48:33','2011-08-04 02:51:45'),(70,70,70,'2015-05-23 12:16:51','2018-09-21 04:34:48','2017-01-14 16:36:34','2013-10-23 21:01:08'),(71,71,71,'2013-02-08 17:54:39','2016-07-18 01:15:53','2015-02-06 03:04:20','2017-05-18 13:54:05'),(72,72,72,'2012-11-02 04:23:28','2012-03-19 15:08:13','2015-08-04 12:34:43','2019-06-12 01:40:55'),(73,73,73,'2015-06-08 19:15:26','2020-08-01 09:23:29','2018-12-12 01:31:32','2013-08-11 19:37:56'),(74,74,74,'2019-12-15 20:01:10','2013-12-08 11:28:52','2016-06-20 23:03:44','2016-05-28 20:36:41'),(75,75,75,'2013-03-14 16:22:34','2016-06-27 10:13:49','2013-09-15 10:56:35','2017-05-20 21:36:06'),(76,76,76,'2019-12-16 12:31:31','2015-06-13 19:48:41','2019-02-02 19:05:45','2014-12-18 14:50:32'),(77,77,77,'2013-10-30 21:19:50','2011-01-31 18:04:51','2014-08-24 08:50:25','2016-12-03 18:05:15'),(78,78,78,'2013-04-05 14:21:55','2013-08-05 20:16:19','2011-04-08 01:36:26','2010-11-09 18:17:24'),(79,79,79,'2015-02-04 21:45:58','2018-07-06 09:15:14','2017-05-05 08:40:08','2014-06-30 13:46:31'),(80,80,80,'2017-03-11 18:31:23','2016-08-07 17:52:18','2015-10-11 03:35:05','2014-05-31 02:55:48'),(81,81,81,'2015-02-12 04:42:19','2015-07-16 18:06:13','2012-12-21 19:19:38','2012-07-28 06:22:41'),(82,82,82,'2020-06-11 16:02:56','2014-03-19 22:17:54','2013-07-27 13:17:53','2012-11-25 16:43:16'),(83,83,83,'2016-12-05 08:11:49','2013-01-14 11:02:31','2017-04-22 00:15:50','2016-03-21 11:19:22'),(84,84,84,'2020-06-04 07:48:23','2014-11-29 00:10:38','2010-10-15 00:40:22','2019-09-16 08:07:45'),(85,85,85,'2019-04-12 03:37:05','2012-01-15 04:22:44','2015-07-25 20:05:22','2013-02-25 14:21:05'),(86,86,86,'2011-03-01 21:12:57','2017-06-17 12:39:07','2015-09-23 00:10:52','2012-09-29 00:07:49'),(87,87,87,'2015-11-18 02:37:31','2011-10-15 12:40:08','2017-01-10 16:06:20','2015-10-22 00:18:21'),(88,88,88,'2017-10-30 08:04:00','2012-11-25 22:52:46','2012-05-07 18:32:58','2019-11-10 03:53:21'),(89,89,89,'2016-09-20 14:21:26','2018-04-17 09:12:41','2012-01-24 20:10:03','2016-03-24 01:59:03'),(90,90,90,'2015-10-29 00:29:57','2011-03-08 13:21:19','2010-12-03 09:16:15','2010-08-22 05:51:21'),(91,91,91,'2017-05-26 04:04:38','2017-06-10 18:22:28','2015-03-25 10:55:49','2013-11-18 18:33:15'),(92,92,92,'2017-06-08 15:33:34','2018-03-18 03:24:53','2013-09-29 13:48:46','2019-12-29 10:39:13'),(93,93,93,'2015-01-09 02:01:42','2015-09-05 19:33:47','2018-01-10 14:12:25','2016-12-07 01:54:14'),(94,94,94,'2019-09-23 08:24:43','2016-03-11 09:38:55','2011-08-29 15:23:57','2019-07-13 20:26:09'),(95,95,95,'2019-11-21 04:48:48','2016-09-21 03:15:49','2011-08-22 05:43:35','2015-02-28 05:29:34'),(96,96,96,'2014-04-13 06:24:23','2010-09-21 15:39:34','2016-11-11 18:56:14','2011-05-24 20:27:31'),(97,97,97,'2011-12-21 08:47:52','2019-06-16 17:22:14','2013-04-08 12:30:09','2014-10-28 05:34:42'),(98,98,98,'2014-10-02 12:36:40','2010-10-27 20:58:24','2013-08-11 04:34:10','2015-03-18 20:06:44'),(99,99,99,'2010-09-27 02:26:55','2016-04-22 17:09:16','2015-05-18 01:02:45','2011-08-05 07:31:18'),(100,100,100,'2012-12-01 09:32:21','2011-01-29 22:38:02','2019-12-27 05:55:32','2017-05-05 12:29:14');
/*!40000 ALTER TABLE `friendship` ENABLE KEYS */;
UNLOCK TABLES;

--
-- Table structure for table `friendship_statuses`
--

DROP TABLE IF EXISTS `friendship_statuses`;
/*!40101 SET @saved_cs_client     = @@character_set_client */;
/*!40101 SET character_set_client = utf8 */;
CREATE TABLE `friendship_statuses` (
  `id` int unsigned NOT NULL AUTO_INCREMENT,
  `name` varchar(150) CHARACTER SET utf8 COLLATE utf8_unicode_ci NOT NULL,
  `created_at` datetime DEFAULT CURRENT_TIMESTAMP,
  `updated_at` datetime DEFAULT CURRENT_TIMESTAMP ON UPDATE CURRENT_TIMESTAMP,
  PRIMARY KEY (`id`),
  UNIQUE KEY `name` (`name`)
) ENGINE=InnoDB AUTO_INCREMENT=101 DEFAULT CHARSET=utf8 COLLATE=utf8_unicode_ci;
/*!40101 SET character_set_client = @saved_cs_client */;

--
-- Dumping data for table `friendship_statuses`
--

LOCK TABLES `friendship_statuses` WRITE;
/*!40000 ALTER TABLE `friendship_statuses` DISABLE KEYS */;
INSERT INTO `friendship_statuses` VALUES (1,'nostrum','2012-11-10 06:15:22','2016-01-01 09:59:56'),(2,'incidunt','2013-05-21 15:48:09','2019-10-09 02:31:31'),(3,'qui','2018-03-15 16:00:47','2019-09-14 09:27:32'),(4,'magni','2017-10-12 00:43:16','2013-03-17 20:12:30'),(5,'vitae','2020-04-21 14:21:51','2020-02-24 22:56:38'),(6,'maxime','2014-08-09 20:53:33','2019-07-27 20:11:34'),(7,'deleniti','2018-04-20 11:12:32','2014-11-29 02:39:54'),(8,'architecto','2013-09-05 02:54:51','2014-08-03 03:58:41'),(9,'et','2016-01-25 19:53:53','2014-07-20 04:14:20'),(10,'saepe','2019-12-21 00:35:09','2012-11-02 14:04:37'),(11,'dolorem','2015-02-09 13:33:23','2017-02-06 18:51:54'),(12,'ut','2011-07-10 00:59:10','2012-03-05 10:44:37'),(13,'adipisci','2011-11-05 22:48:56','2017-02-06 06:48:25'),(14,'sit','2020-04-16 20:54:09','2013-07-31 20:37:16'),(15,'fuga','2020-06-15 17:50:57','2017-01-12 16:49:25'),(16,'ipsum','2011-08-17 12:42:30','2013-08-12 20:22:10'),(17,'accusantium','2018-10-03 22:14:19','2017-02-16 22:49:54'),(18,'suscipit','2017-11-08 23:10:56','2014-03-09 05:32:36'),(19,'totam','2019-06-10 11:40:03','2013-11-22 12:14:52'),(20,'reiciendis','2019-04-12 13:14:35','2014-05-20 07:22:38'),(21,'accusamus','2018-12-07 14:39:56','2012-01-19 15:24:19'),(22,'asperiores','2013-08-28 16:41:52','2019-01-26 16:24:26'),(23,'mollitia','2019-10-31 01:11:52','2016-03-27 11:39:46'),(24,'dolor','2019-08-24 22:34:13','2018-05-01 19:53:37'),(25,'laudantium','2011-07-23 09:23:20','2014-10-14 18:06:43'),(26,'itaque','2017-11-26 12:13:24','2017-11-17 12:40:44'),(27,'veritatis','2012-04-01 03:07:47','2018-06-05 10:40:56'),(28,'labore','2013-11-26 19:50:59','2017-04-07 06:04:52'),(29,'tempora','2017-05-11 04:35:41','2019-04-20 11:49:47'),(30,'minima','2012-09-11 02:18:50','2015-11-06 16:09:01'),(31,'vero','2013-07-30 18:56:15','2014-04-22 09:47:10'),(32,'aut','2015-09-17 15:45:25','2015-06-03 19:15:42'),(33,'fugit','2012-02-25 09:01:52','2015-05-16 16:11:52'),(34,'possimus','2011-06-24 20:10:49','2019-11-22 16:27:42'),(35,'rerum','2010-10-07 09:23:16','2014-07-02 11:37:55'),(36,'omnis','2015-07-25 09:40:57','2012-11-19 11:25:15'),(37,'explicabo','2020-07-27 02:17:27','2012-11-08 15:35:44'),(38,'laboriosam','2016-03-13 23:14:47','2020-01-27 14:19:34'),(39,'voluptas','2013-06-08 17:39:52','2013-01-09 18:54:25'),(40,'dicta','2016-09-13 01:38:32','2014-11-22 19:25:04'),(41,'maiores','2018-01-11 10:50:41','2018-12-13 05:14:47'),(42,'voluptatem','2011-06-12 05:58:49','2018-12-30 04:59:28'),(43,'sequi','2011-03-05 09:32:51','2017-01-24 07:43:00'),(44,'voluptates','2014-06-18 00:57:35','2010-09-01 12:31:53'),(45,'perspiciatis','2018-01-26 02:23:46','2020-06-10 16:45:38'),(46,'animi','2018-10-19 20:33:56','2012-09-01 23:05:55'),(47,'officiis','2015-06-18 01:56:28','2012-01-15 05:21:39'),(48,'eum','2016-10-21 23:42:22','2015-01-17 14:11:34'),(49,'cum','2014-01-17 03:24:00','2017-05-03 12:44:07'),(50,'repellendus','2017-11-04 10:02:13','2014-12-17 13:23:44'),(51,'doloremque','2012-03-23 21:33:32','2017-01-27 09:57:38'),(52,'quas','2015-07-29 16:42:43','2017-06-19 00:04:18'),(53,'minus','2010-11-30 14:45:49','2019-11-17 21:15:17'),(54,'ducimus','2012-12-12 19:00:56','2014-12-03 05:34:44'),(55,'error','2011-03-14 23:53:32','2017-11-29 21:07:16'),(56,'tenetur','2011-08-16 09:57:06','2012-09-27 14:57:01'),(57,'quam','2012-05-30 21:41:49','2018-02-23 20:34:19'),(58,'quisquam','2011-05-08 06:42:31','2011-03-22 16:45:13'),(59,'soluta','2015-03-18 14:27:11','2015-08-23 13:46:31'),(60,'aperiam','2017-03-04 12:03:27','2018-12-25 17:24:46'),(61,'in','2019-05-27 18:26:21','2014-05-08 18:26:19'),(62,'corporis','2020-04-12 05:40:56','2020-01-29 06:19:02'),(63,'alias','2011-03-15 08:56:29','2013-10-12 18:23:18'),(64,'enim','2011-08-06 04:48:29','2018-01-11 00:18:41'),(65,'culpa','2012-04-01 02:24:09','2011-09-04 01:47:08'),(66,'autem','2013-10-20 15:53:12','2010-09-21 08:55:00'),(67,'earum','2014-07-12 22:57:53','2013-06-15 17:30:24'),(68,'sed','2013-03-06 17:21:09','2019-01-20 02:46:14'),(69,'ea','2011-07-11 21:39:16','2017-04-24 05:02:32'),(70,'deserunt','2017-06-13 22:24:23','2018-02-27 21:22:32'),(71,'sint','2015-08-04 05:20:14','2019-12-11 15:27:23'),(72,'sapiente','2016-05-24 20:46:46','2016-08-11 05:33:27'),(73,'assumenda','2011-06-16 10:14:41','2011-02-14 18:37:53'),(74,'molestias','2016-09-07 12:56:28','2010-12-27 04:19:25'),(75,'odit','2016-06-06 01:44:07','2018-08-05 06:06:15'),(76,'molestiae','2011-06-07 00:41:59','2011-12-18 21:35:32'),(77,'ratione','2020-02-26 01:42:47','2014-02-21 12:10:11'),(78,'quasi','2018-09-09 13:49:56','2013-12-27 02:37:33'),(79,'nobis','2012-01-09 01:41:56','2016-10-28 02:48:21'),(80,'porro','2012-08-26 20:41:07','2013-09-03 20:24:24'),(81,'voluptatum','2019-04-06 15:45:45','2018-08-10 11:57:15'),(82,'ipsam','2015-06-24 06:45:52','2013-02-01 17:12:22'),(83,'tempore','2018-04-22 15:31:03','2015-11-22 20:28:45'),(84,'non','2011-05-22 11:42:03','2010-12-29 14:34:44'),(85,'hic','2020-01-16 16:26:40','2020-02-25 23:36:53'),(86,'provident','2010-12-01 17:52:31','2012-11-28 10:05:50'),(87,'repudiandae','2016-06-02 13:01:48','2020-04-12 04:47:47'),(88,'inventore','2018-06-24 02:21:23','2018-06-25 08:05:15'),(89,'iure','2013-05-27 02:46:39','2015-03-05 16:58:15'),(90,'cupiditate','2011-06-17 06:54:01','2013-11-11 06:49:17'),(91,'reprehenderit','2018-04-19 18:11:36','2017-12-29 09:52:45'),(92,'dolore','2020-03-16 08:34:22','2019-01-18 13:17:46'),(93,'quos','2017-02-28 08:50:39','2013-01-26 21:18:45'),(94,'quia','2011-09-08 23:03:06','2018-08-16 02:53:18'),(95,'illum','2012-02-09 15:11:07','2015-09-25 15:18:09'),(96,'ullam','2014-07-24 20:35:07','2012-07-03 11:09:04'),(97,'ab','2019-04-28 00:56:21','2012-05-01 03:09:02'),(98,'vel','2018-09-08 12:35:16','2020-03-05 08:57:41'),(99,'velit','2011-10-19 01:08:37','2010-10-28 19:10:07'),(100,'est','2019-12-13 20:41:25','2019-10-20 09:36:54');
/*!40000 ALTER TABLE `friendship_statuses` ENABLE KEYS */;
UNLOCK TABLES;

--
-- Table structure for table `media`
--

DROP TABLE IF EXISTS `media`;
/*!40101 SET @saved_cs_client     = @@character_set_client */;
/*!40101 SET character_set_client = utf8 */;
CREATE TABLE `media` (
  `id` int unsigned NOT NULL AUTO_INCREMENT,
  `user_id` int unsigned NOT NULL,
  `filename` varchar(255) CHARACTER SET utf8 COLLATE utf8_unicode_ci NOT NULL,
  `size` int NOT NULL,
  `metadata` longtext CHARACTER SET utf8mb4 COLLATE utf8mb4_bin,
  `media_type_id` int unsigned NOT NULL,
  `created_at` datetime DEFAULT CURRENT_TIMESTAMP,
  `updated_at` datetime DEFAULT CURRENT_TIMESTAMP ON UPDATE CURRENT_TIMESTAMP,
  PRIMARY KEY (`id`),
  CONSTRAINT `media_chk_1` CHECK (json_valid(`metadata`))
) ENGINE=InnoDB AUTO_INCREMENT=190 DEFAULT CHARSET=utf8 COLLATE=utf8_unicode_ci;
/*!40101 SET character_set_client = @saved_cs_client */;

--
-- Dumping data for table `media`
--

LOCK TABLES `media` WRITE;
/*!40000 ALTER TABLE `media` DISABLE KEYS */;
INSERT INTO `media` VALUES (101,1,'odio',940936,'7658',1,'2011-04-28 11:49:12','2013-06-30 05:10:19'),(102,2,'voluptas',6681878,'2110300',2,'2014-07-28 07:38:54','2019-11-23 14:30:10'),(103,3,'voluptatem',5805710,'7',3,'2019-10-01 18:37:48','2015-02-10 15:05:04'),(104,5,'doloremque',2738892,'39266',5,'2012-09-06 05:40:27','2012-12-13 21:07:41'),(105,6,'soluta',31591302,'595',6,'2015-10-24 14:34:59','2012-08-05 00:19:49'),(106,7,'ad',9864629,'75412',7,'2016-01-28 02:49:20','2018-09-29 12:59:57'),(107,8,'perspiciatis',867903,'3660',8,'2016-03-07 01:55:55','2017-11-16 19:11:29'),(108,9,'iure',3713406,'76118',9,'2013-01-18 04:50:33','2016-02-23 17:17:35'),(109,10,'consequatur',976,'9079098',10,'2018-08-12 18:48:50','2016-12-04 10:08:39'),(110,11,'ipsam',1837,'926173',11,'2018-11-25 11:20:09','2011-08-30 10:40:57'),(111,12,'quia',1873,'15292',12,'2016-03-22 02:55:49','2019-03-09 02:05:21'),(112,15,'delectus',710,'200688178',15,'2013-08-30 01:52:28','2019-01-21 02:08:53'),(113,16,'fuga',91293921,'315',16,'2011-02-17 20:14:00','2016-09-05 14:46:50'),(114,17,'laboriosam',2,'778754',17,'2018-05-31 13:06:51','2014-11-30 14:04:04'),(115,18,'enim',428270343,'30',18,'2011-12-03 21:48:41','2016-12-13 23:27:07'),(116,20,'fugit',4931770,'434192',20,'2015-06-22 18:44:08','2010-10-16 01:11:12'),(117,21,'repellendus',6493,'45876132',21,'2017-12-15 11:18:57','2019-04-25 14:56:31'),(118,22,'reiciendis',0,'64259947',22,'2019-02-06 05:22:35','2011-02-17 14:12:20'),(119,23,'et',76,'301147',23,'2017-04-21 16:35:30','2015-01-19 12:36:43'),(120,24,'repudiandae',36533,'9734',24,'2012-03-31 17:52:42','2016-03-09 19:15:08'),(121,25,'soluta',77,'157232',25,'2015-06-10 12:42:12','2011-02-23 20:37:33'),(122,26,'similique',64,'46442254',26,'2015-09-16 03:47:47','2016-12-31 14:01:39'),(123,27,'voluptas',2185,'9',27,'2012-03-20 23:47:49','2014-10-09 22:23:18'),(124,28,'nesciunt',0,'18474',28,'2014-04-12 15:13:17','2020-08-13 05:15:30'),(125,29,'ea',851434401,'377',29,'2019-03-11 15:15:15','2014-08-23 02:15:41'),(126,30,'sed',584,'42322770',30,'2012-12-02 18:12:04','2020-06-06 21:05:58'),(127,31,'necessitatibus',713,'82154638',31,'2016-05-21 12:38:59','2012-04-04 11:59:04'),(128,32,'nihil',4747,'30029',32,'2018-01-31 05:32:10','2012-03-19 07:44:20'),(129,33,'quia',3790,'62',33,'2012-02-28 06:40:00','2014-01-27 13:47:02'),(130,34,'repellendus',0,'92378',34,'2012-09-25 18:07:10','2020-03-11 09:42:46'),(131,35,'delectus',290929313,'2930',35,'2015-12-17 19:41:57','2012-04-14 04:20:35'),(132,36,'ut',7,'774',36,'2019-05-27 08:57:54','2017-07-24 06:21:14'),(133,37,'nihil',4,'7472938',37,'2019-09-27 18:21:50','2020-07-31 13:49:29'),(134,39,'ut',7500,'187391189',39,'2019-05-09 15:45:37','2012-12-05 11:49:06'),(135,40,'beatae',520,'4715',40,'2012-05-21 16:55:11','2012-02-20 02:03:57'),(136,41,'placeat',8,'91',41,'2014-07-14 13:05:52','2017-03-23 04:09:51'),(137,42,'et',0,'64307',42,'2014-08-12 02:17:42','2015-08-09 14:53:28'),(138,43,'similique',570425,'326087528',43,'2016-12-12 11:24:02','2019-05-02 03:26:38'),(139,44,'aliquid',0,'7263062',44,'2012-05-23 10:47:21','2013-10-18 14:17:24'),(140,46,'suscipit',40215,'972436128',46,'2012-05-17 16:28:59','2015-01-18 03:40:48'),(141,47,'voluptas',68097,'8202',47,'2020-02-21 19:47:34','2011-04-29 07:05:25'),(142,48,'rem',1625868,'63',48,'2018-02-14 01:25:53','2014-11-11 18:23:18'),(143,49,'dignissimos',21413,'93194',49,'2019-12-29 15:19:49','2014-01-27 02:01:32'),(144,51,'molestias',57,'7954071',51,'2014-08-09 19:18:23','2012-03-23 05:51:54'),(145,52,'velit',7,'7',52,'2014-10-15 01:16:46','2013-06-09 07:04:45'),(146,53,'eum',46173322,'132',53,'2018-04-21 23:54:15','2013-06-28 18:29:29'),(147,54,'velit',62,'94',54,'2010-10-23 18:58:38','2016-09-12 06:18:28'),(148,55,'accusantium',70,'9355439',55,'2017-01-15 11:43:27','2015-10-18 12:44:52'),(149,56,'eos',0,'13114274',56,'2017-04-10 21:56:41','2018-07-09 01:33:20'),(150,57,'sapiente',6087,'3877',57,'2014-07-23 04:28:11','2016-10-15 17:05:40'),(151,58,'optio',42019,'845829',58,'2014-02-20 16:07:30','2012-07-21 02:59:29'),(152,59,'dolores',645558,'979903046',59,'2019-06-26 02:26:05','2017-04-26 08:49:32'),(153,60,'quo',9592,'54314',60,'2012-08-25 04:06:20','2018-04-07 15:43:20'),(154,61,'suscipit',980377,'1073286',61,'2014-08-07 19:21:33','2011-10-28 03:52:48'),(155,62,'doloremque',824264139,'4870',62,'2017-05-25 06:51:42','2010-08-19 20:42:45'),(156,64,'sit',567735815,'336477577',64,'2020-06-19 07:24:19','2019-05-03 10:51:08'),(157,65,'unde',1825,'916795',65,'2012-06-23 07:29:14','2015-02-18 12:31:30'),(158,67,'nulla',0,'65050487',67,'2016-02-27 06:00:06','2013-07-18 18:56:46'),(159,68,'totam',0,'147719',68,'2016-01-28 20:42:11','2016-12-09 12:34:01'),(160,69,'ratione',9978207,'13990952',69,'2014-06-29 01:25:23','2018-07-31 07:26:52'),(161,70,'consequatur',1923,'57882',70,'2016-02-23 17:13:30','2020-06-19 03:53:36'),(162,71,'aspernatur',0,'199842',71,'2018-11-24 23:28:52','2016-09-23 04:03:32'),(163,72,'exercitationem',0,'837634',72,'2014-10-27 06:14:08','2018-05-17 02:16:46'),(164,73,'at',312445201,'9',73,'2013-08-21 09:06:38','2015-09-27 22:07:55'),(165,74,'dignissimos',5,'35202',74,'2013-04-07 08:02:04','2012-11-07 23:39:05'),(166,75,'molestiae',97,'3',75,'2016-07-13 20:38:51','2018-05-11 04:30:03'),(167,76,'nulla',90121682,'972913',76,'2016-01-19 01:25:44','2017-04-18 20:24:23'),(168,78,'sunt',383721,'6956625',78,'2013-01-09 00:36:02','2014-11-25 23:28:01'),(169,79,'incidunt',8023346,'664606',79,'2014-08-05 02:15:02','2017-10-07 20:49:48'),(170,80,'deleniti',52748499,'68956',80,'2018-04-12 13:16:44','2013-12-18 04:15:03'),(171,81,'ut',4629,'218900',81,'2012-01-31 10:56:32','2020-05-18 02:49:50'),(172,82,'quia',534,'1492',82,'2020-05-26 14:58:28','2020-08-08 04:47:26'),(173,83,'consectetur',497152895,'8648961',83,'2016-10-21 01:12:32','2016-11-21 19:13:12'),(174,84,'cupiditate',8,'9799',84,'2014-02-15 07:33:00','2017-06-21 15:10:33'),(175,85,'quod',1,'417',85,'2013-09-27 16:35:58','2020-04-17 15:57:30'),(176,86,'non',0,'131254537',86,'2015-07-13 14:30:49','2019-10-02 16:46:59'),(177,87,'sint',5273,'598619',87,'2012-04-05 06:37:11','2020-04-18 08:03:23'),(178,88,'voluptatum',170776757,'515',88,'2014-09-30 10:39:20','2013-09-08 06:52:18'),(179,89,'qui',53193890,'86344424',89,'2020-03-20 13:18:16','2019-03-27 12:25:26'),(180,90,'eius',3,'13',90,'2017-07-27 15:37:06','2012-03-20 03:34:48'),(181,91,'culpa',862,'7752259',91,'2016-02-04 05:30:19','2014-06-26 22:30:38'),(182,93,'similique',26,'61387988',93,'2016-07-03 12:44:50','2012-09-16 15:56:09'),(183,94,'tempore',63474584,'760',94,'2013-10-30 00:38:13','2013-07-02 07:18:04'),(184,95,'et',0,'2301',95,'2019-03-07 15:11:09','2012-10-08 16:33:44'),(185,96,'sit',38972,'9897',96,'2015-12-03 17:40:49','2016-01-22 03:54:56'),(186,97,'facilis',468493,'5587145',97,'2015-06-16 13:08:53','2018-05-09 11:15:46'),(187,98,'sunt',36741,'7948341',98,'2015-03-03 05:11:30','2016-08-16 18:18:01'),(188,99,'repellendus',843034220,'41346883',99,'2013-12-31 17:03:03','2015-10-21 23:58:40'),(189,100,'corrupti',339843,'95395',100,'2018-08-15 19:23:01','2018-10-31 21:44:46');
/*!40000 ALTER TABLE `media` ENABLE KEYS */;
UNLOCK TABLES;

--
-- Table structure for table `media_types`
--

DROP TABLE IF EXISTS `media_types`;
/*!40101 SET @saved_cs_client     = @@character_set_client */;
/*!40101 SET character_set_client = utf8 */;
CREATE TABLE `media_types` (
  `id` int unsigned NOT NULL AUTO_INCREMENT,
  `name` varchar(255) CHARACTER SET utf8 COLLATE utf8_unicode_ci NOT NULL,
  `created_at` datetime DEFAULT CURRENT_TIMESTAMP,
  `updated_at` datetime DEFAULT CURRENT_TIMESTAMP ON UPDATE CURRENT_TIMESTAMP,
  PRIMARY KEY (`id`),
  UNIQUE KEY `name` (`name`)
) ENGINE=InnoDB AUTO_INCREMENT=101 DEFAULT CHARSET=utf8 COLLATE=utf8_unicode_ci;
/*!40101 SET character_set_client = @saved_cs_client */;

--
-- Dumping data for table `media_types`
--

LOCK TABLES `media_types` WRITE;
/*!40000 ALTER TABLE `media_types` DISABLE KEYS */;
INSERT INTO `media_types` VALUES (1,'asperiores','2017-01-12 05:58:50','2019-01-19 12:30:38'),(2,'quibusdam','2019-06-15 03:51:02','2013-08-17 07:02:03'),(3,'quos','2015-12-14 02:06:23','2020-05-04 22:38:12'),(4,'eius','2011-03-09 02:24:59','2015-04-03 00:31:16'),(5,'laudantium','2017-01-01 11:37:11','2018-01-25 03:39:54'),(6,'tenetur','2012-10-09 16:00:52','2015-04-27 00:23:10'),(7,'et','2010-12-10 16:11:14','2014-05-07 07:31:00'),(8,'voluptatem','2011-12-28 21:15:51','2014-06-18 14:17:10'),(9,'consequatur','2018-06-29 15:17:11','2018-06-22 09:29:57'),(10,'dolorem','2018-06-29 10:04:19','2011-09-20 12:14:21'),(11,'quas','2017-02-05 08:44:02','2016-10-14 04:53:52'),(12,'corporis','2018-07-05 09:42:30','2016-04-07 07:26:06'),(13,'qui','2019-07-21 13:59:59','2012-02-18 13:02:37'),(14,'at','2015-11-22 11:50:56','2011-07-12 09:15:38'),(15,'nihil','2019-08-31 08:56:23','2017-02-14 12:02:44'),(16,'amet','2012-12-27 11:26:58','2012-01-16 08:03:38'),(17,'totam','2014-11-24 17:00:24','2020-05-26 07:13:24'),(18,'voluptatibus','2015-11-17 05:45:56','2019-05-18 08:20:09'),(19,'cumque','2017-11-29 05:57:29','2012-10-07 17:12:32'),(20,'voluptas','2015-04-26 22:31:06','2013-01-15 07:59:16'),(21,'nam','2012-07-22 14:55:06','2013-12-02 16:47:50'),(22,'autem','2013-12-09 11:28:25','2014-05-07 18:25:24'),(23,'quo','2013-04-20 21:26:16','2017-01-07 22:26:37'),(24,'vel','2015-11-16 08:49:48','2018-06-12 17:22:33'),(25,'dolor','2012-01-16 00:01:49','2010-08-24 14:38:24'),(26,'adipisci','2014-01-07 11:16:31','2016-09-08 07:26:17'),(27,'commodi','2014-03-22 23:11:24','2016-01-21 15:32:17'),(28,'assumenda','2010-09-16 13:52:56','2014-06-18 01:43:58'),(29,'veritatis','2012-02-17 08:36:48','2015-10-25 04:54:37'),(30,'odio','2020-02-06 11:16:01','2014-03-22 07:47:45'),(31,'earum','2015-03-18 13:24:03','2020-04-10 00:47:57'),(32,'aut','2012-03-10 20:18:23','2020-08-01 20:47:42'),(33,'nisi','2012-07-06 09:24:08','2014-08-15 01:06:18'),(34,'facere','2017-04-04 05:13:12','2015-10-01 21:23:22'),(35,'maxime','2016-09-13 23:34:32','2019-09-26 10:20:19'),(36,'sapiente','2012-01-20 21:38:17','2014-08-03 12:20:40'),(37,'odit','2014-12-23 18:02:37','2014-11-18 16:49:58'),(38,'quia','2015-09-16 14:39:47','2013-06-27 19:22:38'),(39,'in','2016-04-24 00:32:52','2012-04-06 07:45:19'),(40,'molestias','2014-10-08 13:53:50','2019-02-12 08:21:52'),(41,'ut','2012-05-09 00:16:00','2017-05-08 11:01:38'),(42,'inventore','2020-01-31 23:56:56','2010-10-15 08:12:40'),(43,'accusamus','2012-07-12 07:12:56','2011-05-23 09:03:46'),(44,'excepturi','2016-06-26 13:53:48','2019-10-03 01:28:24'),(45,'rem','2013-06-12 00:59:33','2014-07-14 16:41:01'),(46,'labore','2011-07-12 05:36:30','2015-11-17 22:56:58'),(47,'ab','2013-02-13 11:02:41','2012-09-02 08:38:43'),(48,'exercitationem','2015-12-19 10:59:47','2020-04-24 05:37:24'),(49,'corrupti','2017-01-07 07:07:30','2016-03-19 20:38:40'),(50,'vitae','2014-11-10 10:41:39','2015-05-10 19:15:41'),(51,'ipsam','2013-06-23 19:47:52','2019-06-20 18:19:19'),(52,'fuga','2018-04-27 14:25:44','2015-11-26 01:47:57'),(53,'incidunt','2012-12-11 11:53:47','2013-05-25 19:58:17'),(54,'repellendus','2016-03-05 04:58:40','2014-05-04 07:12:33'),(55,'ea','2010-09-29 23:31:09','2016-12-15 13:55:36'),(56,'quidem','2017-05-23 06:04:06','2019-12-05 14:04:06'),(57,'pariatur','2012-03-09 06:21:40','2016-02-17 06:08:21'),(58,'rerum','2013-09-22 00:28:52','2010-09-24 07:24:11'),(59,'non','2014-08-28 14:27:33','2020-02-07 17:45:47'),(60,'libero','2017-06-22 23:24:13','2014-07-18 08:47:51'),(61,'impedit','2017-07-28 12:40:31','2019-10-12 05:07:58'),(62,'necessitatibus','2013-05-22 13:57:46','2014-10-20 01:33:25'),(63,'ratione','2015-09-27 23:38:14','2019-08-20 16:28:32'),(64,'magnam','2011-08-14 06:19:04','2013-12-24 13:07:16'),(65,'hic','2018-09-23 03:30:31','2011-02-06 20:06:34'),(66,'explicabo','2016-11-01 14:06:20','2019-07-04 20:08:12'),(67,'officiis','2012-08-26 13:10:52','2011-12-29 16:16:52'),(68,'architecto','2017-09-22 04:38:14','2012-07-12 04:34:26'),(69,'praesentium','2011-10-04 03:31:40','2014-03-05 06:01:54'),(70,'eveniet','2013-08-15 21:39:28','2012-06-23 07:29:44'),(71,'soluta','2013-05-07 00:40:06','2014-01-01 10:05:48'),(72,'deserunt','2020-03-03 04:30:47','2011-07-20 10:56:23'),(73,'quae','2011-06-12 10:01:45','2019-09-26 20:05:22'),(74,'tempora','2013-04-11 10:22:42','2011-03-01 13:01:57'),(75,'placeat','2018-08-11 20:05:42','2020-07-12 00:20:32'),(76,'tempore','2011-05-30 14:34:11','2017-10-03 08:25:46'),(77,'recusandae','2017-05-14 12:26:30','2019-09-09 03:43:33'),(78,'animi','2016-06-03 08:19:48','2011-04-28 19:38:33'),(79,'quam','2015-09-06 11:51:07','2012-05-10 15:45:13'),(80,'ad','2011-04-29 17:22:43','2013-05-25 09:24:37'),(81,'ipsum','2012-09-30 20:14:27','2019-01-24 16:27:10'),(82,'eos','2015-07-20 04:14:01','2012-09-22 11:41:25'),(83,'cum','2010-10-02 07:16:40','2012-08-08 22:08:28'),(84,'consectetur','2011-01-04 20:23:59','2018-08-12 23:41:45'),(85,'velit','2012-08-30 13:30:15','2015-07-24 18:26:03'),(86,'reprehenderit','2019-06-04 15:45:07','2012-09-01 21:17:41'),(87,'sit','2018-11-09 03:28:53','2013-11-08 21:13:00'),(88,'repudiandae','2014-11-08 19:49:37','2020-08-12 12:24:16'),(89,'harum','2019-08-13 03:26:58','2019-04-01 20:59:29'),(90,'numquam','2018-01-17 17:32:14','2015-07-06 04:42:12'),(91,'iusto','2019-08-12 14:32:21','2018-03-03 04:14:24'),(92,'perferendis','2018-08-26 02:17:58','2014-04-18 03:12:52'),(93,'molestiae','2016-04-04 22:56:29','2020-03-15 01:15:16'),(94,'temporibus','2018-05-23 17:36:27','2016-12-30 18:07:52'),(95,'dolores','2012-07-06 18:13:45','2020-07-16 15:29:35'),(96,'neque','2017-09-28 01:07:39','2018-08-22 01:08:04'),(97,'delectus','2015-12-25 01:57:13','2013-09-15 02:19:15'),(98,'expedita','2012-01-26 03:26:10','2016-11-20 16:59:16'),(99,'ullam','2019-08-22 16:22:22','2017-08-19 15:06:23'),(100,'minus','2010-11-23 02:39:18','2019-02-24 12:07:26');
/*!40000 ALTER TABLE `media_types` ENABLE KEYS */;
UNLOCK TABLES;

--
-- Table structure for table `messages`
--

DROP TABLE IF EXISTS `messages`;
/*!40101 SET @saved_cs_client     = @@character_set_client */;
/*!40101 SET character_set_client = utf8 */;
CREATE TABLE `messages` (
  `id` int unsigned NOT NULL AUTO_INCREMENT,
  `from_user_id` int unsigned NOT NULL,
  `to_user_id` int unsigned NOT NULL,
  `body` text CHARACTER SET utf8 COLLATE utf8_unicode_ci NOT NULL,
  `is_important` tinyint(1) DEFAULT NULL,
  `is_delivered` tinyint(1) DEFAULT NULL,
  `created_at` datetime DEFAULT CURRENT_TIMESTAMP,
  `updated_at` datetime DEFAULT CURRENT_TIMESTAMP ON UPDATE CURRENT_TIMESTAMP,
  PRIMARY KEY (`id`)
) ENGINE=InnoDB AUTO_INCREMENT=101 DEFAULT CHARSET=utf8 COLLATE=utf8_unicode_ci;
/*!40101 SET character_set_client = @saved_cs_client */;

--
-- Dumping data for table `messages`
--

LOCK TABLES `messages` WRITE;
/*!40000 ALTER TABLE `messages` DISABLE KEYS */;
INSERT INTO `messages` VALUES (1,1,1,'Nesciunt pariatur quidem et recusandae rerum blanditiis nemo. Natus assumenda earum eius mollitia aut voluptas tenetur repellendus. Veniam nisi a enim. Et necessitatibus incidunt aut id temporibus.',1,0,'2016-09-16 08:51:20','2017-05-27 22:55:40'),(2,2,2,'Sit nemo voluptates alias dolor distinctio eius. Voluptas assumenda non quo et amet ea. Ea et doloremque sed et rerum. Libero rerum id quo fugit quis voluptatibus magnam.',1,1,'2015-03-31 18:17:39','2017-07-27 06:04:06'),(3,3,3,'Nostrum dignissimos non id. Aut accusantium deleniti quasi. Ut voluptatem et mollitia autem placeat nisi.',1,0,'2015-08-13 13:49:39','2013-07-19 07:29:27'),(4,4,4,'Sunt vel voluptas culpa at quisquam dolores non. Quisquam quia modi facilis fuga voluptatem dolorem. Molestias rerum et in laboriosam. Dolor maiores porro vel exercitationem.',1,1,'2018-10-09 17:44:55','2012-01-21 06:42:41'),(5,5,5,'Impedit commodi ut vero. Et dicta dolorem neque tempora nam alias alias.',0,0,'2018-12-07 13:45:28','2011-10-04 19:31:44'),(6,6,6,'Odio iusto officiis eveniet corrupti sunt qui. Est numquam rem perferendis accusantium.',1,0,'2015-01-02 07:11:03','2019-04-04 06:22:01'),(7,7,7,'Ut repudiandae odio rerum. Ad numquam eveniet id asperiores. Dolores velit consequatur eveniet nulla explicabo quo ab.',1,1,'2017-09-23 06:09:58','2018-11-04 11:28:39'),(8,8,8,'Aspernatur deserunt ad libero sint autem. Corporis deleniti sequi exercitationem earum a. Aliquam commodi qui voluptas fugit autem sit.',1,1,'2010-10-29 02:52:49','2014-07-08 01:16:12'),(9,9,9,'Et culpa cum vero delectus quia animi optio assumenda. Illum cum voluptatem odio perferendis quibusdam dolores.',0,0,'2013-12-14 07:15:25','2016-04-14 09:52:30'),(10,10,10,'Repellendus saepe nostrum temporibus rerum consequatur ipsa rerum. Repellendus vero quis accusamus porro quis. Qui culpa doloremque aut ullam. Sequi necessitatibus sit et doloribus dolorem.',1,0,'2013-10-28 03:23:00','2013-06-08 23:51:24'),(11,11,11,'Nihil laboriosam commodi est earum. Voluptatem quaerat eos esse doloremque similique commodi corporis.',1,0,'2015-04-02 23:47:08','2018-01-26 20:08:00'),(12,12,12,'Nam explicabo laboriosam et explicabo officiis. Sit aliquam ipsum sint iusto nemo minima sit. Fugiat et nesciunt quasi est.',0,0,'2015-07-04 05:44:25','2013-09-06 12:15:16'),(13,13,13,'Tempore ea libero consequatur commodi. Beatae voluptas ea hic labore consequuntur ratione. Suscipit pariatur quasi alias ullam velit tempore consequuntur. Non ullam enim eum facere.',0,0,'2018-08-23 01:55:28','2012-09-18 14:52:34'),(14,14,14,'Fugit id aut commodi maiores voluptatem aut. Accusantium dolor rerum vel quidem.',1,0,'2013-08-19 03:22:46','2015-11-25 09:01:09'),(15,15,15,'Minus veritatis fugiat dolor voluptas quidem sint. Quo nihil vitae id beatae. Deleniti vitae inventore neque rerum nostrum eligendi.',0,0,'2019-01-01 05:01:02','2012-05-14 03:22:45'),(16,16,16,'Cupiditate fuga est adipisci maiores incidunt aut. Ea quod quia autem aut quibusdam molestias. Ut quidem minima rerum et molestiae et. Non sed est incidunt quo cumque eos.',0,1,'2011-11-22 09:02:52','2013-03-27 10:32:22'),(17,17,17,'In aspernatur et mollitia magnam ea itaque. Excepturi esse aperiam minus culpa inventore. Minima iste et repudiandae nulla minima.',0,1,'2018-06-08 17:37:26','2014-04-01 20:51:12'),(18,18,18,'Dolores ut quis temporibus amet aliquam. Adipisci maiores harum nemo tenetur. Sint cupiditate ut consequatur aut. Provident vel amet expedita incidunt perferendis id.',0,1,'2018-02-16 03:32:55','2016-10-16 06:06:39'),(19,19,19,'Molestiae placeat eveniet consequatur quo saepe sit tempora. Sequi aliquam dolorem ut eaque sint voluptatum. Nisi sunt accusamus magni veritatis rerum consequuntur impedit.',0,0,'2016-01-28 22:48:11','2012-02-01 14:22:58'),(20,20,20,'Iusto unde ipsam rem tenetur eos quae cumque. Tenetur et nulla qui non autem consequatur. Voluptatem recusandae iste qui quis. Sapiente neque error dicta facilis.',0,0,'2017-01-07 23:24:03','2010-12-30 11:23:30'),(21,21,21,'Est consequatur qui cum ut molestias dolor et optio. Molestias illo iusto sunt dolorum. Et omnis ut in molestiae. Voluptas voluptatem modi dolores.',0,1,'2015-12-03 04:40:07','2012-11-21 01:45:09'),(22,22,22,'Et minus accusantium eum eos officiis. Et labore harum ut ratione. Sint aut quod fugiat quos.',0,0,'2015-08-25 02:25:09','2016-04-25 02:38:04'),(23,23,23,'Nesciunt praesentium commodi unde earum quam veritatis quia. In ducimus maiores ex nisi aspernatur modi. Excepturi temporibus nobis et qui.',0,0,'2016-10-26 18:45:22','2020-01-26 08:54:16'),(24,24,24,'Cupiditate facere voluptas voluptatem perferendis ut. Tempore est repellendus nulla maiores omnis quasi fugit. Impedit qui nesciunt ut dolorem voluptatem ex consequatur.',0,0,'2011-10-28 11:11:44','2015-01-08 13:11:16'),(25,25,25,'Doloribus assumenda minus ullam sint rerum. Rerum sit et enim eos inventore. Ut non qui et distinctio neque omnis optio.',1,0,'2016-04-06 07:13:19','2016-08-13 20:47:38'),(26,26,26,'Dolorem voluptatem placeat sed ut quia recusandae velit. Voluptatem omnis et consequatur delectus maiores aut. Voluptate reiciendis voluptas inventore deserunt nostrum accusamus numquam. Maiores illo sint porro molestiae est vel.',1,1,'2014-03-26 00:00:09','2017-03-24 22:01:20'),(27,27,27,'Adipisci provident sed aliquid sint pariatur placeat autem. Occaecati est sequi doloremque non. Omnis veniam exercitationem placeat.',1,1,'2014-02-22 09:08:51','2013-08-01 14:45:27'),(28,28,28,'Magni perferendis tenetur eveniet qui error rerum asperiores. At et cum cum est unde occaecati. Exercitationem accusantium odit deleniti impedit illo tempore. Debitis nam voluptatibus ducimus sunt veritatis perspiciatis aperiam.',1,0,'2014-03-13 00:45:39','2019-06-12 20:54:42'),(29,29,29,'Libero quibusdam quia quam consectetur et dolorem. Omnis omnis alias ut commodi voluptatem commodi. Repudiandae quod facilis magnam earum. Distinctio et eos quod aut.',0,1,'2015-03-21 03:41:04','2013-01-03 13:36:11'),(30,30,30,'Optio iusto recusandae nisi et labore qui. Perferendis doloribus amet praesentium id ut. Impedit qui voluptatem repellat consequatur minus exercitationem.',1,0,'2017-01-11 22:01:23','2010-11-21 02:42:13'),(31,31,31,'Minima itaque nostrum aspernatur omnis eum quia. Voluptatem pariatur dolores culpa eveniet accusantium explicabo dolor. Quo qui similique ratione.',1,0,'2017-11-27 15:15:27','2017-07-02 09:34:46'),(32,32,32,'Maxime totam quis odit ipsa. Mollitia ad voluptate dolor vero illum eum et voluptatem. Rerum quaerat amet aut culpa. Ea animi ea repellat repellat quibusdam qui veritatis. Aut nam rem vel accusantium tenetur.',0,0,'2016-03-19 03:22:29','2019-12-15 19:34:53'),(33,33,33,'Quia illum dolorem reiciendis facilis hic architecto. Sed iste eaque ut dolores aut aspernatur. Voluptatem porro sit aut laboriosam. Saepe sint autem exercitationem ut et asperiores.',1,1,'2017-12-01 21:24:59','2013-12-03 20:16:18'),(34,34,34,'Soluta quia ex est doloribus vero in explicabo. Quaerat eligendi est optio minus enim. Dignissimos est ut quae. Laudantium repellat voluptates fugiat dolor. Nihil eveniet qui voluptatum sint eos alias.',0,1,'2012-01-31 21:48:42','2020-05-28 12:14:20'),(35,35,35,'Aut praesentium a mollitia delectus quidem illo. Velit sint quis ducimus molestiae provident soluta. Cupiditate magni aut cupiditate fugit corrupti.',0,1,'2016-12-21 08:37:59','2018-12-23 17:10:40'),(36,36,36,'Sapiente est reiciendis dolorum ut. Et doloremque quo inventore eos. Quam exercitationem rerum itaque aut fugit. Aliquam est eos distinctio nihil deleniti ut. Quos quasi sequi natus est omnis ab.',1,0,'2014-02-13 07:59:51','2019-12-23 14:07:46'),(37,37,37,'Illo sit porro fuga voluptas doloremque sed. Ut ab dolor dicta deleniti atque hic. Est repellat dolor commodi quia hic quam reprehenderit.',1,0,'2018-03-08 19:12:38','2018-11-09 01:02:42'),(38,38,38,'Eum explicabo dolorum consequatur et deleniti accusamus. Excepturi dolor deserunt laborum ut dolore aut. Est praesentium vitae rerum rerum. Ut et dolorem minima incidunt aut minima.',1,1,'2018-08-26 08:23:13','2019-09-01 21:49:08'),(39,39,39,'Praesentium et veniam dolorem ipsa minima dolorem. Voluptatem aut molestiae quia et qui officiis. Recusandae provident libero modi enim.',0,1,'2014-03-31 08:15:05','2015-02-26 18:01:07'),(40,40,40,'Quibusdam blanditiis facilis sit totam ducimus. Velit et beatae perspiciatis odit laborum ut non. Et et occaecati repudiandae nihil qui molestias et doloremque. Occaecati et accusantium laborum.',1,1,'2010-10-07 06:36:25','2013-03-18 19:46:56'),(41,41,41,'Tenetur illo officiis placeat eos in quia. Velit ut aut veritatis suscipit totam. Libero ut perspiciatis et accusamus soluta animi in molestias. Exercitationem sed similique blanditiis.',0,1,'2012-10-25 08:48:25','2012-04-29 13:17:33'),(42,42,42,'Rerum expedita tenetur nihil qui. Distinctio quae et in aperiam nostrum repellat. Ut id rerum voluptatem optio beatae earum quisquam commodi.',1,1,'2013-07-04 09:25:24','2018-02-15 15:53:31'),(43,43,43,'Facere labore ad aut ipsa id dignissimos eveniet. Eius enim ex quis aut voluptatem blanditiis. Molestiae eos et delectus.',0,0,'2017-05-31 09:13:34','2012-09-02 03:42:26'),(44,44,44,'Nisi ut enim explicabo repellendus ex. Dolores molestiae natus a nihil. Reiciendis et et accusamus facere perspiciatis soluta adipisci. In tempore eveniet rem et voluptatem ex adipisci.',0,0,'2012-02-27 13:46:56','2015-04-22 21:28:30'),(45,45,45,'Dolorem vitae corporis est enim earum dicta quo recusandae. Consequatur rerum aliquam dignissimos corporis quidem. Amet odio molestiae ex aspernatur qui ad. Voluptas voluptas quos ut quod fuga architecto sequi.',0,1,'2011-01-16 06:45:42','2015-07-25 09:38:26'),(46,46,46,'Dolorum libero dicta amet vero. Voluptatem in qui asperiores aliquam. Quo voluptas quam minus impedit quia. Molestiae rem ducimus modi impedit.',0,1,'2020-02-04 15:28:24','2012-04-03 06:27:51'),(47,47,47,'Minima hic ea recusandae autem est porro. Harum unde adipisci voluptatibus quisquam eos labore aperiam. Quis velit at facilis sint qui dolor. Voluptate provident qui odio ut nostrum quasi.',1,1,'2017-09-17 12:37:39','2019-09-22 18:23:33'),(48,48,48,'Earum est explicabo officia facilis et corporis eum. Laborum dignissimos eveniet enim aliquid quas.',1,0,'2020-02-01 12:22:15','2017-09-16 18:55:25'),(49,49,49,'Soluta aliquam doloribus dolorum aut consectetur porro. Aut ut minima enim. Sit occaecati aut voluptates placeat error. Omnis dolorem earum velit odio consequuntur aut odit.',1,1,'2017-01-03 00:33:53','2010-10-19 07:06:32'),(50,50,50,'Voluptates a dolor delectus qui. Cupiditate neque eum distinctio aut modi voluptatem qui. Aut delectus cupiditate veniam repudiandae dicta ipsam.',1,1,'2013-11-21 06:20:34','2018-05-30 18:49:06'),(51,51,51,'Quam id repellendus perspiciatis dignissimos. Repellendus magnam ipsam qui inventore quo occaecati.',1,0,'2011-10-20 18:46:18','2018-08-31 07:51:52'),(52,52,52,'Eum in non necessitatibus aut. In earum maiores eum hic suscipit. Quibusdam ducimus suscipit iusto expedita iure ut explicabo et. At ut dolore et repellendus.',1,0,'2019-11-28 18:40:13','2019-12-15 04:25:03'),(53,53,53,'Consequatur unde ut cum odio autem provident aliquid dolores. Voluptatem voluptatem optio consectetur velit non pariatur ex. Dolorem perferendis eligendi sit ipsam. Distinctio temporibus labore nihil totam adipisci vel quas. Delectus vel odit voluptatibus nobis libero accusamus dolore culpa.',0,0,'2018-01-07 15:02:52','2012-01-26 05:15:08'),(54,54,54,'Sit saepe aut velit et nesciunt enim. Voluptatem at nesciunt est perspiciatis voluptas ex. Occaecati blanditiis nobis vitae quo molestiae labore.',1,0,'2012-08-03 14:20:32','2015-06-05 08:46:55'),(55,55,55,'A in consectetur similique. Optio vero autem sint enim. Autem veritatis ex recusandae.',1,1,'2018-06-13 00:49:36','2013-04-18 06:15:47'),(56,56,56,'Nostrum officia numquam omnis quos quo unde aut. Quibusdam totam non laudantium. Facilis tenetur officia error amet veniam quaerat. Qui debitis quam et sunt provident. Magnam eligendi iste nihil voluptatem harum.',1,1,'2011-10-08 12:33:01','2012-06-03 00:10:19'),(57,57,57,'Impedit possimus consequatur officiis quibusdam ex blanditiis. Consequatur esse quas assumenda qui incidunt voluptatem optio asperiores. Enim suscipit maxime molestiae voluptas dolores sint debitis modi. Voluptates veniam tempora maiores cupiditate officia perferendis repellendus et.',0,1,'2016-07-11 18:39:13','2013-03-16 13:10:59'),(58,58,58,'Veniam veritatis distinctio eius rerum cupiditate assumenda magni est. Quisquam cupiditate deleniti vero qui. Perferendis consequuntur et ut aut omnis odio asperiores adipisci.',1,1,'2019-07-10 22:26:54','2017-05-03 01:40:46'),(59,59,59,'Et incidunt omnis eum sit et. Non omnis animi ipsam sit.',1,1,'2016-04-20 22:09:53','2018-03-03 11:40:50'),(60,60,60,'Incidunt repellendus sunt sed harum nulla. Quia et earum minima deleniti expedita sunt. Non soluta est eum maiores quidem. Dolorem dolorum necessitatibus voluptas assumenda neque error.',1,1,'2011-06-05 17:22:01','2015-08-31 11:53:47'),(61,61,61,'Nemo porro accusamus cum quo fuga veritatis ab. Expedita numquam eos provident sit quis ut. In et neque sit velit sint voluptas beatae accusantium. Molestiae voluptatem aspernatur quibusdam aliquid adipisci. Exercitationem sed esse non minima.',1,1,'2015-11-26 16:00:47','2014-02-25 03:13:13'),(62,62,62,'Consectetur laboriosam consequatur beatae nihil. Magnam placeat sed architecto dolorem dolores sed consectetur. Nisi rerum rem deleniti distinctio.',1,0,'2014-12-30 05:09:52','2015-08-08 06:48:01'),(63,63,63,'Est facere repellat ut quos sunt perferendis. Minima soluta omnis dolorem occaecati. Ut sed numquam et iste.',0,1,'2011-06-06 18:11:52','2019-02-01 07:42:07'),(64,64,64,'Iure quos odit doloribus qui inventore et voluptas. Esse aut nihil blanditiis deleniti. Aut fuga repellat perferendis illo sint repellendus sapiente.',0,1,'2017-12-11 01:50:34','2017-12-14 04:23:45'),(65,65,65,'Praesentium sint doloribus harum perferendis. Ab molestias voluptates saepe id. Consequatur quas mollitia consequatur iure. Vero minima sunt a et laborum aspernatur.',0,1,'2013-07-09 07:06:12','2018-01-02 13:33:20'),(66,66,66,'Possimus voluptatum repellendus numquam et voluptas. Itaque rerum velit quia fuga. Eum eos dolores libero vitae aperiam ut.',0,1,'2012-11-14 19:09:49','2014-02-26 22:50:21'),(67,67,67,'Dolores ut eius quasi voluptate dolorum pariatur. Voluptatum minima sunt et delectus. Est officia consectetur voluptas vero suscipit. Reprehenderit est amet nesciunt dolores necessitatibus. Illo a accusantium aperiam repellendus et.',1,0,'2016-11-09 09:44:56','2019-04-27 16:46:44'),(68,68,68,'Hic quia ut quo molestiae facere rerum sapiente animi. Asperiores nesciunt facere dolorem praesentium dignissimos aspernatur. Iure optio natus rerum id sit magnam. Fugiat labore quibusdam voluptas distinctio sed quis qui cum. Laboriosam aut id est quas vel repellendus repellendus assumenda.',1,0,'2014-09-10 14:08:01','2016-07-16 23:38:41'),(69,69,69,'Et laboriosam quibusdam aliquam nihil dolor quidem velit. Et vel aspernatur sit voluptas in eius sit debitis. Ex alias nulla sit dolores. Commodi consequatur et inventore consectetur.',1,1,'2015-04-04 05:37:25','2020-01-11 12:03:20'),(70,70,70,'Quo nihil tempora quibusdam enim possimus. Quia qui itaque voluptatem omnis. Laudantium ipsam magni facilis qui tempora. Delectus voluptatem sapiente incidunt eum minima facilis.',0,1,'2010-10-08 03:32:04','2014-08-24 07:03:58'),(71,71,71,'Molestias tenetur iure quia sequi eos rem. Architecto praesentium asperiores qui quo. Quo odio ut perferendis autem consectetur quia delectus. Ab dicta consequatur corporis expedita et iusto voluptatibus dicta.',0,1,'2013-07-07 23:59:11','2020-01-09 03:14:38'),(72,72,72,'Nihil nam dignissimos rem in aut. Fugiat adipisci rem quia quae. Blanditiis eius autem tempora qui et cumque dolor. Nam dolores repellendus cum nulla mollitia suscipit voluptatibus.',0,0,'2010-09-25 07:24:34','2015-01-10 18:02:09'),(73,73,73,'Aut rem occaecati temporibus et earum doloribus voluptatem delectus. Nobis eum et est ut. Accusantium vero autem eveniet illum minima sint deleniti.',1,0,'2012-08-09 19:53:07','2011-08-28 14:12:09'),(74,74,74,'Aspernatur hic tenetur qui placeat ea et laudantium. Nobis eum quia sed maiores. Ut tenetur quia reiciendis cumque.',0,1,'2018-03-11 00:02:29','2017-12-22 23:49:04'),(75,75,75,'Perspiciatis quo officia a molestiae inventore. Distinctio nihil eos ut maxime et alias officiis. Quasi cumque earum quis.',1,0,'2018-11-07 01:23:13','2013-01-07 22:10:05'),(76,76,76,'Debitis modi ipsa vero est dolorem voluptas suscipit. Et voluptate placeat eum sed. Rerum qui quos quidem et repellat occaecati itaque ex.',0,1,'2011-02-03 20:04:36','2011-11-19 15:35:41'),(77,77,77,'Quia eos vitae amet. Voluptatem voluptas quia et quia dolor qui quae architecto. Consectetur soluta fuga sed vel repudiandae non. Dolores sed vel autem cumque excepturi omnis. Cupiditate vero provident aperiam tempore ab magnam deleniti.',1,1,'2019-02-11 15:34:53','2019-03-21 18:07:17'),(78,78,78,'Quo qui enim minima esse. Sint dicta quisquam aut dolorem maiores quo. Voluptate harum et impedit voluptatem.',1,1,'2014-02-19 20:55:55','2011-12-26 07:19:21'),(79,79,79,'Molestias quis nihil perferendis eveniet modi. Eos suscipit sed tempore voluptatem. Sint architecto dolorem numquam eos est omnis dolore. Blanditiis ut id dolorum et repudiandae libero sunt.',1,1,'2016-10-16 05:59:33','2016-04-26 15:49:48'),(80,80,80,'Molestias similique consequatur at a modi laboriosam exercitationem. Aut perspiciatis laudantium occaecati dicta aperiam sed at perspiciatis. Laborum corrupti labore sunt repudiandae.',1,1,'2014-12-17 16:08:52','2020-07-21 21:06:29'),(81,81,81,'Incidunt sed ut incidunt modi nulla iusto. Exercitationem molestias voluptatem laudantium recusandae beatae molestiae corrupti. Quia enim deserunt veniam eum nihil dolor.',0,0,'2015-10-11 23:27:46','2015-12-03 19:37:25'),(82,82,82,'Ratione et ut magni qui aperiam suscipit dignissimos. Quia dolores earum doloribus quas et nihil facere. Ut autem iure ut ratione exercitationem aperiam.',1,0,'2018-12-22 13:43:17','2014-03-01 11:18:49'),(83,83,83,'Eaque nihil sint non fugit. Consequatur amet recusandae praesentium praesentium explicabo voluptatem tenetur ipsum. Numquam alias qui consectetur iure voluptas dolorem.',0,1,'2017-01-28 12:15:03','2015-06-27 19:22:01'),(84,84,84,'Eos id dolor ipsum possimus ullam accusantium esse aperiam. Soluta rerum libero amet blanditiis tenetur voluptatem. Error adipisci eaque eos perferendis eos. In et ut magni et.',0,1,'2013-11-13 19:06:25','2020-06-22 02:51:25'),(85,85,85,'Odio error non voluptas tempore et quo. Quisquam delectus nostrum sint sed. Possimus quam autem omnis optio quis temporibus neque. Sed animi adipisci tempore est enim.',1,1,'2013-08-18 07:14:25','2012-08-19 16:15:53'),(86,86,86,'Incidunt hic sunt aperiam ad expedita doloremque molestiae. Et possimus magnam asperiores. Et modi aut placeat saepe nobis suscipit sit est.',1,1,'2018-12-16 11:52:32','2018-08-25 09:57:19'),(87,87,87,'Consequatur quia dolorem quis facere reiciendis corrupti. Unde voluptas velit omnis. Eius nostrum sit quisquam deserunt. Placeat expedita nemo est amet.',0,1,'2018-03-26 13:33:51','2017-04-02 10:11:02'),(88,88,88,'Nesciunt pariatur temporibus deleniti officia voluptas quis qui iure. Voluptate ex atque cumque omnis doloremque consequuntur. Ullam dignissimos nihil officiis ea illo.',0,0,'2019-08-03 01:54:50','2013-06-21 03:48:26'),(89,89,89,'Aut adipisci sit et maxime. Corporis veritatis qui sed corrupti quis minima nemo sequi. Necessitatibus non voluptatem unde sunt laborum.',1,1,'2015-12-13 01:30:36','2017-12-07 21:38:23'),(90,90,90,'Eum et odit et nihil. Ipsam ut nulla officia autem quod. Quo autem dignissimos ipsa doloribus.',1,0,'2012-12-11 05:01:06','2017-01-22 22:28:04'),(91,91,91,'Nobis aliquid molestias dolor cupiditate et facere. Ipsum molestiae in quae. Pariatur exercitationem corporis vel et ipsa aspernatur cum. Aspernatur et consectetur ipsum est recusandae est dolor et.',0,1,'2011-03-13 11:23:41','2014-08-26 23:35:40'),(92,92,92,'Ex optio eius cupiditate. Eius dolores quia tempora et laboriosam ipsam qui. Maiores perferendis sed fugiat quaerat incidunt sunt mollitia. Ipsa eaque sapiente nobis explicabo.',0,1,'2020-05-05 02:17:38','2017-02-04 03:56:05'),(93,93,93,'Dolores est sed consequuntur similique eaque voluptas. Pariatur libero veniam deserunt inventore a est nobis minus. Saepe nihil explicabo reiciendis iure. Voluptatem sit nesciunt harum quis eveniet vel. Fuga veniam veniam dignissimos ut et qui.',1,1,'2013-10-20 15:51:26','2017-03-04 05:21:17'),(94,94,94,'Laudantium est placeat facilis iusto suscipit in exercitationem. Totam ex suscipit optio illum sunt tenetur eum. Inventore numquam non vel enim. Sunt ut vel ut quo. Placeat et quas facilis odio porro.',1,0,'2012-01-08 07:18:13','2017-12-05 17:53:00'),(95,95,95,'Dolores consequatur et et qui. Ipsam vel adipisci repudiandae eaque accusamus vitae aspernatur. Consequatur exercitationem optio incidunt et. Quis vel sed aliquam eaque est voluptas.',0,1,'2019-07-19 21:38:28','2017-06-08 05:49:40'),(96,96,96,'Eum qui quia sed illum sapiente omnis nobis. Consectetur laboriosam nobis qui sequi. Dolores magni praesentium laboriosam quis quod qui.',1,0,'2018-09-06 11:42:35','2016-10-05 03:12:09'),(97,97,97,'Deleniti maiores delectus reprehenderit maxime est. Quasi aliquam corporis cumque ab. Vel repellendus porro est dolore.',0,1,'2015-08-04 21:17:33','2020-05-03 14:42:12'),(98,98,98,'Blanditiis voluptatum corrupti rem veritatis ipsum eveniet eius. Libero nihil vel et minus dolores autem quia ducimus. Hic omnis sed unde eius iste veniam fugiat eos.',1,0,'2015-03-05 03:24:54','2013-03-14 16:09:19'),(99,99,99,'Eum ipsa facere quibusdam qui quia. Saepe eligendi asperiores voluptatem molestiae qui. Dolorum voluptatum non voluptates praesentium quos aperiam. Voluptas voluptas et ea corporis.',1,0,'2018-11-03 09:12:32','2017-01-30 08:31:02'),(100,100,100,'Esse magni quos autem omnis. Quas debitis sapiente laboriosam qui eligendi non ipsum. Voluptas est ipsum dolores ad non provident. Eaque nihil harum aut nulla debitis dolores. Eaque nobis quasi provident.',1,1,'2016-01-21 04:18:40','2019-01-30 04:56:43');
/*!40000 ALTER TABLE `messages` ENABLE KEYS */;
UNLOCK TABLES;

--
-- Table structure for table `profiles`
--

DROP TABLE IF EXISTS `profiles`;
/*!40101 SET @saved_cs_client     = @@character_set_client */;
/*!40101 SET character_set_client = utf8 */;
CREATE TABLE `profiles` (
  `user_id` int unsigned NOT NULL,
  `gender` char(1) CHARACTER SET utf8 COLLATE utf8_unicode_ci NOT NULL,
  `birthday` date DEFAULT NULL,
  `photo_id` int unsigned DEFAULT NULL,
  `city` varchar(130) CHARACTER SET utf8 COLLATE utf8_unicode_ci DEFAULT NULL,
  `country` varchar(130) CHARACTER SET utf8 COLLATE utf8_unicode_ci DEFAULT NULL,
  `created_at` datetime DEFAULT CURRENT_TIMESTAMP,
  `updated_at` datetime DEFAULT CURRENT_TIMESTAMP ON UPDATE CURRENT_TIMESTAMP,
  PRIMARY KEY (`user_id`)
) ENGINE=InnoDB DEFAULT CHARSET=utf8 COLLATE=utf8_unicode_ci;
/*!40101 SET character_set_client = @saved_cs_client */;

--
-- Dumping data for table `profiles`
--

LOCK TABLES `profiles` WRITE;
/*!40000 ALTER TABLE `profiles` DISABLE KEYS */;
INSERT INTO `profiles` VALUES (1,'m','1979-11-06',0,'Lake Cierrafort','Latvia','2013-11-19 06:39:56','2020-05-03 03:54:43'),(2,'m','2016-01-17',0,'Port Josianeberg','Uruguay','2016-07-08 11:41:15','2014-03-13 09:02:14'),(3,'m','1983-03-04',0,'New Rozellamouth','Seychelles','2011-04-04 09:10:29','2016-10-12 01:18:38'),(4,'m','2002-11-25',0,'Trantowchester','Korea','2012-07-12 07:04:49','2020-06-15 06:17:16'),(5,'','1983-07-01',0,'South Margarettaville','Mauritius','2014-09-09 18:49:27','2011-10-15 20:09:25'),(6,'m','2002-12-15',0,'West Serena','Cyprus','2018-09-29 02:04:15','2013-12-10 20:32:01'),(7,'m','1989-02-15',0,'Port Devynborough','Estonia','2016-10-12 00:02:08','2017-01-10 05:36:11'),(8,'','2001-05-31',0,'Wehnerchester','Kenya','2012-11-24 13:08:23','2020-03-07 18:32:59'),(9,'m','1972-02-07',0,'Port Frederique','Faroe Islands','2011-09-12 21:11:01','2012-08-16 05:14:29'),(10,'m','1977-06-25',0,'West Soledad','Cambodia','2012-04-11 07:36:54','2015-09-08 10:18:48'),(11,'','1994-05-12',0,'South Blazechester','Namibia','2013-05-19 02:12:23','2020-02-15 11:16:33'),(12,'','1997-03-30',0,'West Zula','Nigeria','2013-10-10 03:56:36','2015-08-30 21:10:59'),(13,'m','2012-11-30',0,'Lake Malvina','Aruba','2018-03-08 22:02:14','2011-09-24 09:05:31'),(14,'','1980-06-21',0,'West Juwanmouth','Pakistan','2013-12-21 14:54:37','2020-05-24 18:15:01'),(15,'','2012-07-28',0,'East Elvis','Papua New Guinea','2015-07-19 15:07:42','2020-04-10 22:57:50'),(16,'','1992-06-17',0,'Donnellyton','Micronesia','2013-04-17 19:39:36','2019-08-19 02:52:32'),(17,'','1980-10-22',0,'Boscoland','Taiwan','2015-01-17 08:30:15','2018-04-14 05:15:53'),(18,'','1988-03-08',0,'South Porterberg','Pakistan','2018-07-06 21:19:19','2019-01-17 22:59:13'),(19,'','2012-05-26',0,'West Jessy','Vietnam','2014-07-12 22:09:47','2011-03-03 08:23:21'),(20,'m','2019-09-24',0,'Port Jakayla','Vietnam','2016-08-01 07:41:22','2017-04-24 13:18:40'),(21,'m','2019-07-01',0,'Vicentaville','Qatar','2014-07-06 10:14:09','2011-12-17 13:43:01'),(22,'m','2001-05-13',0,'Danikabury','Sudan','2013-05-17 13:41:24','2020-03-15 07:26:23'),(23,'','2003-02-20',0,'Alvinafurt','Sudan','2019-02-25 04:00:09','2018-06-12 12:56:18'),(24,'','2003-08-26',0,'Lake Bridgette','Iran','2015-12-03 22:10:51','2016-01-04 12:54:27'),(25,'m','1997-10-05',0,'Port Laverna','Kiribati','2015-08-09 01:48:40','2020-03-02 00:59:03'),(26,'m','2009-05-27',0,'Cameronside','Chile','2011-08-13 09:03:15','2012-11-12 16:40:14'),(27,'m','1995-09-25',0,'South Foresthaven','French Southern Territories','2012-05-20 08:03:35','2017-06-09 19:49:19'),(28,'','1997-04-13',0,'Port Devante','Bhutan','2012-11-22 10:14:28','2019-07-30 19:57:00'),(29,'m','1994-03-11',0,'West Merlin','United States Minor Outlying Islands','2014-03-13 01:34:59','2012-07-09 13:12:24'),(30,'m','1978-08-14',0,'Donavonview','Zambia','2012-01-14 19:32:01','2013-07-25 18:31:25'),(31,'m','2012-05-23',0,'North Bradfordmouth','Cuba','2016-11-20 17:46:39','2013-04-25 18:45:02'),(32,'','1983-01-11',0,'Gleasonview','United States Minor Outlying Islands','2014-10-24 22:12:22','2017-10-12 15:19:19'),(33,'m','1994-09-10',0,'Lake Norvalhaven','Greenland','2019-07-04 19:00:18','2011-05-05 02:23:31'),(34,'m','1981-11-30',0,'Evelineberg','Korea','2012-01-08 09:08:36','2013-01-09 18:35:21'),(35,'m','2013-11-11',0,'North Spencer','Sudan','2019-04-21 04:32:43','2012-10-18 18:45:25'),(36,'','1985-03-02',0,'Trantowfurt','Cuba','2016-05-21 04:57:21','2015-03-31 21:54:38'),(37,'m','1981-04-25',0,'Port Gerdaton','Paraguay','2017-11-04 05:19:30','2020-03-20 07:56:42'),(38,'m','1982-12-11',0,'East Sidville','Finland','2010-09-10 12:04:35','2019-07-23 02:09:37'),(39,'m','1973-05-06',0,'Brandonside','Mayotte','2012-07-18 21:49:36','2015-12-04 19:05:53'),(40,'','1994-10-27',0,'O\'Konland','United States of America','2011-08-23 10:05:52','2014-08-01 19:14:28'),(41,'m','1973-06-04',0,'Cummerataburgh','Bosnia and Herzegovina','2012-10-22 17:06:25','2019-05-16 21:44:06'),(42,'','1995-03-20',0,'Lake Rafaela','Saint Barthelemy','2011-10-10 20:27:16','2011-06-20 18:20:03'),(43,'m','1971-09-15',0,'Lake Meaghan','Kenya','2020-07-31 15:35:55','2020-01-22 01:21:14'),(44,'','1980-12-24',0,'Isaiahton','Falkland Islands (Malvinas)','2017-09-12 19:43:37','2013-10-05 13:30:25'),(45,'','1988-09-02',0,'East Ewellland','Benin','2016-05-04 04:09:33','2020-06-09 22:17:57'),(46,'m','1989-02-03',0,'Collierport','Liechtenstein','2018-10-02 06:59:15','2010-12-25 01:53:15'),(47,'','2013-09-04',0,'Nannieview','Honduras','2015-03-10 15:47:50','2016-01-27 10:26:02'),(48,'','1973-05-12',0,'Ressieville','Kyrgyz Republic','2010-09-28 16:47:01','2012-02-11 11:05:38'),(49,'','2017-07-11',0,'Odellchester','Norway','2019-03-04 20:44:43','2012-04-02 22:01:43'),(50,'m','1977-10-13',0,'Dejontown','Tajikistan','2013-03-19 04:50:01','2017-09-22 19:51:08'),(51,'m','1992-09-24',0,'Schuylerville','Tuvalu','2016-11-25 11:12:57','2012-10-24 02:11:40'),(52,'m','2002-02-08',0,'East Flossie','Belize','2013-04-15 03:49:05','2019-04-16 21:41:14'),(53,'','1984-05-10',0,'Charlesport','Uganda','2019-02-02 10:03:34','2020-07-02 20:01:44'),(54,'','2001-10-04',0,'O\'Harafort','Lebanon','2018-10-31 19:32:11','2015-07-10 01:54:46'),(55,'m','1974-11-08',0,'Skilesfort','Kuwait','2015-04-13 02:49:02','2011-03-22 22:08:46'),(56,'m','1999-02-20',0,'Wolfhaven','Antarctica (the territory South of 60 deg S)','2019-07-02 07:34:04','2018-10-08 12:09:30'),(57,'','1977-04-06',0,'McDermottton','Sao Tome and Principe','2019-10-24 00:35:06','2019-08-15 06:28:55'),(58,'','1972-10-30',0,'North Mohammed','Ireland','2017-08-09 04:27:55','2018-12-22 16:35:02'),(59,'','1993-09-21',0,'West Mable','Heard Island and McDonald Islands','2018-07-14 23:05:36','2014-12-05 23:13:36'),(60,'m','1972-08-24',0,'Lake Alexiemouth','Belize','2013-12-25 18:04:28','2017-11-22 03:30:40'),(61,'m','1992-12-08',0,'Astridfort','Japan','2017-12-04 00:58:00','2017-07-03 23:58:16'),(62,'','1973-08-07',0,'Weimannton','Tokelau','2011-12-09 18:54:22','2016-08-26 02:53:26'),(63,'','1985-08-14',0,'Lake Ramona','Switzerland','2013-10-04 12:16:05','2018-03-10 23:42:09'),(64,'m','2017-02-24',0,'New Carmela','Albania','2013-10-31 15:46:59','2014-07-11 04:19:32'),(65,'','1973-09-04',0,'North Chanelfurt','Guinea','2014-07-22 11:10:01','2014-09-11 17:36:41'),(66,'m','1996-11-04',0,'North Gerardfurt','Liberia','2019-10-06 10:24:39','2017-05-21 13:12:17'),(67,'','2001-11-15',0,'West Hallie','Senegal','2016-03-01 14:49:31','2020-08-07 15:48:46'),(68,'m','1970-04-05',0,'Bahringerville','Gabon','2019-07-05 00:24:43','2010-09-29 16:57:16'),(69,'','2002-04-09',0,'North Herman','Poland','2015-10-24 17:21:58','2010-12-03 11:25:25'),(70,'','1992-08-05',0,'South Frances','Barbados','2011-01-26 09:29:25','2013-12-10 06:20:20'),(71,'','1978-11-18',0,'Port Maynardstad','Gibraltar','2014-05-25 05:38:58','2013-10-23 09:05:05'),(72,'m','1996-01-11',0,'Julianamouth','Bolivia','2015-05-16 05:24:06','2014-05-17 23:10:29'),(73,'','2011-10-11',0,'North Elifort','Micronesia','2014-07-02 16:49:59','2014-03-21 23:56:10'),(74,'','2017-08-13',0,'Port Faustoborough','Venezuela','2020-06-29 10:21:21','2011-04-08 12:48:36'),(75,'','1994-08-14',0,'East Daryl','Svalbard & Jan Mayen Islands','2019-01-17 04:38:34','2011-04-04 11:08:38'),(76,'m','2007-03-28',0,'North Aliahaven','Chile','2011-11-03 00:19:28','2013-06-02 13:03:54'),(77,'','1977-05-02',0,'Alisahaven','Saint Lucia','2018-01-22 15:40:29','2017-06-28 14:44:06'),(78,'','2010-05-23',0,'Brownberg','Norfolk Island','2016-11-17 18:22:18','2012-08-03 07:02:39'),(79,'m','2007-07-10',0,'New Paul','Jersey','2018-09-16 21:00:12','2016-12-02 20:03:42'),(80,'','1996-07-06',0,'Alexandraland','Ethiopia','2014-02-07 10:11:04','2019-01-22 12:14:43'),(81,'','2013-01-01',0,'South Jarrettville','Gabon','2016-12-08 03:40:02','2013-08-30 04:19:09'),(82,'','1980-08-06',0,'West Roberto','Cape Verde','2015-05-26 06:10:59','2013-05-27 02:21:58'),(83,'m','1998-11-26',0,'North Mollieberg','Italy','2015-04-08 22:53:29','2013-01-15 02:26:22'),(84,'','1971-03-11',0,'Augustineberg','Anguilla','2016-07-01 05:04:31','2019-08-04 22:38:34'),(85,'','2014-09-01',0,'Pietrofurt','Ecuador','2015-09-18 07:01:32','2013-08-02 05:39:35'),(86,'m','1970-12-20',0,'Bradenfort','Zambia','2018-12-06 21:18:28','2012-02-18 20:24:29'),(87,'m','1976-07-20',0,'Jamalstad','Faroe Islands','2014-03-27 01:05:12','2018-06-30 13:25:29'),(88,'m','2009-03-10',0,'West Montyside','Syrian Arab Republic','2011-02-01 20:45:32','2020-06-25 12:04:52'),(89,'m','2004-10-12',0,'West Nadia','Andorra','2012-07-25 14:20:19','2016-01-07 04:45:56'),(90,'m','1984-11-04',0,'Rohanmouth','Montserrat','2020-06-29 23:24:13','2015-07-04 01:08:52'),(91,'m','1991-10-16',0,'West Lavinaburgh','Croatia','2019-08-30 19:51:29','2013-12-31 15:02:00'),(92,'','2011-02-17',0,'Port Zeldachester','Mexico','2016-06-06 21:45:19','2019-09-07 05:07:50'),(93,'','2012-07-07',0,'Tremblayhaven','Afghanistan','2015-05-03 10:49:42','2013-08-07 02:04:34'),(94,'m','1994-08-04',0,'Ashlynnshire','Svalbard & Jan Mayen Islands','2013-09-24 23:38:16','2019-07-17 07:36:18'),(95,'','1988-06-04',0,'New Abelardoville','Trinidad and Tobago','2017-12-12 13:35:49','2017-06-07 22:10:48'),(96,'','1980-07-30',0,'Bergnaumton','Zambia','2011-05-31 22:42:25','2016-07-05 20:06:29'),(97,'','2007-03-08',0,'Lake Gerardo','Greenland','2013-10-24 19:55:56','2016-01-14 15:07:18'),(98,'','2013-12-26',0,'Port Jodieland','Burundi','2010-10-17 23:41:07','2016-09-14 05:19:39'),(99,'m','1989-01-13',0,'Port Taureanstad','Bhutan','2019-06-07 00:30:06','2015-09-03 02:58:25'),(100,'m','1994-01-24',0,'Predovicshire','Aruba','2012-12-31 02:50:52','2015-12-03 19:08:28');
/*!40000 ALTER TABLE `profiles` ENABLE KEYS */;
UNLOCK TABLES;

--
-- Table structure for table `users`
--

DROP TABLE IF EXISTS `users`;
/*!40101 SET @saved_cs_client     = @@character_set_client */;
/*!40101 SET character_set_client = utf8 */;
CREATE TABLE `users` (
  `id` int unsigned NOT NULL AUTO_INCREMENT,
  `first_name` varchar(100) CHARACTER SET utf8 COLLATE utf8_unicode_ci NOT NULL,
  `last_name` varchar(100) CHARACTER SET utf8 COLLATE utf8_unicode_ci NOT NULL,
  `email` varchar(100) CHARACTER SET utf8 COLLATE utf8_unicode_ci NOT NULL,
  `phone` varchar(100) CHARACTER SET utf8 COLLATE utf8_unicode_ci NOT NULL,
  `created_at` datetime DEFAULT CURRENT_TIMESTAMP,
  `updated_at` datetime DEFAULT CURRENT_TIMESTAMP ON UPDATE CURRENT_TIMESTAMP,
  PRIMARY KEY (`id`),
  UNIQUE KEY `email` (`email`),
  UNIQUE KEY `phone` (`phone`)
) ENGINE=InnoDB AUTO_INCREMENT=101 DEFAULT CHARSET=utf8 COLLATE=utf8_unicode_ci;
/*!40101 SET character_set_client = @saved_cs_client */;

--
-- Dumping data for table `users`
--

LOCK TABLES `users` WRITE;
/*!40000 ALTER TABLE `users` DISABLE KEYS */;
INSERT INTO `users` VALUES (1,'Otto','Schmitt','donald71@example.org','943-138-7915','2013-11-03 22:26:00','2019-04-09 15:24:15'),(2,'Lila','Bins','chaim.waelchi@example.net','1-922-362-1920x708','2018-06-15 17:17:07','2011-11-22 08:03:45'),(3,'Frederique','Zboncak','vincenzo77@example.org','(501)528-7060','2016-06-17 05:46:48','2012-09-10 21:42:49'),(4,'Toni','Predovic','carroll.fletcher@example.com','05999389060','2012-10-02 10:36:21','2016-12-10 01:37:53'),(5,'Cali','Rath','maxie69@example.net','457-421-7440','2011-10-03 19:02:29','2017-01-13 12:50:48'),(6,'Janice','Nicolas','heller.haylie@example.net','04344005041','2011-10-24 04:56:22','2011-07-05 20:39:21'),(7,'Ubaldo','Schaefer','batz.chauncey@example.com','552.356.3295x22910','2015-02-14 13:26:17','2020-01-19 12:18:14'),(8,'Ebony','Sawayn','burley51@example.com','622-925-3390x8106','2011-01-03 13:59:09','2014-10-18 03:55:49'),(9,'Octavia','Cummerata','padberg.freddie@example.org','(868)131-9103x3675','2010-11-28 19:38:22','2020-03-05 20:30:53'),(10,'Merle','Tremblay','aufderhar.agustin@example.com','826-886-1251x335','2017-11-15 09:04:52','2013-02-12 21:36:15'),(11,'Moses','Herzog','madisen16@example.com','+68(3)0029215420','2011-04-23 03:18:05','2012-04-27 22:41:29'),(12,'Dock','O\'Keefe','lferry@example.org','1-154-928-6691x60597','2015-02-28 03:06:16','2013-10-31 00:48:46'),(13,'Kylie','Hirthe','bria.cormier@example.net','979.264.8715x07075','2011-12-05 14:17:29','2015-09-15 10:16:01'),(14,'Carol','O\'Conner','abeahan@example.net','(848)232-4312x2064','2019-09-25 13:33:33','2010-10-08 17:13:31'),(15,'Cecile','Ledner','tbahringer@example.net','1-758-107-5396x951','2020-01-23 17:52:32','2011-01-22 22:18:36'),(16,'Aurelia','Barrows','amira.hartmann@example.net','570-756-1039x41065','2012-10-22 10:33:20','2019-08-13 14:35:26'),(17,'Baylee','Kemmer','gsipes@example.com','(972)962-0611x060','2019-05-01 11:05:08','2011-03-15 02:34:48'),(18,'Stephany','Schmeler','barbara.dicki@example.org','1-606-368-1728x94696','2019-08-20 10:41:16','2012-04-16 20:50:47'),(19,'Kyler','Daniel','daisy.fisher@example.net','1-377-168-6165x25664','2016-03-31 09:02:06','2012-04-10 08:00:59'),(20,'Faustino','Kling','deborah.o\'reilly@example.org','737-345-9609','2016-02-28 14:08:00','2012-02-01 07:04:51'),(21,'Wallace','Gutkowski','maci59@example.com','1-948-234-6877x863','2017-12-10 03:18:44','2016-05-04 08:02:14'),(22,'Emanuel','Walker','jefferey65@example.org','+26(2)0066506678','2016-05-03 08:01:01','2018-05-04 03:37:29'),(23,'Hobart','Reynolds','jeromy02@example.com','(582)707-8825x2542','2013-01-03 20:17:46','2011-02-06 23:43:33'),(24,'Clemens','Fay','gutkowski.johnpaul@example.com','1-627-402-1480x63087','2019-05-13 10:13:35','2016-09-28 01:10:07'),(25,'Mariam','Gleason','heber24@example.org','(148)212-3130x59396','2019-01-21 23:05:14','2015-10-18 04:31:51'),(26,'Amaya','Hessel','windler.mattie@example.net','221-191-5114x73486','2011-08-22 18:45:08','2010-10-30 19:57:39'),(27,'Leda','Borer','uschaden@example.net','(445)093-3210','2013-05-16 04:14:10','2015-11-16 16:44:27'),(28,'Yesenia','O\'Conner','zoey33@example.com','(610)742-7890','2019-12-29 22:07:01','2017-03-29 22:00:19'),(29,'Izabella','Bogisich','jarrod.cassin@example.com','647.043.7066','2011-09-26 21:48:26','2012-03-08 00:03:33'),(30,'Alexa','Will','dianna.hand@example.net','628.117.0847','2011-05-13 11:10:15','2011-04-11 15:54:14'),(31,'Jamarcus','Heidenreich','soledad.bruen@example.net','625.790.1558','2011-09-19 14:49:58','2017-01-05 07:32:26'),(32,'Aidan','Jones','dandre.ratke@example.net','(035)698-9923x6649','2013-07-25 19:43:20','2012-11-27 19:22:15'),(33,'Koby','Yundt','trunolfsdottir@example.com','687-408-2409','2015-10-23 08:02:48','2016-09-21 07:02:34'),(34,'Earnest','Kirlin','taryn94@example.org','03455649824','2018-07-28 15:14:42','2014-10-18 13:48:13'),(35,'Allie','McClure','verla57@example.com','497.975.1061x9132','2014-03-29 17:02:45','2015-02-09 18:17:21'),(36,'Taurean','Mosciski','stroman.garrison@example.net','1-735-271-1096x084','2013-09-23 17:09:03','2017-08-29 21:20:48'),(37,'Carli','Kiehn','sigmund.padberg@example.org','1-845-633-1406','2013-02-22 11:32:52','2015-11-13 23:02:09'),(38,'Earline','Raynor','davis.quincy@example.org','1-691-958-4935x50230','2013-05-29 13:27:44','2015-11-09 19:35:29'),(39,'Elza','Pfannerstill','sawayn.dane@example.com','(616)213-5153x523','2017-07-30 05:03:13','2015-06-08 09:52:40'),(40,'Wilbert','Bernhard','aidan63@example.com','(764)378-1139x27638','2016-03-27 11:50:36','2018-11-18 19:31:40'),(41,'Heath','Dibbert','ostanton@example.org','280.238.7275x113','2013-03-27 03:27:51','2017-04-27 17:32:51'),(42,'Ed','Becker','duncan.gaylord@example.net','(576)287-3981x1905','2011-08-25 05:45:22','2014-01-23 11:05:31'),(43,'Lura','Fadel','lhaley@example.com','08578309498','2017-12-12 07:33:43','2011-10-03 08:06:40'),(44,'Candelario','Strosin','jd\'amore@example.net','716-977-3119','2016-04-09 17:11:38','2020-05-08 09:59:02'),(45,'Ward','Huel','ckuhlman@example.com','824.472.0353','2016-01-26 07:18:00','2010-08-28 10:02:22'),(46,'Louvenia','Wolf','carlo51@example.org','1-337-640-4263x0162','2010-12-24 19:22:50','2019-04-28 03:58:18'),(47,'Caleigh','Rath','alexandrine78@example.net','686.813.6625x552','2015-11-25 19:17:02','2013-09-24 16:25:43'),(48,'Nathanial','Fisher','mariane.kreiger@example.org','597-215-9063x337','2011-03-21 19:30:17','2020-03-31 07:00:07'),(49,'Ella','Wisoky','rmarks@example.net','1-019-717-6092x23441','2012-01-05 05:22:59','2011-03-07 03:52:17'),(50,'Reuben','Stokes','fannie.hoppe@example.com','878-532-5640x08779','2012-09-09 00:37:52','2011-05-21 16:08:19'),(51,'Wiley','Morar','chandler12@example.com','1-156-858-7673','2018-08-13 09:27:49','2012-12-13 19:27:53'),(52,'Anne','Emmerich','fweber@example.net','(881)873-2723','2019-03-23 09:20:15','2014-10-31 02:38:01'),(53,'Elyssa','Abbott','myron.nitzsche@example.net','01487227553','2019-03-15 02:00:56','2018-06-21 16:37:48'),(54,'Beau','Funk','dfay@example.com','09186124463','2017-10-15 21:05:05','2013-11-17 06:06:45'),(55,'Heath','Bashirian','leffler.enoch@example.org','(758)027-6441','2011-10-04 00:27:13','2016-12-25 17:45:22'),(56,'Gennaro','Huel','little.agustina@example.com','(350)168-9352','2015-06-27 15:52:42','2015-12-15 18:14:39'),(57,'Dora','Blanda','greenholt.juwan@example.net','(745)770-4670x079','2020-03-23 06:58:40','2019-09-29 20:06:40'),(58,'Muriel','Gaylord','wilford17@example.org','(370)839-5736x1568','2013-08-09 11:49:06','2013-06-28 07:20:25'),(59,'Zaria','Kulas','estefania72@example.com','952.934.1591x42566','2016-12-08 06:00:26','2012-05-21 06:35:15'),(60,'Kelley','Predovic','hayes.seamus@example.org','06271140165','2011-10-27 17:51:42','2010-10-01 04:37:40'),(61,'Nella','Waters','cecile.gislason@example.com','1-596-363-1537x856','2020-07-14 14:22:06','2013-07-13 03:29:05'),(62,'Donnie','VonRueden','gkiehn@example.net','146-122-8135x33227','2020-08-10 10:40:20','2016-07-23 14:28:38'),(63,'Hosea','O\'Conner','slindgren@example.net','453.586.2587x2672','2015-08-06 11:30:34','2019-05-10 15:30:07'),(64,'Candida','Schiller','kristina09@example.net','1-549-647-5334','2014-06-29 23:53:39','2014-12-23 09:44:05'),(65,'Richard','Bednar','mwitting@example.com','858-602-4098','2014-09-03 23:48:30','2019-11-07 11:12:05'),(66,'Garfield','Reichert','lilla.dicki@example.net','533.814.5574x64306','2015-07-17 16:28:29','2015-09-05 15:30:17'),(67,'Dylan','Ankunding','mackenzie29@example.net','(345)771-8961x5389','2020-01-09 13:09:40','2019-09-18 02:39:08'),(68,'Baylee','Walsh','gmosciski@example.com','897.530.8045x7041','2019-08-03 08:40:33','2019-08-10 16:49:59'),(69,'Brook','Langosh','qbradtke@example.com','066.358.2191','2016-09-10 15:30:24','2015-11-04 09:39:36'),(70,'Maria','Runolfsson','urosenbaum@example.org','085.613.9984','2012-02-17 06:08:36','2016-11-27 06:47:24'),(71,'Jermey','Volkman','xebert@example.net','688.584.7681','2011-09-06 12:39:37','2018-07-12 20:24:35'),(72,'Mike','Brown','nharris@example.org','341.044.3010','2010-12-09 15:24:42','2013-05-28 10:13:00'),(73,'Helga','Beier','francisco.goldner@example.com','(468)957-9117x6465','2015-09-21 10:47:40','2015-09-22 14:11:56'),(74,'Maxwell','Nolan','alan52@example.com','1-032-241-9037x41504','2018-05-06 06:55:28','2010-10-28 02:01:13'),(75,'Barney','Torphy','arunte@example.org','578.874.4914x7836','2019-06-04 12:16:04','2015-12-15 13:35:37'),(76,'Ardella','Botsford','bergstrom.jaida@example.net','941-066-3779','2016-11-22 14:11:19','2012-11-26 17:44:06'),(77,'Nathen','Glover','vernie86@example.net','787-054-5123','2017-08-08 16:30:23','2011-01-15 12:08:19'),(78,'Arnoldo','Willms','satterfield.hilma@example.net','1-365-292-7721','2012-11-04 21:12:25','2013-01-02 09:28:32'),(79,'Demarcus','Prohaska','krystel.abshire@example.net','876.836.9533x10894','2019-08-04 17:31:37','2014-04-09 22:37:16'),(80,'Naomi','Hirthe','botsford.otilia@example.org','(300)403-4567','2011-08-28 06:22:25','2015-01-06 19:46:00'),(81,'Nelda','Feest','taltenwerth@example.org','1-511-542-8562x93150','2014-11-01 09:19:15','2016-05-19 12:05:08'),(82,'Breanne','Sipes','edd06@example.net','234.097.3334x90178','2012-06-04 13:05:36','2014-04-14 03:31:57'),(83,'Rodrick','Goodwin','nwuckert@example.com','1-364-487-7976x347','2019-06-01 05:36:22','2016-09-01 17:25:44'),(84,'Gia','Leannon','carlotta.boyle@example.org','1-645-179-7654x73750','2013-09-10 01:11:18','2013-08-25 07:11:55'),(85,'Coty','Mayer','hilma97@example.com','1-958-224-9368x905','2013-01-22 10:29:17','2013-11-17 06:37:51'),(86,'Federico','Leuschke','heaney.verda@example.net','1-517-622-4764x47906','2018-10-09 01:41:01','2013-11-10 08:13:59'),(87,'Ara','Cummings','mertie.johnston@example.com','886.959.2196x911','2011-11-10 05:40:27','2017-09-10 20:06:59'),(88,'Alicia','Barton','carmelo.berge@example.net','663.481.5530','2013-12-30 07:13:30','2013-06-25 17:53:06'),(89,'Jordi','Kemmer','noemi.steuber@example.org','(685)812-4113','2016-12-05 23:20:44','2014-06-27 08:02:26'),(90,'Nina','Aufderhar','anya65@example.net','690-768-1959','2016-03-07 12:47:28','2012-05-06 03:19:37'),(91,'Fannie','Durgan','bradtke.lucie@example.net','(138)093-1541','2016-06-18 02:03:27','2020-04-28 00:23:39'),(92,'Luella','Wisozk','muriel90@example.org','(856)522-1293','2020-02-16 08:25:40','2014-08-15 22:14:27'),(93,'Ezekiel','Wisozk','hintz.idella@example.net','664-256-1812x3571','2019-08-06 12:00:15','2017-04-05 00:26:20'),(94,'Amber','Littel','aufderhar.arno@example.com','(408)876-6836','2013-10-28 17:38:13','2015-04-16 21:40:34'),(95,'Warren','Goldner','dangelo09@example.com','953.496.3935','2020-04-23 15:46:35','2010-11-08 04:15:01'),(96,'Dejah','Haag','elittel@example.com','(868)981-5248','2020-04-12 19:15:32','2014-01-22 13:20:58'),(97,'Keagan','Glover','balistreri.micaela@example.net','556-321-4368x6584','2011-11-10 20:07:03','2014-07-31 07:42:22'),(98,'Elmo','Conroy','schmeler.reinhold@example.net','089.594.0643x318','2017-03-21 22:29:57','2017-05-16 22:59:31'),(99,'Colin','Padberg','abernier@example.org','(129)937-6735x03763','2014-04-28 14:49:05','2015-04-20 19:49:25'),(100,'Bridgette','Ebert','clynch@example.com','(147)129-5552','2012-07-31 05:04:35','2011-10-07 08:35:19');
/*!40000 ALTER TABLE `users` ENABLE KEYS */;
UNLOCK TABLES;

--
-- Dumping routines for database 'vk'
--
/*!40103 SET TIME_ZONE=@OLD_TIME_ZONE */;

/*!40101 SET SQL_MODE=@OLD_SQL_MODE */;
/*!40014 SET FOREIGN_KEY_CHECKS=@OLD_FOREIGN_KEY_CHECKS */;
/*!40014 SET UNIQUE_CHECKS=@OLD_UNIQUE_CHECKS */;
/*!40101 SET CHARACTER_SET_CLIENT=@OLD_CHARACTER_SET_CLIENT */;
/*!40101 SET CHARACTER_SET_RESULTS=@OLD_CHARACTER_SET_RESULTS */;
/*!40101 SET COLLATION_CONNECTION=@OLD_COLLATION_CONNECTION */;
/*!40111 SET SQL_NOTES=@OLD_SQL_NOTES */;

-- Dump completed on 2020-08-19  9:13:35
