-- phpMyAdmin SQL Dump
-- version 4.9.5deb2
-- https://www.phpmyadmin.net/
--
-- Хост: localhost:3306
-- Время создания: Окт 01 2020 г., 11:32
-- Версия сервера: 8.0.21-0ubuntu0.20.04.4
-- Версия PHP: 7.4.3

SET SQL_MODE = "NO_AUTO_VALUE_ON_ZERO";
SET AUTOCOMMIT = 0;
START TRANSACTION;
SET time_zone = "+00:00";


/*!40101 SET @OLD_CHARACTER_SET_CLIENT=@@CHARACTER_SET_CLIENT */;
/*!40101 SET @OLD_CHARACTER_SET_RESULTS=@@CHARACTER_SET_RESULTS */;
/*!40101 SET @OLD_COLLATION_CONNECTION=@@COLLATION_CONNECTION */;
/*!40101 SET NAMES utf8mb4 */;

--
-- База данных: `kursa4`
--

-- --------------------------------------------------------

--
-- Структура таблицы `cart`
--

CREATE TABLE `cart` (
  `id` int UNSIGNED NOT NULL,
  `customer_id` int NOT NULL,
  `product_id` int NOT NULL,
  `option` text NOT NULL,
  `quantity` int NOT NULL,
  `date_added` datetime NOT NULL
) ENGINE=InnoDB DEFAULT CHARSET=utf8 ROW_FORMAT=COMPACT;

--
-- Дамп данных таблицы `cart`
--

INSERT INTO `cart` (`id`, `customer_id`, `product_id`, `option`, `quantity`, `date_added`) VALUES
(1, 5, 8, 'magni', 5, '1999-12-04 04:23:47'),
(2, 9, 0, 'accusamus', 8, '1996-07-15 21:25:06'),
(3, 9, 6, 'deleniti', 4, '1979-02-28 10:33:07'),
(4, 5, 8, 'quas', 1, '2018-08-18 03:24:49'),
(5, 3, 7, 'non', 1, '1975-01-12 15:34:50'),
(6, 8, 5, 'et', 1, '1982-05-10 15:43:27'),
(7, 5, 3, 'est', 1, '1985-11-06 04:11:57'),
(8, 8, 7, 'dolorem', 4, '1999-01-10 05:48:51'),
(9, 8, 7, 'labore', 6, '1999-11-02 08:05:46'),
(10, 7, 2, 'illo', 8, '2002-08-04 21:30:40'),
(11, 4, 5, 'laborum', 5, '2019-10-28 19:51:19'),
(12, 8, 4, 'modi', 0, '1990-05-10 21:42:03'),
(13, 1, 5, 'sed', 8, '1988-06-28 01:51:38'),
(14, 2, 1, 'molestiae', 9, '2015-03-29 11:58:46'),
(15, 8, 5, 'ut', 3, '2009-08-18 13:18:28'),
(16, 2, 4, 'at', 5, '1992-08-21 01:51:42'),
(17, 9, 8, 'aut', 0, '1981-02-13 03:42:51'),
(18, 1, 2, 'consequatur', 5, '2008-02-28 21:57:40'),
(19, 3, 9, 'cumque', 5, '2003-07-21 14:31:25'),
(20, 4, 5, 'expedita', 8, '1974-01-17 20:21:36'),
(21, 8, 3, 'reiciendis', 4, '2007-05-04 15:49:49'),
(22, 1, 9, 'eum', 0, '1996-02-06 02:55:27'),
(23, 7, 9, 'perferendis', 5, '1975-08-21 10:37:47'),
(24, 2, 2, 'voluptatem', 2, '1973-07-20 23:44:22'),
(25, 8, 7, 'consectetur', 6, '1991-09-03 05:43:43'),
(26, 9, 9, 'mollitia', 4, '1988-08-21 05:09:45'),
(27, 0, 8, 'numquam', 4, '2005-09-21 22:08:30'),
(28, 5, 3, 'sapiente', 1, '1979-04-24 20:55:31'),
(29, 3, 7, 'in', 0, '2002-11-10 16:32:41'),
(30, 8, 8, 'voluptatem', 5, '1988-04-29 21:30:53'),
(31, 5, 7, 'consequuntur', 5, '1978-11-26 03:39:15'),
(32, 5, 8, 'est', 5, '2018-10-04 01:28:28'),
(33, 5, 6, 'facere', 3, '2013-05-16 18:37:16'),
(34, 5, 7, 'sed', 5, '1993-10-16 03:52:37'),
(35, 4, 6, 'aspernatur', 0, '1970-06-10 07:06:28'),
(36, 7, 4, 'est', 3, '2009-06-21 11:56:31'),
(37, 2, 1, 'facere', 6, '2000-01-08 20:35:14'),
(38, 1, 2, 'voluptatum', 2, '1973-05-30 09:22:28'),
(39, 7, 5, 'qui', 1, '2015-07-04 08:37:34'),
(40, 2, 7, 'et', 5, '2003-12-23 03:31:03'),
(41, 1, 8, 'eligendi', 8, '2020-03-21 04:19:33'),
(42, 7, 9, 'aperiam', 6, '2009-11-18 08:53:08'),
(43, 6, 7, 'quia', 8, '2001-02-27 14:31:18'),
(44, 7, 6, 'doloribus', 3, '1970-03-09 00:32:00'),
(45, 4, 6, 'ut', 3, '1974-06-05 03:04:39'),
(46, 5, 6, 'saepe', 5, '1993-03-23 01:36:07'),
(47, 4, 7, 'ut', 3, '1982-02-16 05:07:21'),
(48, 6, 7, 'maxime', 9, '2017-11-02 01:09:54'),
(49, 3, 8, 'impedit', 3, '1970-06-10 14:12:59'),
(50, 9, 5, 'quia', 9, '2002-08-17 21:31:52'),
(51, 0, 3, 'et', 5, '1984-01-14 10:28:32'),
(52, 0, 1, 'natus', 9, '1976-01-28 02:48:01'),
(53, 8, 9, 'facere', 0, '1980-01-24 03:39:48'),
(54, 0, 8, 'recusandae', 1, '2011-09-23 04:54:28'),
(55, 9, 6, 'porro', 1, '1970-04-15 06:43:53'),
(56, 6, 4, 'est', 9, '2006-04-09 00:48:46'),
(57, 3, 5, 'dolorem', 9, '1999-04-19 08:52:30'),
(58, 2, 4, 'libero', 7, '2014-11-04 18:12:59'),
(59, 6, 3, 'porro', 6, '1987-11-18 13:26:02'),
(60, 4, 7, 'sapiente', 0, '1982-10-04 06:24:07'),
(61, 0, 1, 'consequatur', 7, '2005-08-08 19:49:15'),
(62, 1, 5, 'delectus', 2, '2009-11-03 08:45:05'),
(63, 8, 0, 'error', 6, '1975-06-01 18:07:39'),
(64, 0, 1, 'hic', 8, '1988-10-05 14:38:32'),
(65, 9, 6, 'maiores', 4, '1989-09-29 14:05:23'),
(66, 5, 9, 'sit', 8, '2019-12-05 03:30:37'),
(67, 9, 3, 'id', 8, '1973-03-03 10:42:05'),
(68, 6, 6, 'laudantium', 4, '2013-11-27 12:57:06'),
(69, 0, 3, 'quod', 4, '1980-06-23 04:14:20'),
(70, 7, 4, 'sit', 6, '1991-09-05 14:17:47'),
(71, 0, 7, 'aspernatur', 2, '1980-12-14 15:53:25'),
(72, 3, 8, 'facilis', 3, '1976-02-22 18:51:00'),
(73, 4, 2, 'eos', 4, '1998-10-10 05:55:10'),
(74, 8, 5, 'qui', 9, '2019-08-05 21:05:18'),
(75, 4, 6, 'pariatur', 4, '2012-10-26 00:28:58'),
(76, 3, 2, 'ut', 7, '2006-11-02 14:27:08'),
(77, 7, 2, 'voluptate', 6, '2006-03-02 08:53:01'),
(78, 9, 6, 'itaque', 9, '2004-12-07 09:08:18'),
(79, 4, 9, 'numquam', 1, '2001-08-18 15:11:25'),
(80, 6, 5, 'nemo', 6, '1974-02-14 19:29:17'),
(81, 4, 4, 'perspiciatis', 8, '1979-05-26 01:58:17'),
(82, 5, 0, 'modi', 7, '1974-12-23 09:49:24'),
(83, 9, 1, 'dolor', 2, '1997-04-10 06:52:02'),
(84, 6, 3, 'id', 4, '1994-10-28 14:26:15'),
(85, 7, 0, 'molestiae', 9, '2020-06-04 00:48:56'),
(86, 2, 4, 'facilis', 4, '1993-05-15 01:10:34'),
(87, 1, 0, 'nam', 8, '2003-06-28 15:50:33'),
(88, 9, 8, 'beatae', 7, '1991-12-10 22:44:23'),
(89, 2, 9, 'et', 4, '1986-05-11 10:41:13'),
(90, 6, 1, 'et', 7, '2016-11-06 22:16:51'),
(91, 7, 1, 'perspiciatis', 5, '1990-04-07 02:57:03'),
(92, 6, 7, 'sit', 1, '2005-06-29 13:52:02'),
(93, 3, 4, 'ut', 6, '2018-12-04 16:04:19'),
(94, 7, 9, 'porro', 8, '2015-06-29 11:10:34'),
(95, 7, 3, 'aut', 5, '2006-08-20 14:05:03'),
(96, 1, 7, 'occaecati', 9, '1973-06-24 13:19:35'),
(97, 3, 8, 'ut', 1, '1994-03-11 09:06:51'),
(98, 4, 7, 'eligendi', 1, '1981-10-13 03:48:49'),
(99, 0, 1, 'amet', 4, '1996-09-19 23:35:39'),
(100, 5, 0, 'officiis', 5, '2013-02-12 13:24:08');

-- --------------------------------------------------------

--
-- Структура таблицы `customer`
--

CREATE TABLE `customer` (
  `id` int NOT NULL,
  `customer_group_id` int NOT NULL,
  `store_id` int NOT NULL DEFAULT '0',
  `language_id` int NOT NULL,
  `firstname` varchar(32) NOT NULL,
  `lastname` varchar(32) NOT NULL,
  `email` varchar(96) NOT NULL,
  `telephone` varchar(32) NOT NULL,
  `fax` varchar(32) NOT NULL,
  `password` varchar(40) NOT NULL,
  `salt` varchar(9) NOT NULL,
  `cart` text,
  `address_id` int NOT NULL DEFAULT '0',
  `ip` varchar(40) NOT NULL,
  `status` tinyint(1) NOT NULL,
  `date_added` datetime NOT NULL
) ENGINE=MyISAM DEFAULT CHARSET=utf8 ROW_FORMAT=DYNAMIC;

--
-- Дамп данных таблицы `customer`
--

INSERT INTO `customer` (`id`, `customer_group_id`, `store_id`, `language_id`, `firstname`, `lastname`, `email`, `telephone`, `fax`, `password`, `salt`, `cart`, `address_id`, `ip`, `status`, `date_added`) VALUES
(1, 4, 5, 1, 'Casimer', 'Wunsch', 'virgil.larkin@example.net', '682-183-8791', '(754)259-8408x0448', '578d96d9d9b6027b9fd618bb7141a434ca162186', 'eyuv', '3035965', 7, '3.116.154.174', 0, '1990-07-04 21:16:30'),
(2, 8, 6, 3, 'Solon', 'Kilback', 'tmcclure@example.com', '(614)043-4470x542', '(349)032-1482x001', '05f46aa8276ee6bd1bd2d9c4e8fb6bacbc4048de', 'kjme', '2265110', 6, '248.200.83.76', 0, '1987-04-12 08:59:20'),
(3, 3, 2, 2, 'Shea', 'Swift', 'mvonrueden@example.org', '(084)087-0670x531', '(963)686-7463', '71c71389a6bee44bbfc34bd51e7c74bf84d5274f', 'lugm', '61', 2, '163.14.231.61', 0, '1998-12-29 07:24:53'),
(4, 8, 6, 9, 'Jane', 'Murazik', 'zreichert@example.com', '1-434-632-8861x44010', '+95(9)7042545206', '21aefb5d5f198159f5647352a3dcf535857f4ab3', 'bywe', '3', 6, '168.248.77.54', 0, '2018-08-17 10:04:08'),
(5, 2, 3, 0, 'Karson', 'Glover', 'margot.goodwin@example.com', '398-057-7287x418', '434.166.6299', '35fadf90b9842acf7e993c08a46de8a51586c3cb', 'uaxx', '629143433', 8, '80.200.146.24', 0, '2013-10-11 20:12:43'),
(6, 0, 3, 8, 'Clement', 'Dicki', 'daugherty.malcolm@example.net', '(235)241-2626x6813', '1-360-866-2718', 'a9ee93b608a15ec588b89ef10d97c41460274049', 'uezw', '9662065', 4, '137.211.89.87', 0, '2002-02-02 06:38:01'),
(7, 8, 6, 6, 'Thelma', 'Homenick', 'kiel49@example.org', '(349)078-4158', '04088339059', 'ca85ce008df534a8eebc11bb24f830481b899219', 'ckia', '996438', 7, '57.106.54.70', 0, '2020-09-22 15:44:51'),
(8, 6, 3, 3, 'Anika', 'Bogisich', 'kirlin.karli@example.com', '(993)287-1537', '09304530564', 'e2b5e69b7c0f2196719f33d3a4540cd1db54d62a', 'bgaw', '', 5, '238.152.2.186', 0, '2016-07-24 14:21:47'),
(9, 5, 1, 4, 'Violette', 'Lindgren', 'lia.jacobi@example.com', '574.365.1064x264', '+06(7)0771524786', '3755f5db775ef14d131e8b0213b1c11096507dc2', 'oopb', '38749376', 2, '185.25.223.37', 0, '1990-01-02 03:30:14'),
(10, 9, 6, 2, 'Wilbert', 'Upton', 'arnulfo34@example.com', '910-101-1884', '(223)505-6867', 'f544d57b111c611b45230c07957f2c93438b9fe0', 'edhj', '695768', 5, '191.142.82.178', 0, '1977-10-10 19:49:17'),
(11, 1, 7, 5, 'Lonzo', 'Toy', 'ullrich.lionel@example.org', '1-046-947-8382x426', '04291164579', '9d2ec4f83bc2e29f0ae1f6f9af637323f0dc7589', 'idar', '169696900', 3, '173.208.177.42', 0, '2002-05-04 13:43:59'),
(12, 8, 6, 1, 'Elmore', 'Barrows', 'zcrist@example.org', '(961)260-8565', '1-376-704-0590', '341c8175655cc46a26ac27afc114fa8b35b9cc65', 'jhso', '', 8, '48.158.122.186', 0, '1994-02-06 12:31:26'),
(13, 3, 3, 8, 'Arvilla', 'Steuber', 'michale03@example.org', '1-469-735-1237x1283', '(638)005-8307x2654', '757904a0d25ed042b2322ad8f18581fe8fd4a311', 'fhel', '', 0, '73.180.116.92', 0, '2002-06-14 12:40:40'),
(14, 5, 8, 5, 'Wilfredo', 'Greenholt', 'rosalee40@example.com', '+97(7)6333660141', '(402)354-3243x184', '0cfa3b0e0598a2c5643e001b1d939f0f2413bbe9', 'xdtu', '', 7, '136.18.184.148', 0, '2005-02-21 09:24:04'),
(15, 2, 1, 6, 'Jadon', 'Hayes', 'rau.marjorie@example.com', '293.375.1258', '1-235-058-3396x0509', '0bacfcc0856de4cf806a0e8cc17fbac13a4fc9a1', 'hnzm', '7', 9, '191.175.119.95', 0, '1990-05-03 15:22:15'),
(16, 2, 1, 3, 'Garnett', 'Hilpert', 'yreichel@example.org', '+62(5)1169195317', '(645)763-6616', '7529ad3d9a55fc7f22d0d5bdb57f7aec716cdce8', 'ovej', '1289020', 2, '6.89.95.200', 0, '1992-10-16 10:07:08'),
(17, 5, 9, 6, 'Annabel', 'Kreiger', 'ezekiel50@example.net', '1-234-380-1522', '327-156-7872x20997', '231888ce262c4fdeb3d314c9ab32416b44f2c364', 'tvqp', '97', 8, '45.218.224.159', 0, '2006-02-03 08:49:27'),
(18, 2, 4, 6, 'Micheal', 'Kuphal', 'hnitzsche@example.net', '535-762-6962x846', '1-650-737-6557x337', 'eee1eba2847a9dac5a64307325b4b618e8bcac2e', 'xthx', '714012087', 1, '68.6.147.234', 0, '1984-12-26 10:34:52'),
(19, 0, 6, 6, 'Haskell', 'Carter', 'kendrick10@example.com', '(073)482-2015', '741.288.2017', 'b5a226ca65abd8f9f1dd408df28caadcc6bec1ee', 'befu', '8', 8, '177.189.70.135', 0, '2015-11-08 11:35:41'),
(20, 9, 1, 6, 'Aliyah', 'Reichel', 'laurie.crona@example.org', '1-086-620-9626x435', '465.676.0554', '3f7a90d90c0400d2e34fd0331d1e0c5df8b7a76d', 'hcjh', '97083', 6, '249.143.175.176', 0, '2017-06-28 04:39:49'),
(21, 8, 8, 9, 'Rachael', 'Stanton', 'gusikowski.leann@example.org', '806.926.3023', '(116)834-5797', 'e61a6282a9b83a717b167eb88b54573fb4b3a6a7', 'qmsf', '6058', 3, '71.135.131.153', 0, '1973-02-07 09:39:41'),
(22, 7, 9, 6, 'Quentin', 'Kutch', 'gdouglas@example.net', '814-303-0728x197', '168-393-7738x924', '6bd06de01b4dfb33974d6f440b4f33ffbdf8bdaf', 'cmye', '521117', 6, '127.6.82.85', 0, '2014-02-01 13:17:11'),
(23, 7, 7, 7, 'Winifred', 'Rogahn', 'franecki.richard@example.net', '961-439-3327x5842', '118.285.1790', 'a1c18122bbeef73ea1a051ac3dc376242a86c434', 'lpuw', '204801', 5, '22.29.84.251', 0, '1977-08-31 17:45:22'),
(24, 5, 3, 5, 'Nora', 'Gorczany', 'fritsch.westley@example.com', '022.093.1176x06203', '1-972-536-3267x5267', '88d3b5cdf9aa52bcfd1781c152310c4801a57ee4', 'kzml', '4', 9, '87.253.46.114', 0, '1999-09-27 04:58:52'),
(25, 5, 6, 3, 'Margarett', 'Hoppe', 'nannie.will@example.net', '498.037.3786', '02433980122', 'd32eefcaa6ef0b9f62c979b80f6637bca33c2528', 'rdqf', '3287', 2, '210.174.34.237', 0, '1976-04-07 04:55:18'),
(26, 1, 2, 1, 'Larry', 'Mann', 'nrohan@example.org', '1-529-336-8386x77833', '(314)062-1027x274', '1ef1ef936d52c94e26136bfcb324485a25c3892e', 'dczo', '721', 5, '154.218.157.171', 0, '1982-12-17 13:20:48'),
(27, 8, 0, 4, 'Joy', 'Lowe', 'osauer@example.com', '400-115-1221x43586', '043.020.7597x8805', '3f47f6a23bbcca7f343246c3f82275f910fa7cc6', 'lchl', '', 9, '152.242.33.23', 0, '2003-10-16 20:46:26'),
(28, 8, 7, 0, 'Tod', 'Kshlerin', 'quigley.myriam@example.org', '850-389-4157x2877', '05645704421', '5c5d00885b3a27516bf6e75d949bd478398eae0f', 'xdqi', '90', 5, '154.24.240.143', 0, '1991-03-09 10:53:31'),
(29, 9, 7, 7, 'Paolo', 'Reinger', 'retta.hayes@example.com', '879-852-4396x9873', '865.060.6603', '6f33dc8fc8488ddaab2b6c6c97b2554bbb537c1a', 'ydpb', '', 8, '244.115.97.255', 0, '2004-04-25 23:55:12'),
(30, 9, 6, 9, 'Tiara', 'Bernhard', 'carmela39@example.net', '1-808-376-5709x94712', '256-131-9395', '1931f64fcbbf13529b1e76c66029ba82833ca3d6', 'czsc', '78630672', 1, '129.239.243.238', 0, '2012-03-07 23:30:22'),
(31, 5, 6, 1, 'Nia', 'Koss', 'xcormier@example.net', '1-185-525-6363x26444', '1-114-056-0100', 'b0e08b577e7b15a201433d2927a79c5e459e38f2', 'glii', '42578419', 8, '93.142.92.128', 0, '2001-03-24 17:41:28'),
(32, 4, 5, 5, 'Jamil', 'Purdy', 'niko53@example.org', '312-635-9645', '485-774-5686x33061', '88a27c2f8b7ede304fc3e288ef74a83271394e78', 'czqx', '62406', 8, '189.70.1.143', 0, '2014-07-18 06:28:08'),
(33, 1, 3, 7, 'Keely', 'Braun', 'xsatterfield@example.org', '1-394-024-0281x559', '627-876-8161x03372', 'b506edb469676219153510ab742a75c87632678f', 'daic', '', 6, '146.203.243.8', 0, '1970-05-17 16:53:31'),
(34, 3, 5, 3, 'Efrain', 'Bogisich', 'cpredovic@example.org', '08149053020', '(484)919-8054x2788', 'd10046eff737addee445eb4110e608c8b6925e21', 'qeyo', '9472603', 6, '230.144.249.196', 0, '1992-05-09 07:57:21'),
(35, 6, 0, 1, 'Angeline', 'Hane', 'fschaden@example.org', '+77(7)8077009054', '415-291-0018x607', '0a840e7d0c5fbf7e91eb997fc5aed16e97749f92', 'ajcz', '9', 5, '69.188.220.5', 0, '1999-03-15 07:02:20'),
(36, 3, 0, 0, 'Allan', 'Bayer', 'mosciski.laurel@example.net', '664.861.9783x77776', '1-318-771-3566x98483', 'b64d988cd866e94a1a11a7288859df42c364861a', 'bgra', '', 1, '229.30.61.71', 0, '2016-06-14 00:24:12'),
(37, 5, 1, 6, 'Shawna', 'Lindgren', 'edwin23@example.net', '+69(1)9828214437', '1-922-478-5184', '9b00159c80d4f0fddbc5fdb46c3d6182a354a0cc', 'usvi', '45442', 0, '45.2.143.82', 0, '1992-04-14 22:18:32'),
(38, 1, 2, 4, 'Micaela', 'McLaughlin', 'qmoen@example.net', '(122)556-6657', '02664926607', 'ab6f4cc2747de640703cdfb7676a945ec92cb67d', 'rtwe', '85221', 5, '199.253.101.239', 0, '1990-04-13 08:30:45'),
(39, 1, 8, 6, 'Felipe', 'Homenick', 'ykutch@example.org', '177-278-0691', '(236)617-6077', '256563243af3535fc08665153ab2606811095719', 'pfux', '94406', 8, '132.5.143.83', 0, '1998-07-04 23:54:26'),
(40, 0, 4, 3, 'Rae', 'Luettgen', 'maggio.cecile@example.com', '(339)764-3882', '459-245-6265x76044', '6b2f3fae283172186f35dd0b9b0f664ab9b88566', 'aiqb', '314', 8, '27.183.76.243', 0, '2012-02-08 19:17:58'),
(41, 8, 0, 3, 'Derrick', 'Crona', 'cadams@example.com', '(432)419-3610x824', '(196)029-8267x4158', '449ec9abafa6ee0a86cf60461d02fc4d242cab80', 'mqgv', '15810', 1, '131.162.72.197', 0, '1988-11-09 04:32:27'),
(42, 4, 7, 1, 'Elda', 'Mitchell', 'dorthy.fisher@example.net', '1-631-930-8555', '1-447-478-3438', 'a091cdb563d3f4a3dde7c1230a13c1e913649389', 'nbgx', '765488', 0, '52.172.225.124', 0, '1993-03-27 09:14:24'),
(43, 9, 9, 3, 'Zetta', 'O\'Keefe', 'ebert.stacey@example.net', '(909)065-2801', '(734)048-8719', 'd8a98eda33bdbea678a9209ba56814a961c5df8f', 'soje', '5', 8, '101.234.24.113', 0, '2012-07-14 09:28:27'),
(44, 1, 1, 2, 'Lucienne', 'Cummerata', 'muriel26@example.com', '742.782.5857x8797', '+65(7)5450215148', 'b6d43d40cf64441ad0418b04ee7d92290c006b45', 'dhsp', '299', 6, '86.157.230.16', 0, '1979-02-05 18:11:26'),
(45, 8, 0, 0, 'Demond', 'Harvey', 'antwan15@example.com', '1-707-798-5208x278', '(162)788-5679', 'f26af329c2a17683101aa1778b2aa657ac32fc2a', 'fbnw', '85', 6, '122.25.91.183', 0, '1973-02-12 01:38:24'),
(46, 1, 0, 6, 'Hellen', 'Abshire', 'orrin51@example.org', '(157)895-0007x447', '02487810420', 'f245eaa827aecc3d99f39a114f1c33405885e253', 'kfqe', '6', 6, '128.109.241.95', 0, '2001-08-25 20:51:42'),
(47, 9, 3, 8, 'Eugene', 'Quigley', 'renner.oma@example.net', '(359)943-3708', '04858381150', '6d697bd40a48834bfbe2909c89cf9be93b62e61b', 'olul', '7', 7, '100.13.96.166', 0, '1983-12-14 01:00:19'),
(48, 6, 0, 5, 'Kim', 'Effertz', 'stanton.rowena@example.org', '(774)234-1947x925', '807.086.5182x007', '0d4054a591fb3a57d9a59272c61976392d38095e', 'zqqd', '', 0, '167.104.211.2', 0, '2002-08-19 01:25:28'),
(49, 6, 2, 9, 'Archibald', 'Rutherford', 'yswift@example.org', '742-538-8579', '820.046.8780x70472', 'f73c86304fdddd13480eceb4b58b4899e1a26a33', 'bvwx', '220423853', 3, '2.36.230.14', 0, '1986-08-14 19:21:46'),
(50, 1, 7, 8, 'Francisca', 'White', 'wvandervort@example.net', '+76(7)6527938652', '597-332-1497x6115', '069188c655771883ed2ce64995c9eae6612f4c62', 'lzop', '74713502', 0, '19.68.66.121', 0, '1974-06-21 21:34:56'),
(51, 6, 6, 7, 'Janie', 'Wuckert', 'mayer.elliot@example.com', '06829152313', '924.650.0599', '65d8517a3c0bd437a82b1c03f51361cb8d718aeb', 'buje', '130041', 7, '173.6.65.67', 0, '1993-07-31 12:43:27'),
(52, 0, 3, 6, 'Tyler', 'Terry', 'bergnaum.anderson@example.org', '723.003.4863x633', '321-166-6639x70445', 'b6634fb5816e3575a4dd62381f79b38c7972b3a4', 'tnuw', '980965', 3, '38.170.172.90', 0, '1973-02-19 07:19:35'),
(53, 4, 9, 8, 'Lisette', 'Robel', 'phoebe34@example.org', '+40(8)4743907765', '1-842-010-4741x22622', '20503257d7acb616325a214a257e81ac880ccd8a', 'ccxa', '105719', 7, '5.130.34.85', 0, '2015-01-01 20:37:55'),
(54, 4, 5, 2, 'Ransom', 'Bernhard', 'kirstin.funk@example.org', '660.281.2577x695', '090-313-0505x446', 'ad96fa3e06f492eb63fdbe0e8ac3098b94c5b084', 'iahg', '', 3, '54.48.58.99', 0, '1981-09-17 07:57:35'),
(55, 7, 9, 1, 'Ila', 'Wintheiser', 'armand74@example.net', '01965534876', '08332987642', '76fcfdc6805a437099fd17c26be178056f958cc6', 'qplw', '77', 4, '242.90.161.4', 0, '2018-11-03 13:59:23'),
(56, 1, 1, 0, 'Jan', 'Kris', 'emmanuelle.pouros@example.org', '1-018-414-6584x9278', '011-169-7498x2409', 'a868cf0d0596fc578dfd80c4475faa2bb2f43d8f', 'wixz', '56', 8, '193.219.249.245', 0, '1982-11-26 08:13:37'),
(57, 8, 5, 4, 'Anjali', 'Hoeger', 'wtrantow@example.com', '652.261.7935', '08906796105', '344a85902a98297f5ac2d26038591076c288de85', 'bcdj', '565049783', 5, '129.64.74.194', 0, '1976-07-18 22:08:32'),
(58, 4, 1, 5, 'Delphia', 'Stanton', 'norwood78@example.org', '511-092-1656', '845-928-0153', '09ee3ee7b9877061009a4e0eef8333f4345f1eca', 'qrxu', '532', 3, '137.125.85.214', 0, '1986-12-07 03:53:15'),
(59, 7, 7, 0, 'Mitchel', 'Bauch', 'muhammad.rath@example.net', '499-011-7761x0709', '(663)396-8841', '2a6108c2016d9a52fede70062881ed7382122106', 'pkew', '497954830', 8, '204.70.150.161', 0, '2007-06-14 12:02:29'),
(60, 1, 1, 6, 'Annamarie', 'McClure', 'vblock@example.com', '(130)790-5942x499', '712-708-0596x3132', '354aa070c49122f766d58ca6ba33f7fd5895768e', 'vdqy', '3885', 3, '235.130.126.75', 0, '2008-11-20 11:00:20'),
(61, 7, 7, 9, 'Jermey', 'Mertz', 'funk.cassandra@example.com', '+32(8)3378072902', '313.906.4534', '690bf901fcb91a7c9dc0c93f0c266010005f9d9e', 'uovg', '21118', 0, '170.103.129.138', 0, '1994-12-28 23:22:59'),
(62, 3, 2, 1, 'Lue', 'Davis', 'sammy.swaniawski@example.com', '958.592.7849x8827', '(802)249-3874x14930', 'fcc57e1b4b999024beae43a6555753bc04c75c0e', 'prwn', '4757158', 7, '174.233.135.132', 0, '1983-05-04 14:28:10'),
(63, 9, 2, 4, 'Emiliano', 'Doyle', 'jerod.watsica@example.net', '298.050.8213x336', '1-778-462-4499x734', 'b6754a76c0621c60c39ea3029427f7e4be2ea592', 'kfmq', '48352299', 6, '19.239.182.207', 0, '2005-07-14 11:34:15'),
(64, 7, 8, 7, 'Valentine', 'Nicolas', 'lesch.keira@example.net', '663.587.3796x00341', '1-723-380-1448x8472', '14b5e16f8b079b2f4ee0e8689fb769ecfc529bdb', 'vgrf', '', 8, '31.36.14.137', 0, '2014-02-18 19:04:14'),
(65, 7, 0, 7, 'Oliver', 'Smitham', 'lilian48@example.org', '882-846-7103x5761', '126-472-0026', '4a4c29296e3ec6b9352925239acf29299e2f04d2', 'obnm', '2', 8, '76.10.84.164', 0, '1990-05-20 09:23:09'),
(66, 5, 6, 1, 'Taryn', 'Willms', 'georgette.king@example.com', '(083)851-4512x8040', '+33(2)2896094830', '5c24d6aebef12e9a07850cf6d2ae085bd116651b', 'avxp', '3', 0, '208.108.28.114', 0, '1993-09-25 10:13:25'),
(67, 4, 9, 5, 'Mckenna', 'Daniel', 'dannie34@example.org', '148.835.4359x144', '315.041.5450x725', '029e333e7f82748f7e64c9f52d99d87aed8e009c', 'ejel', '493797645', 2, '30.160.99.248', 0, '2009-10-03 06:25:35'),
(68, 4, 3, 2, 'Giovani', 'Steuber', 'oma41@example.org', '1-944-151-6062x5286', '483.739.7889x62073', '7e9482e196d1fc27f8f16e2568d81cab404dc710', 'djam', '93', 8, '80.161.208.84', 0, '1982-07-06 21:19:45'),
(69, 0, 0, 4, 'Karine', 'McLaughlin', 'daphne.rowe@example.com', '851-790-0405x46165', '259-051-5690x043', '5cdf222c190e2c33c0f951dc1b0ae17301121dd8', 'mdms', '53', 4, '37.115.106.218', 0, '1970-07-14 20:49:37'),
(70, 7, 8, 8, 'Carmela', 'Hirthe', 'bogisich.marisol@example.org', '(877)682-7768', '1-070-196-1397x43393', '56b10cbde458c937f893a708f34061e4489b1283', 'ezzy', '2127', 4, '52.44.54.94', 0, '1982-08-09 07:11:15'),
(71, 0, 7, 3, 'Phoebe', 'Hackett', 'porter.wolff@example.com', '(652)517-8225', '00821953663', '7aea4352f26d45c860c09911bb95e0490568c129', 'hgxb', '9', 6, '56.205.130.12', 0, '2007-07-12 11:03:09'),
(72, 8, 4, 4, 'Herminia', 'Schuster', 'myrl.effertz@example.net', '(527)832-0692', '1-215-209-8133x24085', '5193fbabbc12250e41565ab26a3ebff414b854f6', 'tibq', '3', 0, '9.70.133.56', 0, '1971-03-25 11:13:00'),
(73, 2, 2, 9, 'Gerda', 'Conn', 'swaniawski.jeanette@example.org', '1-118-711-6497', '040.192.1151', '5efacca58c7840803d39796111fbd573d8a10875', 'aqyd', '922979223', 2, '126.133.82.254', 0, '1987-12-26 12:47:07'),
(74, 5, 5, 6, 'Jaeden', 'Cremin', 'miller.sid@example.com', '450.292.4730', '818.487.1388x8357', 'ef8aea8a0be7c3fd5f13c7cc82264e9b66361340', 'scaz', '', 8, '250.40.116.163', 0, '1984-07-09 12:31:40'),
(75, 5, 2, 3, 'Frederick', 'Kuhic', 'ford.hirthe@example.net', '1-424-582-4597', '132.701.1725x7745', '8de5aedc3bea433e9c13c94210fed56774a14de4', 'htes', '521', 3, '232.194.229.179', 0, '1988-03-19 20:37:34'),
(76, 9, 1, 1, 'Joanne', 'Rice', 'armand.muller@example.net', '(371)390-7167x11590', '07713099275', 'f1df7d4098c4a803e71d38ea05c4e8dabfa87125', 'zzlk', '513648', 6, '162.254.59.172', 0, '1980-12-21 22:20:38'),
(77, 5, 4, 2, 'Cristopher', 'Weimann', 'dewitt63@example.net', '01702634674', '247.057.6201x17940', '3bfe7a55512e38b324685c2ba320e72fe0030470', 'mlrq', '90212776', 1, '176.73.171.30', 0, '1992-08-11 11:47:38'),
(78, 4, 6, 1, 'Alex', 'Wolff', 'pansy75@example.com', '(584)939-2957x9324', '09207999020', '7775e8f76c15de0e337764dad791ceedd6a8c476', 'bzaa', '4', 2, '153.149.60.204', 0, '1995-06-17 13:00:22'),
(79, 1, 4, 7, 'Gladys', 'Skiles', 'benny.spencer@example.com', '1-065-364-9471', '01571370290', '564f66ef8e421a7a7dc0128c8c85b7052ed1e2e6', 'gizd', '13259687', 3, '14.101.43.104', 0, '1995-12-29 01:33:11'),
(80, 9, 7, 3, 'Willis', 'Klocko', 'grimes.gust@example.org', '(496)229-4495', '1-285-936-7856x2855', '4a5eea77639c0146393aed25762d2760d1205f3d', 'dclv', '487198', 5, '229.156.39.49', 0, '2006-07-31 22:28:21'),
(81, 6, 7, 9, 'Kellen', 'Abbott', 'beer.lesly@example.net', '728.115.3965x467', '(209)465-8706x821', '4bd715922453bb9fbeee2edded2f015644f1d840', 'goxy', '388875', 5, '172.179.149.97', 0, '1994-06-24 07:39:20'),
(82, 7, 3, 0, 'Emmet', 'Rolfson', 'sdaniel@example.com', '05392205195', '(485)949-4673x943', '680f821621fe5cddea0be5b81c44db8d02c890a7', 'ogvj', '764', 9, '51.61.206.219', 0, '1984-06-21 16:24:17'),
(83, 2, 6, 1, 'Jaeden', 'Hahn', 'shaina.prohaska@example.net', '195.336.5337', '1-713-707-8369x0091', '6b5baed4e4c4aaa15614d04c1aed7cb3ae3038ff', 'kaqv', '59139', 3, '147.46.159.152', 0, '2002-08-13 03:59:24'),
(84, 6, 0, 0, 'Berneice', 'Dickinson', 'hand.wilton@example.net', '591-608-1767', '925.426.9159x25463', '2565dc29f5bf3a5e17282cac831a179e12dbc29d', 'exne', '1895', 6, '245.153.163.92', 0, '1998-12-05 16:19:07'),
(85, 1, 9, 5, 'Duane', 'Weber', 'major11@example.org', '1-314-425-3771x08608', '1-713-296-1276x4584', 'bfc7b90e98625ab47baad515064f79a18aebb0d4', 'cjbr', '34', 0, '152.234.160.21', 0, '2017-09-25 02:46:25'),
(86, 2, 0, 0, 'Alisha', 'Cummings', 'gabriel64@example.net', '1-796-540-5458x2758', '984.559.3085', '827b93cb1478543d8b4dc294d499eed0a1a59245', 'rofb', '76384', 0, '217.88.62.81', 0, '1980-01-21 06:38:54'),
(87, 5, 3, 5, 'Torrey', 'Kautzer', 'dibbert.miguel@example.net', '(412)053-4643', '176.294.4935', 'a1fddcb6c3b13dd165988e67c2eaadf64cfa4b68', 'ggib', '21977', 9, '141.191.250.43', 0, '1971-03-25 05:41:20'),
(88, 4, 8, 2, 'Elouise', 'Leuschke', 'garret.rippin@example.org', '360.560.4225', '168.713.4150x11798', '4c72410d417e6966c0a113072e22862a72bc3c6a', 'ybsk', '887', 8, '251.12.218.171', 0, '2009-02-22 07:59:47'),
(89, 0, 1, 1, 'Sallie', 'Beer', 'kjohnston@example.com', '1-026-917-3135x86510', '623-209-3513x29429', 'a8809c28bf1c88904c1d4c2d7e12859b3f12f276', 'wpwu', '47213860', 3, '193.93.108.136', 0, '2000-12-28 06:50:57'),
(90, 9, 5, 1, 'Dena', 'Daugherty', 'anika.waters@example.net', '833-144-5514x5307', '+73(9)1049233809', '981a30baceb327dd788329941c848a8f0ffef112', 'fiiz', '24939', 6, '194.95.195.95', 0, '1981-06-24 07:41:22'),
(91, 4, 9, 5, 'Kayli', 'Stroman', 'deja.kertzmann@example.net', '(870)100-6011x358', '152.718.5192', 'ed30c06719524e1d4bf958c0b3e784978fab69e1', 'yqni', '8', 6, '122.88.125.79', 0, '1970-11-03 04:52:49'),
(92, 0, 9, 3, 'Alexandrine', 'Schulist', 'alysson36@example.com', '261-541-6871x487', '+49(5)6831506029', 'ee84f43b0bcc90f52040280ecbd807925211b412', 'nmmp', '69675178', 8, '43.187.176.88', 0, '1986-06-26 13:10:24'),
(93, 4, 1, 7, 'Gregorio', 'Russel', 'kunde.josiane@example.org', '(671)613-8643', '+85(0)7683355745', '79468037bab84adf239bb8b3fc0256f5a93b8dd7', 'jkgc', '73', 9, '159.64.253.244', 0, '1981-06-18 01:57:08'),
(94, 1, 6, 2, 'Heaven', 'Bosco', 'katelin53@example.org', '03019397394', '027-059-8983', 'c1fbe1c8a3a3111a5c5008d5a5d17ac9f1a01ca6', 'mlcy', '2486565', 5, '139.214.45.233', 0, '1999-12-17 19:33:37'),
(95, 6, 7, 4, 'Sammy', 'Treutel', 'gladyce89@example.org', '(461)141-3005', '+66(1)3466785941', 'fa4dee46314c6c0846cf3a090acca28a1ae806f5', 'kmef', '4', 4, '167.197.227.19', 0, '1976-09-19 23:31:05'),
(96, 7, 1, 4, 'Therese', 'Braun', 'maverick09@example.org', '1-697-477-0276', '636-379-1034x332', 'a1ca4bd587d549ec0e0a71b3b2919be1565c26aa', 'rcbb', '120013076', 6, '156.43.227.21', 0, '1976-10-03 08:08:09'),
(97, 7, 9, 1, 'Jerry', 'Lebsack', 'adrian.dare@example.net', '(941)037-9517x94698', '(335)409-7398', '6beacb139c3ba6ca5b4c8788202eb1b2e535c6f2', 'xfff', '53736493', 1, '207.144.144.64', 0, '2005-12-08 11:36:32'),
(98, 5, 0, 7, 'Ahmad', 'Barton', 'mkling@example.org', '1-957-412-0174', '(839)532-6546x6437', '8d791120430d493edff2fe631e5e2e40aba356e1', 'wxsv', '76091855', 6, '191.249.157.127', 0, '1991-02-21 20:32:21'),
(99, 9, 0, 1, 'Sarai', 'Reichert', 'omer.crona@example.com', '1-040-613-9980x63872', '874-409-1213x007', '24262f63e09f6a975a9e747099a1df9de89c7185', 'swuf', '54', 5, '188.65.10.222', 0, '1993-10-02 17:16:29'),
(100, 7, 6, 3, 'Odell', 'Jacobs', 'zieme.aglae@example.com', '1-897-048-7324', '479-022-5048', 'e2d88ec97b72640f910695907469db328f6bfd27', 'dkss', '966872631', 6, '169.48.235.197', 0, '1970-10-16 14:17:45');

-- --------------------------------------------------------

--
-- Структура таблицы `customer_history`
--

CREATE TABLE `customer_history` (
  `id` int NOT NULL,
  `customer_id` int NOT NULL,
  `comment` text NOT NULL,
  `date_added` datetime NOT NULL
) ENGINE=MyISAM DEFAULT CHARSET=utf8 ROW_FORMAT=DYNAMIC;

--
-- Дамп данных таблицы `customer_history`
--

INSERT INTO `customer_history` (`id`, `customer_id`, `comment`, `date_added`) VALUES
(1, 4, 'consectetur', '1979-06-09 09:39:37'),
(2, 2, 'et', '2019-05-31 05:11:34'),
(3, 1, 'nam', '2005-02-13 13:05:09'),
(4, 5, 'voluptates', '1973-11-06 10:40:38'),
(5, 2, 'neque', '1973-07-09 16:57:30'),
(6, 6, 'iste', '1997-01-15 06:56:25'),
(7, 2, 'nihil', '2003-01-07 10:29:48'),
(8, 3, 'temporibus', '1974-08-22 21:53:09'),
(9, 6, 'rem', '1980-05-29 10:37:35'),
(10, 8, 'dolor', '1998-08-02 12:33:06'),
(11, 0, 'incidunt', '2003-08-27 07:19:10'),
(12, 4, 'maxime', '1995-11-14 23:40:15'),
(13, 6, 'facere', '1979-01-02 13:25:15'),
(14, 7, 'sapiente', '1980-06-15 00:05:19'),
(15, 3, 'tempora', '1989-01-02 05:23:07'),
(16, 8, 'aspernatur', '2005-04-29 04:15:12'),
(17, 2, 'neque', '1997-03-22 01:37:24'),
(18, 1, 'totam', '1979-03-30 03:25:45'),
(19, 3, 'voluptatem', '1986-02-13 04:02:08'),
(20, 2, 'aspernatur', '1982-02-15 15:40:10'),
(21, 8, 'est', '2002-03-28 17:11:17'),
(22, 2, 'veniam', '1994-11-09 16:05:32'),
(23, 6, 'eum', '1984-08-14 20:59:05'),
(24, 7, 'perferendis', '1971-05-29 13:33:39'),
(25, 6, 'eaque', '2006-11-11 15:57:52'),
(26, 3, 'harum', '1977-03-08 02:17:09'),
(27, 3, 'eius', '1994-10-17 02:48:40'),
(28, 0, 'quia', '2015-02-13 07:57:22'),
(29, 1, 'pariatur', '1994-06-15 00:36:42'),
(30, 4, 'alias', '1976-07-18 19:43:22'),
(31, 8, 'doloribus', '1994-11-27 15:47:12'),
(32, 4, 'doloremque', '2004-12-02 23:29:09'),
(33, 9, 'repellat', '1972-08-16 14:37:50'),
(34, 9, 'et', '1971-12-18 23:21:02'),
(35, 9, 'doloribus', '2016-06-17 00:01:17'),
(36, 0, 'voluptatem', '2007-08-15 21:41:32'),
(37, 2, 'odio', '1990-05-24 04:02:11'),
(38, 7, 'minus', '2004-07-06 04:21:31'),
(39, 3, 'a', '1993-09-17 22:11:34'),
(40, 5, 'ipsam', '1970-10-23 17:22:57'),
(41, 2, 'blanditiis', '1990-03-30 03:21:37'),
(42, 4, 'tempora', '1992-09-01 00:35:00'),
(43, 2, 'nihil', '2016-04-20 19:23:30'),
(44, 8, 'dolorem', '1994-07-05 23:30:36'),
(45, 3, 'fugiat', '1997-04-10 06:26:18'),
(46, 2, 'laboriosam', '2019-06-15 23:49:32'),
(47, 1, 'impedit', '2014-02-10 04:02:14'),
(48, 2, 'eaque', '1970-07-28 18:45:40'),
(49, 2, 'magni', '2019-05-19 17:16:41'),
(50, 7, 'qui', '2004-03-29 03:57:24'),
(51, 6, 'odit', '2020-07-04 09:36:01'),
(52, 6, 'et', '2001-05-17 08:11:33'),
(53, 7, 'nostrum', '1984-06-20 17:26:30'),
(54, 3, 'at', '1978-01-25 23:38:27'),
(55, 2, 'eligendi', '1999-09-11 03:57:53'),
(56, 1, 'enim', '1973-11-11 20:56:02'),
(57, 8, 'consequatur', '1995-03-23 07:37:35'),
(58, 8, 'rerum', '1999-11-11 22:30:18'),
(59, 2, 'iure', '1988-03-05 09:44:17'),
(60, 8, 'aut', '1970-01-12 17:09:24'),
(61, 5, 'fugiat', '1975-11-27 18:15:57'),
(62, 6, 'et', '2000-07-15 13:23:19'),
(63, 8, 'odit', '2017-08-15 17:08:28'),
(64, 9, 'temporibus', '2001-07-08 00:00:59'),
(65, 9, 'eius', '1997-01-25 21:34:42'),
(66, 4, 'maxime', '2018-04-07 12:24:56'),
(67, 2, 'laborum', '1995-04-29 13:01:48'),
(68, 1, 'est', '1992-03-10 16:54:13'),
(69, 3, 'et', '2005-01-19 19:54:51'),
(70, 8, 'odio', '2002-10-09 01:02:22'),
(71, 3, 'asperiores', '1991-01-14 02:27:23'),
(72, 5, 'vitae', '1976-01-05 14:11:14'),
(73, 0, 'sit', '2011-10-29 15:52:23'),
(74, 2, 'occaecati', '2016-10-30 20:28:41'),
(75, 4, 'non', '1971-09-18 06:42:54'),
(76, 1, 'expedita', '2011-01-16 10:12:42'),
(77, 8, 'illum', '1992-07-27 03:42:38'),
(78, 0, 'et', '1988-06-07 15:00:27'),
(79, 6, 'pariatur', '1986-07-18 12:04:28'),
(80, 9, 'voluptatem', '2006-04-19 01:32:55'),
(81, 1, 'perspiciatis', '2017-08-12 16:13:18'),
(82, 2, 'est', '1988-06-19 23:43:56'),
(83, 6, 'ut', '1995-09-06 22:46:38'),
(84, 0, 'fuga', '1986-03-04 02:09:25'),
(85, 4, 'facilis', '2008-06-27 20:29:59'),
(86, 6, 'officia', '1990-12-17 12:04:06'),
(87, 2, 'eos', '1978-06-03 00:24:09'),
(88, 5, 'et', '2001-07-09 06:44:40'),
(89, 1, 'ut', '1990-10-27 08:17:44'),
(90, 4, 'est', '1994-10-16 04:50:24'),
(91, 3, 'delectus', '2002-05-22 13:26:12'),
(92, 3, 'consequatur', '2004-05-13 14:46:01'),
(93, 0, 'modi', '2010-06-18 05:29:06'),
(94, 8, 'et', '1970-02-22 09:20:10'),
(95, 1, 'reprehenderit', '1981-08-08 15:19:44'),
(96, 3, 'odit', '2018-04-24 18:23:49'),
(97, 6, 'culpa', '2008-04-11 06:09:47'),
(98, 9, 'ut', '1991-01-05 10:05:29'),
(99, 0, 'non', '2015-11-02 04:26:31'),
(100, 0, 'assumenda', '1971-07-06 12:05:23');

-- --------------------------------------------------------

--
-- Структура таблицы `customer_ip`
--

CREATE TABLE `customer_ip` (
  `id` int NOT NULL,
  `customer_id` int NOT NULL,
  `ip` varchar(40) NOT NULL,
  `date_added` datetime NOT NULL
) ENGINE=MyISAM DEFAULT CHARSET=utf8 ROW_FORMAT=DYNAMIC;

--
-- Дамп данных таблицы `customer_ip`
--

INSERT INTO `customer_ip` (`id`, `customer_id`, `ip`, `date_added`) VALUES
(1, 0, '161.43.183.249', '1993-04-23 10:02:53'),
(2, 1, '161.32.93.30', '2016-09-19 16:14:01'),
(3, 0, '67.209.106.93', '1974-09-12 11:07:18'),
(4, 2, '207.115.192.136', '2012-05-19 01:23:06'),
(5, 0, '124.108.53.142', '1999-10-15 16:38:38'),
(6, 8, '23.86.32.59', '2005-10-12 00:31:00'),
(7, 5, '62.84.124.134', '1999-03-22 10:58:23'),
(8, 3, '143.105.187.208', '2013-05-19 03:41:16'),
(9, 0, '91.214.42.69', '1976-08-14 15:47:23'),
(10, 5, '137.32.112.236', '2005-06-20 06:23:45'),
(11, 9, '2.173.9.0', '1997-09-23 19:17:33'),
(12, 9, '14.157.32.49', '1972-11-12 01:20:05'),
(13, 9, '48.251.93.124', '1998-04-01 19:12:12'),
(14, 4, '38.115.21.20', '1981-07-10 18:50:55'),
(15, 8, '227.185.103.74', '1997-12-14 21:21:16'),
(16, 7, '90.124.168.250', '2019-10-27 15:32:40'),
(17, 3, '40.169.3.24', '1983-05-03 02:24:21'),
(18, 7, '71.72.207.49', '2010-05-01 18:05:17'),
(19, 9, '221.0.174.206', '1978-08-20 10:26:51'),
(20, 3, '87.116.106.55', '2020-07-04 05:08:46'),
(21, 6, '119.73.9.11', '2006-02-02 23:20:15'),
(22, 0, '145.191.235.114', '2007-05-15 00:10:54'),
(23, 8, '170.252.220.33', '2000-02-28 11:57:38'),
(24, 9, '191.146.151.118', '2005-12-10 04:47:49'),
(25, 2, '151.164.23.138', '1992-11-26 09:14:27'),
(26, 9, '57.76.107.57', '2010-09-26 08:49:30'),
(27, 5, '33.4.39.158', '1999-01-04 19:02:59'),
(28, 3, '78.35.198.158', '2005-02-22 22:50:43'),
(29, 7, '37.51.12.12', '1990-02-21 22:50:26'),
(30, 5, '205.32.211.137', '1997-04-11 09:03:48'),
(31, 4, '31.8.72.147', '1974-03-06 01:59:39'),
(32, 6, '138.193.250.60', '1972-02-09 02:40:16'),
(33, 9, '149.150.190.43', '1997-09-10 16:37:57'),
(34, 0, '239.196.51.0', '1973-05-29 09:17:21'),
(35, 5, '240.233.23.212', '1971-04-22 17:12:43'),
(36, 7, '200.39.230.224', '1986-01-18 04:12:59'),
(37, 7, '114.185.32.12', '1975-01-21 17:36:18'),
(38, 7, '93.168.119.18', '1985-05-10 09:52:28'),
(39, 7, '57.128.201.20', '2008-07-03 10:20:41'),
(40, 5, '165.17.66.143', '1993-01-04 21:08:38'),
(41, 6, '174.137.199.177', '2000-05-08 03:00:28'),
(42, 3, '121.171.60.107', '1996-05-15 21:00:50'),
(43, 9, '88.3.12.65', '2008-12-09 08:39:28'),
(44, 4, '208.120.115.46', '1988-06-10 03:30:26'),
(45, 2, '102.86.244.190', '1970-05-15 12:09:13'),
(46, 4, '244.195.156.124', '1994-04-16 09:39:55'),
(47, 7, '164.13.35.15', '1996-01-30 08:03:47'),
(48, 0, '183.181.213.229', '2010-09-12 17:23:46'),
(49, 2, '69.241.40.112', '1996-02-10 08:15:46'),
(50, 0, '157.119.50.24', '2009-09-25 17:49:37'),
(51, 2, '22.183.183.150', '1983-05-09 05:09:22'),
(52, 6, '163.178.36.117', '2012-04-21 19:42:49'),
(53, 9, '89.83.134.80', '1973-08-16 00:39:23'),
(54, 7, '48.207.7.114', '1983-09-08 18:35:19'),
(55, 7, '167.149.187.136', '2001-04-13 05:19:29'),
(56, 0, '248.118.105.12', '2019-02-19 08:40:11'),
(57, 0, '31.43.237.18', '1970-02-14 12:11:20'),
(58, 1, '89.211.18.70', '1996-10-07 01:52:58'),
(59, 6, '248.11.202.136', '1976-12-19 09:14:18'),
(60, 1, '188.112.45.159', '1992-11-18 00:12:20'),
(61, 5, '26.239.27.188', '1973-09-27 18:35:30'),
(62, 9, '149.131.9.123', '2014-05-12 08:26:27'),
(63, 3, '46.208.202.162', '1971-05-05 02:19:23'),
(64, 2, '153.129.99.235', '1980-08-21 01:55:09'),
(65, 9, '0.7.150.3', '2015-11-25 02:09:11'),
(66, 4, '220.28.36.126', '2009-08-27 20:41:56'),
(67, 1, '70.0.183.91', '1993-05-30 06:48:41'),
(68, 7, '106.77.132.80', '2020-05-27 12:11:09'),
(69, 6, '178.37.88.91', '2017-08-05 00:08:16'),
(70, 9, '74.69.200.163', '2006-06-23 05:22:55'),
(71, 7, '56.79.230.94', '2007-05-24 09:34:54'),
(72, 5, '152.189.47.85', '1993-02-04 05:06:25'),
(73, 7, '99.226.9.143', '2000-01-12 13:41:19'),
(74, 1, '214.10.19.28', '1970-09-10 18:09:29'),
(75, 4, '249.1.134.208', '1978-07-13 09:42:07'),
(76, 3, '247.197.84.63', '2014-10-26 09:10:57'),
(77, 7, '23.5.138.191', '2000-09-04 01:50:02'),
(78, 7, '47.8.58.12', '1994-02-08 23:01:27'),
(79, 0, '52.103.187.241', '1999-12-13 14:51:14'),
(80, 6, '223.199.102.155', '1979-06-20 00:49:57'),
(81, 8, '8.90.151.216', '1991-01-16 02:04:37'),
(82, 4, '160.131.83.71', '2012-02-11 16:35:28'),
(83, 3, '244.243.222.87', '1983-03-20 23:19:07'),
(84, 1, '118.68.36.129', '2018-07-13 10:04:24'),
(85, 5, '10.209.134.77', '1973-09-09 01:08:29'),
(86, 2, '21.251.125.155', '1971-07-29 10:37:09'),
(87, 1, '216.86.92.60', '1996-08-30 10:23:53'),
(88, 4, '255.60.251.194', '1977-06-13 20:28:34'),
(89, 7, '240.77.237.66', '2004-02-28 05:03:13'),
(90, 9, '210.163.245.48', '1984-10-22 10:42:41'),
(91, 2, '20.137.207.147', '1983-09-23 13:29:35'),
(92, 5, '122.46.30.217', '1989-06-17 12:20:48'),
(93, 6, '49.45.41.245', '1998-11-29 02:45:36'),
(94, 5, '107.33.255.18', '2011-04-17 15:27:34'),
(95, 8, '117.186.32.204', '1995-11-28 00:47:21'),
(96, 5, '169.142.15.134', '1994-06-15 04:42:17'),
(97, 6, '222.233.133.13', '1987-02-22 04:46:21'),
(98, 1, '16.160.143.160', '1975-08-05 20:46:01'),
(99, 2, '220.102.46.99', '1979-11-29 21:18:06'),
(100, 2, '181.223.167.51', '2018-03-13 11:22:26');

-- --------------------------------------------------------

--
-- Структура таблицы `order`
--

CREATE TABLE `order` (
  `id` int NOT NULL,
  `store_id` int NOT NULL DEFAULT '0',
  `store_url` varchar(255) NOT NULL,
  `customer_id` int NOT NULL DEFAULT '0',
  `customer_group_id` int NOT NULL DEFAULT '0',
  `comment` text NOT NULL,
  `total` decimal(15,4) NOT NULL DEFAULT '0.0000',
  `order_status_id` int NOT NULL DEFAULT '0',
  `tracking` varchar(64) NOT NULL,
  `date_added` datetime NOT NULL,
  `date_modified` datetime NOT NULL
) ENGINE=MyISAM DEFAULT CHARSET=utf8 ROW_FORMAT=DYNAMIC;

--
-- Дамп данных таблицы `order`
--

INSERT INTO `order` (`id`, `store_id`, `store_url`, `customer_id`, `customer_group_id`, `comment`, `total`, `order_status_id`, `tracking`, `date_added`, `date_modified`) VALUES
(1, 3, 'http://sawayn.com/', 4, 6, 'amet', '3391564.0000', 8, '43152.976', '2012-09-11 10:21:36', '1974-06-17 02:50:52'),
(2, 0, 'http://www.larson.org/', 8, 5, 'in', '83359372.0000', 3, '21017637.3879', '1976-10-27 17:05:58', '1980-10-04 05:01:11'),
(3, 6, 'http://www.jacobsonoreilly.com/', 0, 6, 'recusandae', '35741.0000', 9, '76533003.34904', '1996-06-20 00:03:45', '1974-05-31 21:28:17'),
(4, 2, 'http://www.reichel.com/', 3, 9, 'nihil', '0.0000', 3, '', '1971-09-12 16:53:01', '1982-05-24 14:57:57'),
(5, 7, 'http://johnston.com/', 3, 7, 'perspiciatis', '634797.0000', 3, '1.817214', '1996-04-14 19:19:06', '2007-03-06 06:39:11'),
(6, 3, 'http://nienow.info/', 0, 7, 'voluptatibus', '7376552.0000', 7, '658611.89272', '1976-07-21 20:01:39', '2008-10-15 07:56:23'),
(7, 5, 'http://considine.org/', 5, 5, 'minus', '13921.0000', 3, '4813820.5551', '1970-01-23 13:11:18', '1993-10-10 11:11:35'),
(8, 6, 'http://nienow.biz/', 3, 9, 'id', '1.0000', 3, '13.51876', '2012-07-29 07:03:01', '1970-08-01 17:06:37'),
(9, 1, 'http://lowe.com/', 6, 2, 'itaque', '291904630.0000', 5, '73750265.92118', '1980-02-10 21:40:18', '2002-01-30 00:30:27'),
(10, 8, 'http://littel.com/', 0, 8, 'quia', '7179.0000', 2, '94.65569', '1973-01-12 13:30:42', '1987-12-06 15:22:08'),
(11, 4, 'http://deckow.com/', 8, 4, 'eos', '6.0000', 6, '781958.676976', '1977-04-10 17:51:49', '1977-09-25 03:09:27'),
(12, 5, 'http://www.reichert.com/', 5, 6, 'qui', '35926861.0000', 7, '544.4254', '1998-10-24 02:35:06', '1971-10-18 07:17:43'),
(13, 8, 'http://buckridge.com/', 7, 7, 'quae', '465.0000', 8, '4968.12851188', '1993-10-28 22:52:44', '2010-07-14 12:11:36'),
(14, 3, 'http://www.collins.com/', 0, 3, 'molestiae', '200.0000', 7, '249453465.51795', '1972-04-04 21:43:25', '1996-03-13 21:03:46'),
(15, 1, 'http://www.krisfeest.info/', 0, 7, 'ut', '0.0000', 8, '7810150.8', '2015-04-21 11:56:23', '1985-01-13 12:17:15'),
(16, 7, 'http://www.olson.biz/', 8, 7, 'est', '0.0000', 1, '389768792.615', '1985-02-20 03:48:55', '1991-10-15 06:48:32'),
(17, 3, 'http://kunzemante.org/', 5, 4, 'iste', '83016.0000', 5, '20153162.045239', '2006-10-30 07:32:18', '2019-07-24 06:15:51'),
(18, 2, 'http://www.volkmankilback.org/', 0, 3, 'alias', '1033.0000', 6, '2415.3', '2011-09-22 05:06:57', '2015-06-10 22:01:14'),
(19, 0, 'http://www.turnerhahn.com/', 2, 2, 'totam', '13011955.0000', 9, '1216724', '1997-09-11 23:26:40', '2009-09-02 14:00:57'),
(20, 4, 'http://walker.biz/', 7, 3, 'harum', '258193.0000', 7, '83884.671168', '1990-08-11 20:57:35', '1999-10-06 10:34:43'),
(21, 3, 'http://wolff.com/', 3, 8, 'fuga', '0.0000', 0, '49409383.9', '1972-05-20 12:09:41', '1981-05-07 06:04:56'),
(22, 3, 'http://ondricka.com/', 5, 7, 'quos', '61.0000', 9, '453.27', '1998-01-16 04:30:25', '1986-10-30 03:57:43'),
(23, 2, 'http://beercassin.net/', 1, 8, 'vel', '797.0000', 6, '52739.18', '1974-11-28 01:35:11', '2016-05-13 22:08:35'),
(24, 7, 'http://www.bradtke.com/', 2, 7, 'atque', '16583.0000', 5, '408.6206', '1977-01-11 05:22:33', '2003-01-05 08:18:14'),
(25, 0, 'http://metz.com/', 1, 1, 'ab', '485009016.0000', 4, '4848293.7607019', '2008-04-21 18:59:27', '1993-08-23 00:28:02'),
(26, 5, 'http://www.daremueller.com/', 2, 0, 'sit', '363.0000', 5, '62.28993548', '1980-04-22 21:00:14', '1978-12-23 08:12:34'),
(27, 6, 'http://www.fay.net/', 7, 7, 'ea', '8944.0000', 3, '2035.0571', '1973-06-10 23:41:23', '1986-04-29 07:17:31'),
(28, 6, 'http://www.leuschkestreich.net/', 2, 7, 'facere', '106512.0000', 3, '4.079585', '1980-02-03 16:33:33', '2015-12-24 20:34:24'),
(29, 8, 'http://www.bednar.info/', 9, 8, 'et', '931379.0000', 3, '', '1972-05-27 09:34:20', '1970-11-26 19:35:14'),
(30, 1, 'http://stantonjacobi.com/', 3, 5, 'excepturi', '214620.0000', 5, '33.3322', '2012-12-26 23:17:28', '1988-11-24 12:13:22'),
(31, 8, 'http://www.barrows.biz/', 0, 6, 'incidunt', '389033422.0000', 3, '32785313.913917', '2005-12-25 05:20:01', '2014-02-19 11:56:41'),
(32, 2, 'http://wisoky.info/', 6, 0, 'quas', '82.0000', 8, '', '2012-12-22 19:19:11', '1984-02-06 15:34:16'),
(33, 0, 'http://www.schmitt.info/', 4, 5, 'sit', '36797.0000', 3, '73326874.745', '1989-12-09 05:02:08', '1995-04-03 06:16:12'),
(34, 0, 'http://www.feilbergnaum.com/', 7, 4, 'est', '869147763.0000', 3, '35.2441113', '2013-04-22 19:49:33', '1989-11-08 02:26:22'),
(35, 0, 'http://www.leschmetz.net/', 2, 4, 'qui', '74.0000', 1, '3', '1995-06-19 23:26:46', '2008-04-14 10:07:21'),
(36, 8, 'http://www.franeckimueller.com/', 0, 5, 'assumenda', '2374.0000', 0, '1000783', '2006-02-17 08:50:24', '1998-04-27 23:26:28'),
(37, 5, 'http://www.williamson.com/', 3, 6, 'eum', '249.0000', 7, '46513083.255071', '1994-08-17 09:38:57', '2010-09-16 03:36:22'),
(38, 6, 'http://purdy.com/', 8, 0, 'hic', '17.0000', 3, '20238588.697065', '1989-11-07 21:08:27', '1970-06-27 00:55:10'),
(39, 1, 'http://www.schowalter.com/', 5, 0, 'et', '76.0000', 1, '51.669767659', '1972-03-07 00:25:58', '1980-12-03 03:06:56'),
(40, 7, 'http://mcglynnanderson.com/', 9, 0, 'dolorum', '649.0000', 0, '3409390.5', '2013-12-01 05:36:06', '2006-11-11 21:46:33'),
(41, 1, 'http://www.connhintz.com/', 8, 9, 'pariatur', '0.0000', 0, '442.41', '2002-11-18 09:48:19', '1973-11-13 17:43:31'),
(42, 0, 'http://runolfsdottir.com/', 7, 0, 'magni', '277.0000', 1, '2.458621', '2012-09-21 05:50:33', '1980-06-13 23:31:18'),
(43, 5, 'http://www.conroybrakus.com/', 9, 6, 'accusantium', '52.0000', 8, '149.57', '1991-10-28 01:50:37', '2015-02-11 16:43:06'),
(44, 7, 'http://macejkovicmacejkovic.info/', 8, 7, 'est', '7707357.0000', 5, '405.6354027', '1987-01-16 14:07:43', '1985-10-13 04:58:35'),
(45, 8, 'http://flatleykulas.biz/', 6, 3, 'suscipit', '52.0000', 2, '124', '2018-10-17 13:12:27', '1988-07-06 03:49:30'),
(46, 0, 'http://www.tromp.org/', 9, 5, 'sit', '0.0000', 3, '355511.97056738', '2004-04-16 19:29:13', '1993-11-17 15:00:41'),
(47, 3, 'http://waters.com/', 4, 5, 'sed', '9.0000', 6, '66.690956618', '2006-05-17 21:19:47', '2017-06-09 19:26:55'),
(48, 3, 'http://www.fisherpfeffer.com/', 6, 1, 'doloremque', '708.0000', 7, '12.551813', '2008-02-14 16:42:07', '2016-10-15 01:16:40'),
(49, 5, 'http://www.medhurst.com/', 7, 8, 'inventore', '0.0000', 7, '7.4237168', '1998-06-29 21:10:07', '2018-06-09 07:35:57'),
(50, 3, 'http://torpschoen.com/', 1, 3, 'est', '8.0000', 9, '1.9398136', '2007-03-11 00:36:37', '2015-09-17 16:53:57'),
(51, 7, 'http://gottlieb.com/', 4, 3, 'id', '103.0000', 1, '4282.4656', '1972-04-05 19:21:30', '2010-09-07 00:27:44'),
(52, 2, 'http://donnelly.com/', 6, 3, 'tempore', '971412.0000', 9, '170833.83048311', '1991-11-26 19:48:48', '1987-07-23 06:37:18'),
(53, 1, 'http://hettingerspinka.net/', 3, 3, 'ipsum', '94895.0000', 8, '2197.343789608', '1990-06-25 15:54:12', '2007-03-25 05:53:23'),
(54, 7, 'http://www.dach.net/', 8, 5, 'doloremque', '2422727.0000', 9, '2285069.4704982', '2012-04-19 15:21:06', '2001-09-15 17:36:56'),
(55, 5, 'http://wolf.com/', 1, 4, 'consequatur', '59.0000', 0, '1635215.16', '1981-06-07 02:50:43', '2002-05-02 08:26:58'),
(56, 0, 'http://www.veum.info/', 8, 0, 'ut', '3132.0000', 4, '137440.6', '1998-02-22 10:21:05', '1994-07-31 06:27:14'),
(57, 9, 'http://lowe.com/', 9, 0, 'similique', '3928398.0000', 9, '16.238154572', '2003-02-02 17:10:53', '2005-02-15 16:18:34'),
(58, 7, 'http://www.bergnaum.com/', 2, 4, 'autem', '983.0000', 1, '392786504.03642', '2012-04-09 20:48:18', '1973-06-16 20:40:55'),
(59, 0, 'http://toy.com/', 4, 0, 'ad', '962976503.0000', 7, '38.7367007', '1998-01-08 17:30:22', '2003-11-20 15:17:55'),
(60, 4, 'http://www.mayer.com/', 7, 3, 'accusamus', '5.0000', 5, '42380711', '2013-06-17 23:44:13', '1988-04-22 11:46:31'),
(61, 3, 'http://www.batzoreilly.org/', 0, 3, 'dicta', '0.0000', 6, '41208050.975175', '2013-06-21 09:16:40', '1974-05-04 20:50:37'),
(62, 0, 'http://www.heaney.info/', 6, 2, 'dolores', '71903.0000', 2, '823.1163579', '1986-08-11 21:29:12', '2020-09-14 14:09:59'),
(63, 2, 'http://www.bogisich.com/', 7, 8, 'commodi', '276062.0000', 4, '1048.129659', '2007-09-10 05:45:59', '2003-08-22 08:43:24'),
(64, 3, 'http://www.rippinritchie.com/', 5, 4, 'enim', '60407782.0000', 1, '54529.97503078', '2011-08-01 18:54:07', '2015-11-06 11:06:29'),
(65, 8, 'http://www.runte.com/', 9, 7, 'provident', '11299.0000', 6, '', '1987-08-18 08:09:12', '1975-09-10 01:25:14'),
(66, 6, 'http://www.bruen.net/', 9, 7, 'vel', '51492415.0000', 2, '4519733.6', '2001-08-14 07:39:50', '2004-11-15 14:31:26'),
(67, 8, 'http://www.stokes.info/', 8, 9, 'expedita', '12089.0000', 9, '465.755974424', '1984-07-08 22:12:40', '1980-01-21 11:39:55'),
(68, 1, 'http://block.com/', 9, 7, 'similique', '922354833.0000', 9, '18771727.132157', '1993-05-01 15:16:46', '2004-05-13 15:14:05'),
(69, 6, 'http://kris.com/', 5, 8, 'consequatur', '61518.0000', 3, '5985998.83887', '2011-01-07 18:18:12', '1975-11-18 06:11:57'),
(70, 0, 'http://rice.com/', 6, 3, 'accusantium', '214990.0000', 0, '21823260.891', '1973-09-17 14:59:34', '2018-10-05 22:27:05'),
(71, 9, 'http://www.mcglynnhuels.com/', 9, 5, 'veritatis', '37.0000', 4, '254549061', '2003-02-18 02:53:06', '1976-06-23 14:08:09'),
(72, 5, 'http://kihn.biz/', 9, 4, 'ut', '3463997.0000', 7, '15637446.437678', '2010-10-05 12:00:16', '1972-05-26 21:42:08'),
(73, 3, 'http://strosin.info/', 6, 2, 'rerum', '1.0000', 0, '60.94641723', '2018-01-14 13:20:08', '1986-03-18 08:53:58'),
(74, 6, 'http://www.jastcartwright.biz/', 1, 0, 'consectetur', '30.0000', 0, '', '2020-05-11 13:16:19', '1999-11-17 19:28:41'),
(75, 8, 'http://bernier.biz/', 1, 3, 'ut', '0.0000', 9, '420084487.11253', '2012-04-10 04:05:53', '1984-07-19 12:02:06'),
(76, 6, 'http://www.goldner.com/', 1, 3, 'facere', '633.0000', 3, '5.1', '2014-12-16 07:46:22', '1978-04-23 18:24:17'),
(77, 8, 'http://www.klein.info/', 2, 6, 'temporibus', '68607.0000', 7, '0.8714', '1989-01-13 18:45:25', '1970-11-28 01:20:25'),
(78, 0, 'http://www.schoen.com/', 5, 2, 'veniam', '28.0000', 0, '130317.41886973', '1977-02-22 14:53:54', '1976-11-05 16:11:15'),
(79, 9, 'http://www.batzpagac.com/', 5, 0, 'autem', '0.0000', 8, '60714.352', '2019-09-10 16:53:30', '1999-12-05 23:13:43'),
(80, 6, 'http://www.murazik.net/', 1, 4, 'ducimus', '6190.0000', 8, '67608.9', '1994-06-12 02:17:47', '2008-07-19 01:49:28'),
(81, 3, 'http://www.bruenvandervort.com/', 5, 1, 'dolores', '87.0000', 4, '58237243.9321', '2018-11-02 05:15:34', '1992-05-07 02:18:48'),
(82, 0, 'http://hartmannheidenreich.com/', 2, 2, 'voluptas', '0.0000', 2, '131.356', '2014-07-01 16:00:33', '2002-03-22 03:31:55'),
(83, 7, 'http://www.hodkiewiczbauch.com/', 9, 2, 'suscipit', '9.0000', 9, '609.703651', '2001-08-23 21:08:11', '2008-05-05 03:35:16'),
(84, 3, 'http://www.torpgraham.info/', 8, 7, 'tenetur', '0.0000', 6, '', '2007-08-31 00:52:01', '1994-06-26 23:57:51'),
(85, 5, 'http://breitenberg.com/', 1, 0, 'magni', '2817.0000', 9, '2060.16519183', '2009-05-21 11:33:45', '1972-09-14 01:45:01'),
(86, 3, 'http://tillman.com/', 8, 8, 'ex', '2003952.0000', 4, '1349888.10979', '1973-01-05 00:49:14', '2017-03-14 22:42:58'),
(87, 4, 'http://moore.com/', 6, 2, 'culpa', '25283243.0000', 5, '65875959', '1980-02-11 17:18:32', '2019-05-08 23:20:29'),
(88, 1, 'http://www.quigleyfritsch.net/', 7, 8, 'distinctio', '988070108.0000', 6, '13598544.694487', '1978-09-15 15:03:46', '2013-06-10 10:35:53'),
(89, 4, 'http://www.yost.biz/', 7, 5, 'non', '65.0000', 3, '1673.093397683', '1984-08-02 18:01:50', '2019-09-04 16:54:26'),
(90, 6, 'http://www.dietrich.com/', 5, 6, 'aut', '16.0000', 9, '133282949.67703', '2011-11-10 10:17:36', '2013-10-01 18:32:44'),
(91, 3, 'http://mraz.com/', 2, 2, 'in', '616105643.0000', 2, '123.68039', '1983-07-26 17:37:16', '1997-11-28 23:48:38'),
(92, 0, 'http://www.funk.net/', 6, 2, 'et', '770943019.0000', 8, '3015.41718', '1978-05-13 04:01:36', '1992-04-08 22:35:08'),
(93, 8, 'http://botsfordshields.biz/', 5, 0, 'labore', '7033929.0000', 8, '0.3299', '1992-07-07 14:28:01', '1986-02-11 14:27:08'),
(94, 9, 'http://mccluredeckow.com/', 6, 4, 'expedita', '236968.0000', 7, '35.385', '2019-07-25 06:05:39', '1970-05-18 23:00:11'),
(95, 0, 'http://www.goyette.com/', 8, 1, 'placeat', '6118.0000', 6, '', '1996-07-08 13:24:37', '1993-04-17 13:37:41'),
(96, 1, 'http://www.zulauf.net/', 9, 0, 'soluta', '4196.0000', 2, '3.483067', '2014-10-19 21:33:44', '2006-10-29 09:56:01'),
(97, 4, 'http://www.denesikconsidine.com/', 6, 1, 'in', '82.0000', 1, '405.89267174', '2015-03-14 04:03:44', '1992-09-17 17:43:53'),
(98, 6, 'http://erdman.biz/', 7, 4, 'nisi', '25539.0000', 3, '4461.5308', '1996-11-28 22:25:07', '2010-12-28 04:21:01'),
(99, 2, 'http://www.bashiriancole.com/', 5, 0, 'sed', '72.0000', 5, '92040859.3', '1979-04-10 10:51:45', '2016-04-21 04:20:50'),
(100, 7, 'http://www.fayrodriguez.info/', 3, 6, 'itaque', '736.0000', 9, '', '1987-10-28 17:03:45', '1976-09-17 09:06:34');

--
-- Триггеры `order`
--
DELIMITER $$
CREATE TRIGGER `new_order` AFTER INSERT ON `order` FOR EACH ROW INSERT INTO customer VALUES(null, new.id, 'Inserted', NOW())
$$
DELIMITER ;

-- --------------------------------------------------------

--
-- Структура таблицы `order_history`
--

CREATE TABLE `order_history` (
  `id` int NOT NULL,
  `order_id` int NOT NULL,
  `order_status_id` int NOT NULL,
  `notify` tinyint(1) NOT NULL DEFAULT '0',
  `comment` text NOT NULL,
  `date_added` datetime NOT NULL
) ENGINE=MyISAM DEFAULT CHARSET=utf8 ROW_FORMAT=DYNAMIC;

--
-- Дамп данных таблицы `order_history`
--

INSERT INTO `order_history` (`id`, `order_id`, `order_status_id`, `notify`, `comment`, `date_added`) VALUES
(1, 4, 1, 0, 'recusandae', '1975-10-28 13:36:41'),
(2, 2, 7, 0, 'aut', '1999-01-13 15:19:26'),
(3, 7, 1, 0, 'distinctio', '2007-09-18 13:32:38'),
(4, 7, 4, 0, 'eligendi', '1974-10-26 08:27:41'),
(5, 1, 1, 0, 'voluptatem', '1996-05-21 17:09:09'),
(6, 4, 0, 0, 'officiis', '1979-07-12 11:44:23'),
(7, 4, 5, 0, 'sed', '1985-10-29 15:59:57'),
(8, 6, 6, 0, 'pariatur', '1993-07-18 11:38:10'),
(9, 9, 1, 0, 'reiciendis', '1970-09-23 21:04:58'),
(10, 5, 5, 0, 'ea', '2012-08-19 21:07:04'),
(11, 5, 6, 0, 'aut', '1982-12-05 04:50:22'),
(12, 2, 5, 0, 'repudiandae', '1979-05-26 12:44:05'),
(13, 8, 9, 0, 'dolor', '2016-06-08 06:17:21'),
(14, 8, 8, 0, 'accusantium', '1978-04-17 06:31:45'),
(15, 1, 7, 0, 'unde', '1986-06-23 19:05:21'),
(16, 0, 8, 0, 'dolorum', '1982-04-20 03:56:56'),
(17, 6, 4, 0, 'aut', '1998-06-11 08:51:55'),
(18, 6, 9, 0, 'amet', '1984-02-28 00:58:48'),
(19, 0, 8, 0, 'saepe', '2013-08-12 14:12:46'),
(20, 6, 8, 0, 'consectetur', '1995-06-27 01:40:38'),
(21, 9, 9, 0, 'nisi', '1990-07-06 13:42:05'),
(22, 6, 2, 0, 'ratione', '2017-04-21 00:10:47'),
(23, 9, 3, 0, 'non', '2014-06-10 07:54:04'),
(24, 1, 7, 0, 'tempore', '1985-05-13 10:47:49'),
(25, 0, 3, 0, 'aut', '1975-04-07 11:41:18'),
(26, 8, 8, 0, 'alias', '2013-04-19 04:11:42'),
(27, 5, 4, 0, 'ipsum', '1985-12-07 12:06:53'),
(28, 2, 0, 0, 'odio', '2003-03-26 19:08:42'),
(29, 4, 0, 0, 'ad', '2020-01-17 08:56:24'),
(30, 7, 5, 0, 'in', '1977-12-06 19:34:43'),
(31, 1, 1, 0, 'quia', '1988-02-09 09:39:17'),
(32, 5, 8, 0, 'minus', '2002-01-20 14:44:28'),
(33, 7, 1, 0, 'nihil', '1970-02-26 05:20:29'),
(34, 3, 5, 0, 'nobis', '1999-09-07 12:05:29'),
(35, 0, 5, 0, 'ducimus', '1985-07-25 03:32:07'),
(36, 8, 1, 0, 'et', '2006-03-29 23:22:25'),
(37, 6, 7, 0, 'error', '1983-10-03 15:33:31'),
(38, 0, 1, 0, 'iusto', '1978-07-12 19:15:02'),
(39, 4, 5, 0, 'ad', '1974-02-23 14:35:20'),
(40, 6, 9, 0, 'sed', '1994-07-20 07:33:18'),
(41, 1, 1, 0, 'dolores', '2001-10-09 07:35:00'),
(42, 4, 4, 0, 'optio', '1973-02-12 12:35:41'),
(43, 1, 8, 0, 'et', '1971-02-24 10:38:55'),
(44, 1, 7, 0, 'distinctio', '1990-09-15 22:34:52'),
(45, 1, 1, 0, 'ea', '2011-12-15 07:04:33'),
(46, 2, 2, 0, 'aut', '2010-10-25 03:45:01'),
(47, 3, 4, 0, 'tempora', '1979-11-02 13:02:32'),
(48, 2, 0, 0, 'sint', '1980-09-23 14:42:57'),
(49, 2, 3, 0, 'voluptatem', '2003-06-29 01:05:24'),
(50, 9, 1, 0, 'omnis', '2001-09-28 22:38:25'),
(51, 1, 4, 0, 'quia', '1984-12-13 18:27:53'),
(52, 6, 0, 0, 'sequi', '1974-12-07 14:44:40'),
(53, 2, 9, 0, 'error', '2011-12-28 14:31:10'),
(54, 3, 4, 0, 'fugiat', '2000-10-26 03:27:20'),
(55, 2, 5, 0, 'consectetur', '1971-05-03 18:53:20'),
(56, 0, 5, 0, 'consequatur', '1977-07-26 04:02:00'),
(57, 7, 1, 0, 'enim', '1978-06-05 01:15:11'),
(58, 3, 9, 0, 'vitae', '2010-09-11 02:13:04'),
(59, 4, 1, 0, 'quis', '1976-10-18 14:35:03'),
(60, 7, 6, 0, 'omnis', '1990-02-04 17:55:24'),
(61, 1, 7, 0, 'ad', '2016-04-28 19:53:02'),
(62, 2, 9, 0, 'dolores', '1983-10-10 13:29:29'),
(63, 6, 6, 0, 'fugiat', '2016-10-31 00:24:31'),
(64, 7, 8, 0, 'qui', '1980-02-05 01:25:43'),
(65, 6, 7, 0, 'eius', '1992-04-07 07:59:36'),
(66, 9, 0, 0, 'qui', '1987-04-13 07:03:25'),
(67, 0, 0, 0, 'molestiae', '2001-02-12 07:12:38'),
(68, 8, 4, 0, 'cupiditate', '1993-03-18 20:24:44'),
(69, 3, 5, 0, 'molestiae', '1996-10-26 05:35:49'),
(70, 8, 4, 0, 'dolor', '1989-06-10 07:27:37'),
(71, 1, 8, 0, 'sit', '1993-07-24 09:22:14'),
(72, 5, 5, 0, 'consequatur', '1980-07-15 12:13:22'),
(73, 0, 8, 0, 'rerum', '1986-12-06 22:59:28'),
(74, 7, 7, 0, 'ut', '1999-11-26 12:28:15'),
(75, 6, 9, 0, 'sunt', '1984-04-03 07:28:58'),
(76, 3, 0, 0, 'consectetur', '1999-05-01 16:00:58'),
(77, 0, 3, 0, 'maiores', '2005-08-30 23:03:46'),
(78, 0, 1, 0, 'est', '1995-08-08 10:31:45'),
(79, 2, 3, 0, 'explicabo', '1995-04-17 05:35:08'),
(80, 4, 0, 0, 'iusto', '2016-01-12 02:37:31'),
(81, 7, 8, 0, 'exercitationem', '1983-10-05 14:42:46'),
(82, 0, 7, 0, 'reiciendis', '1981-05-13 02:35:24'),
(83, 6, 7, 0, 'fugit', '2003-11-08 07:25:26'),
(84, 4, 5, 0, 'voluptatem', '2004-04-16 09:13:07'),
(85, 3, 6, 0, 'pariatur', '2007-01-28 14:09:28'),
(86, 0, 0, 0, 'quia', '1971-08-21 06:10:31'),
(87, 6, 8, 0, 'eos', '1988-08-17 17:43:20'),
(88, 5, 2, 0, 'iure', '1972-08-15 02:29:10'),
(89, 5, 6, 0, 'doloribus', '2013-05-15 19:45:54'),
(90, 6, 4, 0, 'nostrum', '1989-02-08 23:40:37'),
(91, 6, 5, 0, 'nesciunt', '2012-10-25 05:49:09'),
(92, 5, 2, 0, 'impedit', '2009-07-13 08:57:57'),
(93, 8, 1, 0, 'quis', '2011-04-11 12:41:21'),
(94, 6, 3, 0, 'consequatur', '2003-11-02 15:33:54'),
(95, 7, 2, 0, 'dolorem', '1993-02-26 23:07:57'),
(96, 7, 1, 0, 'fugit', '1987-06-18 23:32:20'),
(97, 4, 0, 0, 'eum', '1987-01-20 03:31:53'),
(98, 1, 3, 0, 'minima', '2011-06-02 10:16:26'),
(99, 2, 7, 0, 'quae', '1990-02-01 20:59:48'),
(100, 4, 1, 0, 'vero', '2008-10-13 01:35:39');

-- --------------------------------------------------------

--
-- Структура таблицы `order_product`
--

CREATE TABLE `order_product` (
  `id` int NOT NULL,
  `order_id` int NOT NULL,
  `product_id` int NOT NULL,
  `name` varchar(255) NOT NULL,
  `model` varchar(64) NOT NULL,
  `quantity` int NOT NULL,
  `price` decimal(15,4) NOT NULL DEFAULT '0.0000',
  `total` decimal(15,4) NOT NULL DEFAULT '0.0000',
  `tax` decimal(15,4) NOT NULL DEFAULT '0.0000',
  `reward` int NOT NULL
) ENGINE=MyISAM DEFAULT CHARSET=utf8 ROW_FORMAT=DYNAMIC;

--
-- Дамп данных таблицы `order_product`
--

INSERT INTO `order_product` (`id`, `order_id`, `product_id`, `name`, `model`, `quantity`, `price`, `total`, `tax`, `reward`) VALUES
(1, 2, 9, 'aut', '3', 324539, '20239768.6560', '128128192.0000', '5.0000', 3413),
(2, 4, 3, 'ut', '3', 5675, '6747.6600', '0.0000', '8.0000', 931),
(3, 3, 9, 'unde', '9', 700003, '3061398.6756', '1847052.0000', '5.0000', 51558),
(4, 3, 3, 'eaque', '3', 0, '0.0000', '0.0000', '6.0000', 36),
(5, 9, 8, 'blanditiis', '4', 2, '184973.5431', '0.0000', '6.0000', 3),
(6, 4, 2, 'eius', '7', 0, '0.0000', '96.0000', '1.0000', 1),
(7, 7, 0, 'blanditiis', '8', 7, '970451.0540', '9.0000', '1.0000', 419),
(8, 4, 4, 'architecto', '6', 60818, '91273402.8399', '3598.0000', '7.0000', 5870),
(9, 3, 0, 'dolor', '8', 3904208, '1773616.9267', '9454048.0000', '4.0000', 4924663),
(10, 3, 6, 'et', '9', 188797466, '291421.3000', '37037.0000', '6.0000', 24),
(11, 1, 2, 'quisquam', '1', 270, '177501.9045', '18506.0000', '9.0000', 0),
(12, 5, 1, 'aut', '9', 0, '443389.2936', '8712520.0000', '9.0000', 58968116),
(13, 2, 6, 'ea', '9', 36134599, '2.2100', '21577.0000', '9.0000', 3691766),
(14, 2, 3, 'rerum', '6', 6, '132123.3538', '422.0000', '7.0000', 7311),
(15, 0, 2, 'odio', '3', 3487190, '2.5463', '209289758.0000', '2.0000', 592390),
(16, 3, 9, 'temporibus', '5', 67452, '512.4000', '306.0000', '7.0000', 54804),
(17, 8, 5, 'optio', '3', 3470185, '456634.6807', '40.0000', '3.0000', 513),
(18, 8, 0, 'voluptatem', '4', 5839, '3549.3400', '74.0000', '7.0000', 995199223),
(19, 4, 2, 'non', '1', 2, '14348436.8131', '3818946.0000', '2.0000', 40507063),
(20, 1, 2, 'hic', '4', 37, '161.1451', '551934990.0000', '1.0000', 0),
(21, 5, 5, 'commodi', '1', 73136637, '5833089.4651', '26695.0000', '3.0000', 557116),
(22, 0, 2, 'quis', '3', 495, '0.0000', '532667.0000', '5.0000', 25569),
(23, 6, 7, 'architecto', '6', 1, '19.7000', '1865514.0000', '5.0000', 542675),
(24, 7, 5, 'corrupti', '9', 48122, '4485.0193', '3412.0000', '6.0000', 0),
(25, 9, 4, 'deleniti', '9', 289163618, '78704.7000', '45.0000', '6.0000', 19276116),
(26, 5, 1, 'quaerat', '3', 278638, '6377.1314', '350772.0000', '5.0000', 99894789),
(27, 0, 6, 'suscipit', '9', 339831820, '3740.6290', '629390737.0000', '1.0000', 14066576),
(28, 9, 3, 'commodi', '1', 167825, '18265.7715', '89592.0000', '9.0000', 243573),
(29, 3, 1, 'quia', '7', 2, '404.5464', '0.0000', '9.0000', 9527),
(30, 8, 9, 'laborum', '7', 0, '737472488.0000', '32411.0000', '4.0000', 15434),
(31, 3, 3, 'unde', '2', 282, '0.0000', '56976.0000', '8.0000', 2237182),
(32, 6, 0, 'sed', '4', 1629959, '0.0000', '0.0000', '3.0000', 724646),
(33, 5, 1, 'consequatur', '4', 287, '29902.3800', '2511.0000', '1.0000', 1657),
(34, 1, 2, 'officiis', '3', 7030, '14183875.7800', '961651.0000', '5.0000', 966686171),
(35, 2, 2, 'maxime', '1', 21473, '1834.4684', '8690.0000', '4.0000', 749369),
(36, 8, 0, 'quo', '9', 4190934, '349369790.2195', '58.0000', '1.0000', 456),
(37, 1, 1, 'tenetur', '4', 5036137, '0.0000', '418.0000', '7.0000', 370),
(38, 3, 9, 'aliquam', '8', 82, '1316541.5303', '84518107.0000', '2.0000', 549771280),
(39, 6, 2, 'qui', '7', 34239690, '304625274.6800', '1825708.0000', '5.0000', 0),
(40, 5, 0, 'provident', '7', 4370, '55333.6148', '892554.0000', '2.0000', 0),
(41, 1, 5, 'doloribus', '5', 576452, '44.3692', '1895570.0000', '3.0000', 0),
(42, 1, 2, 'ipsa', '2', 2626551, '0.0000', '0.0000', '2.0000', 853258),
(43, 5, 9, 'veniam', '2', 5896, '972.5981', '23660858.0000', '1.0000', 40),
(44, 1, 2, 'nihil', '1', 57893, '46.2819', '227580.0000', '4.0000', 0),
(45, 4, 3, 'modi', '3', 3897891, '12811248.1200', '2548161.0000', '1.0000', 2533635),
(46, 9, 2, 'cum', '4', 0, '54178.4650', '466952965.0000', '7.0000', 4),
(47, 9, 4, 'doloribus', '9', 5207, '3.6240', '5674.0000', '1.0000', 6515194),
(48, 8, 6, 'consectetur', '7', 263906, '0.0000', '40.0000', '5.0000', 14),
(49, 0, 1, 'quia', '4', 0, '66705685.7000', '0.0000', '5.0000', 0),
(50, 3, 8, 'rem', '8', 545609, '60.5029', '43281642.0000', '6.0000', 799),
(51, 3, 6, 'eaque', '3', 0, '299101447.4356', '4414.0000', '6.0000', 56948798),
(52, 6, 8, 'ducimus', '9', 0, '789234027.3493', '389613746.0000', '2.0000', 56076276),
(53, 8, 6, 'reprehenderit', '1', 1537595, '3207144.1648', '85.0000', '2.0000', 746708),
(54, 3, 7, 'iusto', '8', 6, '301710230.1298', '196768561.0000', '9.0000', 897229),
(55, 3, 8, 'earum', '2', 7741937, '24869.2306', '937.0000', '9.0000', 7),
(56, 1, 9, 'eos', '7', 3, '18565317.7150', '767958778.0000', '5.0000', 183),
(57, 2, 4, 'nulla', '2', 2, '0.0000', '1.0000', '8.0000', 461499009),
(58, 8, 0, 'dignissimos', '5', 3368, '162705911.3303', '9498755.0000', '6.0000', 0),
(59, 2, 2, 'voluptatum', '8', 9340, '524774.7738', '108854.0000', '2.0000', 36262),
(60, 3, 8, 'ea', '9', 15, '16904.0770', '0.0000', '6.0000', 56322),
(61, 8, 1, 'qui', '7', 30, '1980.2410', '8618893.0000', '2.0000', 60),
(62, 3, 9, 'perferendis', '7', 2350546, '122477.2286', '34.0000', '1.0000', 0),
(63, 8, 9, 'dolorem', '3', 34801418, '22.8900', '35341.0000', '6.0000', 41),
(64, 6, 1, 'laudantium', '2', 7972, '218.4213', '29368352.0000', '9.0000', 72),
(65, 3, 5, 'eum', '8', 29, '342.3000', '0.0000', '2.0000', 588),
(66, 6, 2, 'fuga', '8', 2629187, '1985.6889', '39279.0000', '2.0000', 0),
(67, 7, 8, 'eveniet', '8', 780625, '42987181.4200', '74.0000', '1.0000', 627),
(68, 5, 4, 'minima', '4', 1805147, '33086052.7830', '0.0000', '7.0000', 82675970),
(69, 8, 9, 'et', '4', 3087, '4185026.5272', '768800.0000', '9.0000', 5),
(70, 0, 0, 'eaque', '7', 1, '521345332.0000', '907999728.0000', '5.0000', 74),
(71, 8, 0, 'suscipit', '5', 1062597, '257.2239', '8390.0000', '5.0000', 74268201),
(72, 2, 4, 'ducimus', '5', 36807, '101675886.1210', '19403949.0000', '6.0000', 897744788),
(73, 2, 2, 'aut', '5', 24, '67.8176', '34111.0000', '3.0000', 857),
(74, 2, 0, 'corrupti', '1', 208272528, '4114.5010', '9.0000', '8.0000', 20472),
(75, 0, 8, 'magni', '7', 970205780, '10663.1000', '34620257.0000', '4.0000', 8861561),
(76, 7, 4, 'voluptatem', '4', 874736668, '0.0000', '7955475.0000', '8.0000', 72),
(77, 0, 5, 'corporis', '7', 153663, '968158460.6059', '8141034.0000', '8.0000', 53),
(78, 6, 0, 'tempore', '2', 2, '7.0000', '27.0000', '6.0000', 21696),
(79, 9, 4, 'quia', '3', 64900465, '6879.2465', '633150.0000', '6.0000', 0),
(80, 8, 9, 'nihil', '4', 351499301, '875942661.6143', '8352.0000', '4.0000', 96),
(81, 2, 5, 'ut', '1', 2848, '74680506.3189', '3723.0000', '4.0000', 0),
(82, 2, 8, 'dolorem', '1', 462943755, '37242.0000', '4285.0000', '7.0000', 58),
(83, 1, 2, 'architecto', '5', 678, '74.5420', '23.0000', '2.0000', 30639611),
(84, 0, 5, 'pariatur', '8', 341202214, '28126.2335', '34266.0000', '8.0000', 67425),
(85, 3, 5, 'omnis', '5', 0, '584110436.8260', '4.0000', '1.0000', 3355),
(86, 9, 7, 'error', '1', 189895713, '314.5570', '10698.0000', '7.0000', 53942),
(87, 7, 5, 'dolorum', '2', 8886, '210357.9787', '7757.0000', '8.0000', 78848),
(88, 5, 8, 'tempora', '4', 60311, '271375.3846', '352.0000', '3.0000', 57),
(89, 0, 4, 'nemo', '9', 1, '5462.0000', '28.0000', '4.0000', 0),
(90, 2, 8, 'et', '3', 85851209, '5272451.8000', '88790641.0000', '2.0000', 53235283),
(91, 1, 1, 'qui', '7', 395698958, '688.0000', '4.0000', '8.0000', 67670),
(92, 7, 1, 'ut', '2', 279, '11874544.2982', '9675.0000', '2.0000', 71),
(93, 0, 1, 'unde', '2', 7053, '2150991.5930', '1139024.0000', '4.0000', 0),
(94, 6, 0, 'quos', '3', 446209, '7554252.2810', '71781.0000', '4.0000', 2994494),
(95, 7, 2, 'iure', '1', 207212, '37844.8200', '851944.0000', '2.0000', 44),
(96, 1, 0, 'molestias', '2', 16, '3.7933', '5786007.0000', '6.0000', 29),
(97, 9, 2, 'magnam', '6', 29003281, '1.7200', '74952.0000', '4.0000', 613),
(98, 7, 8, 'ullam', '4', 1759633, '9448.9740', '1.0000', '4.0000', 33),
(99, 7, 3, 'amet', '3', 0, '260.2540', '6667.0000', '1.0000', 5),
(100, 7, 5, 'reprehenderit', '7', 18324, '6.7462', '556.0000', '2.0000', 4212);

-- --------------------------------------------------------

--
-- Структура таблицы `order_status`
--

CREATE TABLE `order_status` (
  `id` int NOT NULL,
  `name` varchar(32) NOT NULL
) ENGINE=MyISAM DEFAULT CHARSET=utf8 ROW_FORMAT=DYNAMIC;

--
-- Дамп данных таблицы `order_status`
--

INSERT INTO `order_status` (`id`, `name`) VALUES
(14, 'ad'),
(15, 'libero'),
(16, 'mollitia');

-- --------------------------------------------------------

--
-- Структура таблицы `product`
--

CREATE TABLE `product` (
  `id` int NOT NULL,
  `model` varchar(64) CHARACTER SET utf8 COLLATE utf8_general_ci NOT NULL,
  `location` varchar(128) CHARACTER SET utf8 COLLATE utf8_general_ci NOT NULL,
  `image` varchar(255) CHARACTER SET utf8 COLLATE utf8_general_ci DEFAULT NULL,
  `price` decimal(15,4) NOT NULL DEFAULT '0.0000',
  `weight` decimal(15,2) NOT NULL DEFAULT '0.00',
  `length` decimal(15,2) NOT NULL DEFAULT '0.00',
  `width` decimal(15,2) NOT NULL DEFAULT '0.00',
  `height` decimal(15,2) NOT NULL DEFAULT '0.00',
  `status` tinyint(1) NOT NULL DEFAULT '0',
  `viewed` int NOT NULL DEFAULT '0',
  `date_added` datetime NOT NULL,
  `date_modified` datetime NOT NULL,
  `url` varchar(4000) CHARACTER SET utf8 COLLATE utf8_general_ci DEFAULT NULL
) ENGINE=MyISAM DEFAULT CHARSET=utf8 ROW_FORMAT=DYNAMIC;

-- --------------------------------------------------------

--
-- Структура таблицы `product_description`
--

CREATE TABLE `product_description` (
  `product_id` int NOT NULL,
  `name` varchar(255) NOT NULL,
  `description` text NOT NULL
) ENGINE=MyISAM DEFAULT CHARSET=utf8 ROW_FORMAT=DYNAMIC;

--
-- Дамп данных таблицы `product_description`
--

INSERT INTO `product_description` (`product_id`, `name`, `description`) VALUES
(464205784, 'Hic necessitatibus quia quia. Illum rerum hic eum inventore id adipisci incidunt. Qui repudiandae a repudiandae recusandae placeat et qui. Officia omnis et molestias et quae veniam placeat.', 'Eum odio eum recusandae non. Fugit ipsa est ea fuga necessitatibus quia. Mollitia blanditiis et nihil ad minima. Quisquam nesciunt ut commodi.'),
(0, 'Aut sunt quos voluptatem laborum non dolorem dicta. Possimus facere sint eos explicabo ea dolorem. Laborum natus sequi est dignissimos atque odit ut.', 'Beatae ut quis omnis velit quia. Recusandae tempora eum doloremque sequi doloremque. Et quae ipsam praesentium debitis dolorum animi magnam. Aut vel molestias occaecati nemo id ipsam sed.'),
(39327258, 'Vel dolore quia enim. Voluptas a architecto voluptas.', 'Qui distinctio eius rem velit alias ut. Eaque distinctio autem vel deleniti veniam. Magnam at et fugit sunt omnis dolor repellendus.\nEt iure ab est sunt. Officiis consequatur ipsum beatae et enim.'),
(460874, 'Aut tenetur quod nihil ut quasi qui. Assumenda libero sequi at debitis consectetur. Iste id reiciendis eligendi.', 'Non qui ipsum adipisci quod mollitia. Cumque est aspernatur nostrum vero quia. Reiciendis enim doloribus expedita itaque est sunt.'),
(586613, 'Iste voluptatem accusantium est maiores. Nulla et magni sunt labore qui necessitatibus. Itaque aut illo beatae occaecati.', 'Cupiditate illo architecto quisquam et vero commodi aperiam. Et deserunt eos ipsam odit aliquid doloremque.'),
(3619612, 'Perspiciatis qui suscipit repellat consequatur dicta dolore ducimus. Ut amet aperiam aut ad voluptatem sint.', 'Sed aut et dolores voluptates. Et distinctio ducimus qui odio. Iusto impedit natus deleniti vero quia natus. Id beatae labore tempora deleniti iusto ullam aspernatur.'),
(145, 'Commodi sed enim voluptatem aut et et et. Cum ut aliquam et quia. Et voluptas delectus sint et deleniti similique ipsum.', 'Iste ipsum debitis harum illo eum nostrum quasi. Pariatur iusto facilis dolorem harum sed. Similique excepturi qui ad qui. Nostrum laborum sunt est et nobis sed id.'),
(10, 'Soluta eum ut beatae incidunt rerum eum omnis qui. Recusandae at quis illo qui assumenda debitis et hic. Autem incidunt provident dicta id sunt maxime animi. Ex vitae vel fugit et.', 'Aut officia ad natus consequatur perferendis itaque iure. Id sit nostrum ut quod. Veritatis dolorum itaque aut qui corporis itaque sed est. Molestias harum corporis animi itaque quidem.'),
(71402582, 'Necessitatibus cupiditate et iure rerum perspiciatis voluptas odio. Delectus temporibus iure optio quas.', 'Omnis quo aliquam ipsam sint consequatur possimus dolor. Fugiat impedit eos velit qui assumenda repellendus id architecto.'),
(117820995, 'Cumque et aliquid eveniet officia et itaque voluptas. Minima provident delectus voluptas quod sed. Ut mollitia ullam autem ut id distinctio.', 'Rerum vel rerum et culpa quo possimus. Inventore qui optio dolore minus animi. Rerum laudantium dolorem dicta quia consequuntur. Et sed natus ea et natus quis aut accusamus.'),
(898500, 'Ut et qui consectetur commodi enim cum. Consequatur reiciendis id vel. Cum et placeat sed neque et quo numquam. Accusamus et quia consequuntur dolor.', 'Vero quia similique atque iusto cum. Magni illo eum et repudiandae vel.'),
(645943673, 'Dolores quas neque facere qui fugit illum pariatur. Amet reprehenderit consequatur voluptas minus dolor quis.', 'Sed velit eos dolores reiciendis. Ut iusto aut sed repellat voluptates repellendus. Qui veniam occaecati doloribus voluptatem sit omnis eos et. Laborum dignissimos vero recusandae consequuntur quo.'),
(832, 'Qui deleniti ex est repellendus culpa. Incidunt temporibus veniam dolorum incidunt. Non dicta perferendis placeat sequi et voluptatem.', 'Quia maxime dolore soluta dignissimos. Minima itaque voluptatem aut cupiditate ab maxime. Blanditiis ut optio odio deleniti dolores totam sit ex.'),
(99787082, 'Et quis est nobis voluptates. Laborum non minus eius omnis. Nihil earum amet explicabo sunt veritatis non sed recusandae.', 'Magnam natus impedit quo qui quisquam sed maiores. Praesentium recusandae quaerat quaerat nemo iste quaerat corporis. Cum veniam excepturi deserunt cupiditate ab.'),
(943433, 'Eligendi est impedit repudiandae autem aut ipsum. Et consequuntur voluptate sapiente ex. Omnis autem quod hic dolores a.', 'Voluptatum minima voluptatem est autem animi adipisci a. Magni porro nam quod assumenda omnis. Non eligendi fuga libero est quo sint deleniti ratione. Laudantium porro sunt non ut ut aliquid eius.'),
(5841, 'Ullam voluptatibus perspiciatis quia. Et ut doloribus provident in modi aliquam. Vel officia impedit voluptas eligendi qui aut nihil. Consequatur et consectetur debitis veniam saepe aspernatur.', 'Fugit doloribus natus adipisci ipsum qui. Nobis provident dicta repellendus nostrum quia. Aut nulla reprehenderit sint porro aut facilis animi.'),
(18586184, 'Dignissimos dignissimos et nobis ab. Quae eius autem illo numquam occaecati sint nihil. Et provident ipsa saepe sed molestias aliquam et doloremque. Veritatis officiis omnis id ut quis iure.', 'Libero qui quidem velit nemo quod quia. Voluptas qui fugit enim amet fugiat. Sed dicta rem culpa sed quam iste qui natus.'),
(142994209, 'Odit aut non quaerat. Ipsam animi occaecati voluptatem dolore. Non mollitia et maiores fuga quo eaque voluptates magni. Porro dolorem doloribus molestiae adipisci eligendi voluptas maiores labore.', 'Nostrum autem dignissimos sed voluptate non totam enim. Delectus id quia autem tempore sed quo unde eaque. Repellat quis sit quia. Sint nam voluptatem aut aperiam cumque.'),
(44928, 'Iste nihil corrupti sed totam. Et qui quis mollitia repudiandae. Quos consequatur nisi velit inventore eum ratione veniam et.', 'Quae ullam eum non sit. Repellat iste rerum corporis accusamus aperiam illum officia. Quae quo beatae vitae accusantium quasi et voluptas.'),
(225887, 'Ullam natus recusandae atque delectus dolore enim aut. Pariatur iusto rerum recusandae molestiae laborum est animi. Esse consequuntur animi consequatur quo.', 'Iure iusto eius dolores fuga voluptatem qui distinctio. Magnam nihil aut esse a voluptas voluptas odit. Deserunt enim et accusamus vero quisquam. Quod enim quasi aut odio amet quos dolorem.'),
(74, 'Sit consequatur accusamus vero hic. Magnam nam nulla vero consectetur vero quia voluptatum. Voluptas optio ex adipisci fugiat. Qui provident qui harum ut.', 'Explicabo et consequuntur quos dolorum. Numquam sint quibusdam qui sit. Fugiat nesciunt in at eum eos quia excepturi. Voluptatem vitae nobis iusto mollitia similique dolorum.'),
(91755450, 'Qui quia numquam rerum. Quam placeat sequi magni modi officiis et voluptas. Veritatis nulla nihil magni expedita eos.\nEarum consequatur ut ut voluptas. Esse qui voluptas nihil libero eos sed.', 'Et perspiciatis aut similique est. Reprehenderit adipisci soluta rerum consequatur. Aut aut sunt consequatur non quis et.'),
(7, 'Nisi consequatur facere voluptatem non dolores. Blanditiis consequatur facilis quasi. Rem ea commodi ut exercitationem animi beatae. Magni et aperiam ullam possimus repudiandae cum tempore.', 'Doloremque molestiae maxime sint iure magni dolores pariatur. Consequatur veritatis voluptatibus ab officiis tenetur sint. Beatae non velit qui autem in voluptate.'),
(4199011, 'Distinctio quis mollitia omnis expedita iusto. Voluptatem magnam omnis natus maxime dolorem possimus. Qui ea expedita at numquam saepe. Exercitationem excepturi laboriosam saepe et sit officiis.', 'Accusantium modi aperiam nostrum repellendus. Modi modi qui perferendis velit. Aut ea quibusdam iusto repellendus possimus.'),
(9351, 'Ipsam et dolor sit sed unde quod sed. Non laboriosam non quo facilis. Aut nulla blanditiis modi est soluta ipsum.', 'Omnis ad illo ullam qui. Impedit animi sint quia fugiat. Animi et dolor voluptatem quia.'),
(5, 'Neque est voluptatem inventore occaecati officia voluptas. Minima et hic iste laboriosam neque. Odio nostrum voluptatibus omnis quia sunt. Velit qui eos sunt autem.', 'Eos ea esse ad dignissimos veniam magni. Dolorem ratione qui facilis quo quos ut odit. Et laborum alias animi maxime sint maiores. Voluptatem adipisci modi vel sint voluptatem modi reiciendis aut.'),
(42924768, 'Omnis iure debitis magnam ea dolorem neque incidunt. Quia omnis hic voluptas soluta. Ut odit a impedit ut animi enim qui ut. Ut deleniti ea sed aliquam sint minima.', 'Quas cum ullam quidem sit totam. Cupiditate esse tenetur perspiciatis in laboriosam inventore et. Deleniti quia qui laudantium mollitia enim sapiente. Atque laudantium officiis quibusdam esse.'),
(59213, 'Cumque ut doloremque aliquam earum quia nemo. Temporibus ut et est numquam vitae eum. Soluta nulla commodi aut et.', 'Rerum laboriosam est temporibus nisi. Sit tempora porro magnam in deleniti voluptatem non. Ipsam sunt molestias enim illo rerum occaecati quia.'),
(392, 'Pariatur odit id repudiandae illo quo odio odio occaecati. Quasi cupiditate a consequuntur architecto nihil dolore doloribus dolores. Vero hic voluptas quia quis qui aperiam.', 'Et rerum ex tempore dolore. Beatae consequatur enim assumenda consectetur autem. Odit tenetur tempore distinctio tempora.'),
(594, 'Voluptatibus consequatur molestiae nesciunt molestiae molestiae quisquam atque distinctio. Eos ducimus dolor officiis quisquam.', 'Perferendis beatae quasi debitis ipsam nam dolorem sit recusandae. Et soluta itaque et veritatis officiis. Velit sit est eum illo aut sit ut.\nEarum corrupti non ex. Provident libero in excepturi.'),
(33, 'Ut voluptatem non sequi voluptas natus incidunt. Voluptas perferendis ipsum asperiores maxime. Deserunt voluptatibus iusto nobis. Magni labore consequatur doloremque quisquam sed ducimus placeat est.', 'Aut sed sint voluptatem quia cumque. Velit veritatis deserunt doloribus voluptatem quia ut praesentium dicta. Mollitia iure incidunt rerum reiciendis inventore similique.'),
(11, 'Ut suscipit voluptatum et saepe distinctio reiciendis. Delectus commodi voluptatem ut corrupti et.', 'Porro error qui quas. Veniam ad quis necessitatibus doloribus velit vel. Molestias distinctio quas ipsa.'),
(728950, 'Nobis et ea et. Dignissimos aut voluptatem eum est. Maiores quia vel corrupti praesentium incidunt qui. Dolorum et quae nihil ad quis voluptatibus odio.', 'Quis qui neque animi asperiores. Quibusdam nesciunt a praesentium odit ducimus. Iusto molestiae amet pariatur corrupti quo quidem quo.'),
(6, 'Nostrum aut minima facere eaque. Odit quaerat veritatis iusto necessitatibus repellat. Rerum numquam sed sunt rem.', 'Veritatis sint non explicabo asperiores temporibus. Omnis perferendis voluptatum enim dolorem. Voluptas quam occaecati molestias et laborum culpa vitae.'),
(4534, 'Dolores nemo velit consequatur aut est. Ut amet tenetur at repellendus. Suscipit eaque adipisci maiores.', 'Excepturi voluptatibus quis blanditiis itaque molestiae corporis quibusdam est. Accusantium aut quaerat sequi dolores rem doloribus. Deleniti atque cumque rerum aliquid esse.'),
(718182, 'Est qui molestiae doloribus doloremque dignissimos voluptates. Impedit soluta exercitationem et labore ea et. Et aut totam officia unde esse quo aliquid.', 'Qui dolore beatae ex ut. Ipsam adipisci iusto ducimus hic sequi. Eos ipsum perferendis alias esse illum consequuntur accusamus est.'),
(4693142, 'Quae quaerat corporis rerum necessitatibus. Odio nisi facere facere vel qui odio labore. Numquam sunt dolorum doloribus sed. Voluptatem totam occaecati id soluta id dolor ducimus modi.', 'Voluptates minus eum architecto qui harum. Qui ducimus voluptatem occaecati quia quo sit sint. Ex aliquam molestiae nisi impedit atque. Pariatur assumenda voluptatem quia ut voluptate.'),
(90991069, 'Quaerat unde debitis officiis officiis. Quasi tempora fugit atque consequatur excepturi nobis.', 'Delectus nobis ut esse ab nostrum. In iusto non aut est hic non occaecati. Libero accusantium sed omnis.\nPariatur est necessitatibus delectus. Ut at ab blanditiis et enim fuga.'),
(1890, 'Rerum assumenda numquam corporis cumque repellat minus similique. Sapiente tempora aperiam alias dicta. Sequi inventore quia blanditiis error. Quia ratione aut est dicta possimus quia ut.', 'Omnis molestias rerum laboriosam perferendis. Similique voluptatem repudiandae rem commodi non. Perspiciatis fugit aut sit quasi vel ratione.'),
(8320516, 'Ipsa exercitationem saepe eveniet. Debitis nisi asperiores at voluptas qui commodi. Nam qui dicta iste voluptatem laudantium consectetur nobis.', 'Nostrum quos accusantium magni cupiditate suscipit mollitia. Nulla consequatur nobis ut quis nihil sapiente dolores. Sit occaecati omnis sequi voluptatibus.'),
(38848263, 'Eveniet alias porro rem sint eveniet. Dolorum vitae amet pariatur facere pariatur molestiae. Repellat asperiores nobis asperiores laboriosam ex ab. Incidunt et et a iste consequuntur impedit sit.', 'Impedit ea non harum et consequuntur beatae voluptatem. Ex eligendi nobis perferendis.'),
(98337, 'Voluptatem cumque eos soluta quia ullam deserunt. Consequatur nesciunt odio beatae et. Earum voluptatibus quos id at dolorum quae voluptates.', 'Voluptatem est et est tenetur et reprehenderit. Fuga omnis cumque et qui molestias. Asperiores accusamus quaerat inventore.'),
(92, 'Sapiente dolor soluta dolorum a alias quos deleniti. Quo quia saepe possimus enim autem aliquam. Molestiae ut quis quia voluptatem.', 'Quis praesentium quibusdam voluptatem est. Omnis repudiandae maiores ipsa iusto sint. Atque quis cumque et.'),
(550883253, 'Sit nisi sunt sapiente. Excepturi fugit enim a delectus delectus ratione nostrum velit. Ipsum corrupti tenetur qui enim recusandae non quia harum.', 'Sapiente dolor aliquam sit repellat voluptas maiores iste sed. Repellat dolorem vel autem officia optio molestiae ipsa aliquam. Neque rerum at harum qui.'),
(435, 'Possimus maiores debitis et qui qui. Aut ut sed dolor ducimus explicabo ab voluptas voluptatem.', 'Soluta autem expedita illo debitis. Aut non fugiat possimus consectetur inventore voluptas. Praesentium qui itaque qui natus dolor ipsa consequatur. Deleniti ab nulla illo odit.'),
(9, 'Dolorum nobis corporis laborum perspiciatis voluptas. Illo quibusdam aperiam quo officia nemo dolorem magni. Vel necessitatibus ut sed doloremque vel dolores nihil et.', 'Et et voluptatem rerum tempora. Qui tenetur numquam ut. Mollitia consequatur praesentium qui earum autem veritatis.'),
(96, 'Voluptatem libero autem nemo atque vitae in similique. Quis deleniti iure facere repellendus ut deserunt ad doloribus. Enim delectus qui aut. Aut distinctio ea qui laboriosam.', 'Ipsa eius quidem voluptatem qui. Sit tempora voluptatem reprehenderit ipsam fugiat exercitationem enim. Commodi eveniet sunt et esse nihil error est. Recusandae ratione qui ut.'),
(4969, 'Consectetur vero sit officiis maxime. Officiis nesciunt eos autem minima. Earum eius sed quasi aliquam.', 'Mollitia facere qui quas unde voluptate aut. Debitis quos est aut qui sunt autem sit. Minus totam quis voluptatem repellendus.'),
(5525, 'A quibusdam aperiam voluptates sed cum ipsum aperiam unde. Dolores et recusandae laboriosam debitis est. Omnis et ea quaerat dolore.', 'Est rerum dolor error consequatur sed aliquam sequi. Eaque ad inventore et officiis quis porro. Vero aliquid rem aut fuga et ea adipisci saepe. Doloribus rerum est deserunt voluptates qui.'),
(3085257, 'Sequi a perspiciatis quos nihil assumenda in. Dolorem vel quod quas rerum. Est similique sed error repellat quod aspernatur eos.', 'Maxime illo sequi quia. Qui eum et perferendis. Et ullam expedita sit iusto omnis ut rerum. Aut doloribus quod ut repellat dicta qui porro voluptas. Dolorem autem ea perferendis temporibus.'),
(91836401, 'Neque laborum rerum asperiores eius ut fugit. Laboriosam nesciunt impedit tenetur quia qui maiores odit nihil. Earum aspernatur ea quod tempore distinctio a eaque et. Ad deserunt omnis molestias eos.', 'Beatae totam nam alias ab quis quisquam sit. Ipsam itaque omnis et. Est quia a nihil voluptatem magni aliquid similique ullam.'),
(623134236, 'Accusantium nisi perspiciatis consequatur nemo consequatur nesciunt. Dignissimos nihil in excepturi laborum.', 'Quis et quas itaque voluptas quis facere dolores qui. Nemo nesciunt excepturi fugit et. Autem tempore qui qui eos. Aliquid non ea rem quas consequatur cumque.'),
(194, 'Deleniti sint eveniet quam voluptas. Enim facere et voluptas aut quia consequatur voluptas. Sed illo qui aliquam voluptas aliquam aut.', 'Voluptatem minima eos fugiat alias velit rerum vel dolorem. Pariatur porro et qui molestiae ratione esse. Non iste similique est voluptas aut.'),
(86, 'Aliquam veritatis quibusdam molestiae assumenda. Suscipit nulla iste culpa blanditiis beatae. In quasi eaque debitis et.', 'Veniam maiores voluptatibus voluptatibus quas deleniti veritatis explicabo est. Fugit optio eaque voluptas accusantium. Repudiandae alias labore maxime tenetur.'),
(932, 'Provident deleniti nihil inventore aut sunt voluptas eos magni. Enim laboriosam quas enim laborum dolores numquam alias quia. Corporis molestiae architecto unde at.', 'Eius magnam consequatur voluptas. Et enim est sunt fuga omnis explicabo. Ut reprehenderit quo nesciunt sapiente dignissimos.'),
(5653951, 'Atque accusamus et sed aspernatur temporibus nihil. Blanditiis beatae consequatur ab quia. Dolores tenetur ad accusantium natus. Officiis autem reiciendis enim laboriosam ut qui.', 'Necessitatibus repellat quod aperiam totam rerum rem inventore. Quas dignissimos animi quod ut magnam. Ducimus optio voluptate ut ut fugit. Ea voluptate a corporis voluptas repellendus.'),
(2, 'Illo adipisci quasi perspiciatis labore eum placeat. Aut fugiat exercitationem sequi eaque et qui libero totam. Reprehenderit non ut quos ab voluptatem non.', 'Quasi amet sed iusto odit ea. Consequuntur ut eveniet qui vitae ratione debitis. Blanditiis dolorem numquam quaerat veniam. Eos rerum est quia beatae mollitia autem.'),
(4, 'Quisquam similique quas qui rerum nihil non. Voluptas nemo omnis deserunt necessitatibus quia. Perspiciatis minima modi eum sunt maiores cumque maxime dolor.', 'Mollitia et rerum voluptatum natus. Quo voluptates et voluptatum aut. Est magnam ipsum ut neque aut est.'),
(2996, 'Blanditiis occaecati esse ut soluta. Est non quo aut. Quisquam sed non dolorum aliquam consequatur. Asperiores reprehenderit odit in cupiditate.', 'Dolore consequatur vel eligendi quis nisi. Et necessitatibus soluta quaerat qui voluptatem qui est. Id perspiciatis ipsam est accusantium molestias. Ut provident ipsa possimus et qui qui.'),
(794934515, 'Animi velit in qui dolor veritatis. Accusamus ducimus et fugit id ab. Aut eius qui et qui voluptatem. Impedit voluptatem et velit.', 'Velit et perspiciatis error quis esse modi magni. Quod voluptas sapiente delectus et assumenda. Itaque tempore corrupti molestias libero distinctio.'),
(4297, 'Dolore velit ut iusto ipsum temporibus dignissimos est. Incidunt sed saepe et quas. Doloribus voluptates quis provident labore. Sit enim itaque quia doloribus nisi quo.', 'Excepturi aut et dolore unde. Optio eum enim cumque corrupti voluptatem minus velit eius.'),
(527, 'Magnam a molestias sit ipsam. Nulla molestias voluptas porro culpa. Impedit maiores est sint beatae consequuntur unde. Dolore et laboriosam veniam explicabo maxime.', 'Illo nihil qui commodi autem omnis praesentium. Expedita qui ut atque cum nihil inventore quia. Et reiciendis architecto et in facere.'),
(3, 'Molestiae molestiae consequuntur maxime dolor ducimus est atque. Iusto possimus aliquid modi fuga. Dolores laborum earum quod et ea mollitia et.', 'In hic quia nulla hic exercitationem quia. Dignissimos et sed et alias voluptate totam possimus explicabo. Enim quam voluptates aut. Sed exercitationem exercitationem iure ullam dolorum.'),
(1057033, 'Eos suscipit voluptas voluptatem similique nobis quis saepe. Magni totam et libero cumque quia vel aut. Velit consequatur ullam qui explicabo. Impedit est voluptatem quae sit corporis.', 'Vitae consequuntur quo qui aspernatur. Iusto nobis possimus quam incidunt aut. Debitis debitis corporis atque ducimus.'),
(526535, 'Ex vel quidem dolores autem dicta. Nisi sed amet saepe et.', 'Aliquid accusamus beatae atque quia. Dolores sequi distinctio quae nam nostrum similique beatae. Enim est officiis quas voluptatum debitis. Sed harum ducimus et omnis error rerum.'),
(4652838, 'Saepe pariatur voluptatem blanditiis sunt at. Aut itaque velit nihil consequuntur aut. Eligendi amet maxime et quasi.', 'Sed aspernatur eum similique. Vel voluptate voluptatum quia nemo. Harum laudantium consequatur voluptatem molestiae est. Dolorem ex sit et.'),
(22324048, 'Eaque consequatur sit rem. Est praesentium nostrum veritatis quidem a eveniet earum. Alias commodi ipsa vero tempore. Dicta adipisci exercitationem architecto aut quos veniam tempore.', 'Quasi laudantium molestiae tempora ad enim et. Sequi itaque ut provident sit voluptatem aut iusto. Veniam libero ab praesentium enim incidunt.'),
(75, 'Qui optio sapiente sed nihil maxime. Aut ducimus aliquid et quas eligendi. Qui quia sed libero voluptas rem ea vel asperiores. Voluptatem dolor architecto soluta quas mollitia fuga et.', 'Quod et quisquam sapiente quia nesciunt odio. Enim in placeat non eius. Molestiae dicta fugiat consequuntur.'),
(881362, 'Itaque adipisci sed exercitationem dolor asperiores. Quod voluptates ut quia similique perferendis expedita consequatur. Qui earum dicta eveniet.', 'Culpa sint reprehenderit eveniet et voluptatem ad nobis. Qui recusandae rerum a nostrum. Veritatis reprehenderit ut corrupti velit similique. Et cum eveniet veniam molestiae temporibus inventore ut.'),
(6987198, 'Nemo modi dignissimos error eum unde tempore adipisci. Voluptate non corporis architecto repudiandae aut. Tempore corporis quo tempore aut modi corporis et.', 'Autem sed magni amet distinctio excepturi harum. Dolore reiciendis quo officiis perspiciatis hic dicta. Ullam eveniet animi corporis non. Soluta sed ducimus beatae fugiat maiores illo at autem.'),
(312345393, 'Doloribus non deleniti facere illum. Mollitia dolores harum dolor vel. Porro repellendus est voluptatum et deserunt necessitatibus illum. Mollitia voluptas consectetur ut qui.', 'Praesentium eius qui quisquam et ipsum. Sunt repellat ea et ut consequatur et. Quod repudiandae quod laudantium incidunt atque sed.'),
(49, 'Sequi in vero ut iste omnis in quia. Quae vel et debitis odio consequuntur sed placeat. Voluptatibus aut voluptas aliquid aut quis soluta dolores.', 'Nemo autem eius exercitationem dolore voluptatem quo neque. Illum saepe iste quia velit modi et. Numquam fuga accusantium repellendus consequatur id. Et atque atque facere et.'),
(9413, 'Facilis nostrum pariatur quam incidunt suscipit tempora. Est voluptas vero sequi quidem unde. Facilis tempore dolor expedita quidem.', 'Aliquam laudantium numquam repellat deleniti dolor. Eum ea laboriosam ut aut alias.'),
(37, 'Qui neque maxime qui id odit perferendis expedita. Corporis repudiandae cumque ea. Quia illum quidem officiis numquam natus magnam harum.', 'Voluptas voluptatem id veniam ipsum libero molestias. Est explicabo exercitationem qui distinctio. Repellendus quos ea animi laborum ut id sint. Magni veniam tenetur quia.'),
(10730415, 'Provident omnis voluptatem fuga. Molestias recusandae dicta et nam sit. Eos voluptate ducimus soluta beatae placeat voluptatem. Ducimus saepe nesciunt natus magni expedita et nisi.', 'Sit dolores itaque distinctio illum voluptas quas hic tempore. Et accusantium animi cumque sequi. Autem dolores dolores ipsa aut.'),
(461673462, 'Nesciunt quae eos quas perspiciatis et omnis pariatur. Nihil vel sit fugiat. Eligendi explicabo nihil quis magnam. Dolore nihil consequatur nostrum quia corporis qui.', 'Maxime molestias voluptas ad omnis. Fugit animi et qui ut. Soluta quis velit omnis eos autem.'),
(557, 'Assumenda qui aut maiores a fuga voluptas. Ducimus ut molestiae quam sunt doloremque nobis qui. Maiores ipsa ut autem blanditiis sit sunt.', 'Aspernatur sint ipsam deleniti. At deserunt autem quia earum qui eos earum. Maiores quas molestias vel quam ut repellendus. Soluta architecto accusantium harum.'),
(12, 'Sed eveniet consequatur illo quia. Placeat magnam ipsam consequatur ipsa quia consequuntur repellat. Et nesciunt eum neque. Ut adipisci eaque facere quis dolor est eveniet.', 'Totam necessitatibus ipsam qui voluptatibus dolorum ut sit modi. Est veniam impedit molestias non. Aperiam cupiditate unde nostrum itaque consequatur.'),
(142, 'Ex sed ut voluptatem sed eius. Sint quisquam nemo impedit repudiandae aut at. Ut delectus natus adipisci beatae voluptatum eos. Magnam omnis natus sint est.', 'Eaque suscipit sequi in quam distinctio cumque aut. Sapiente sit dolor et dolore. Est iste tenetur est consequuntur dolore qui quibusdam.'),
(148199371, 'Vel quibusdam quo possimus veritatis. At at sint neque odit voluptatem. Exercitationem consectetur inventore et.', 'Commodi at placeat sed tempora maxime dignissimos. Repudiandae et vero aut harum quo quia magni blanditiis. Assumenda voluptas facere eligendi.'),
(16262746, 'Animi et expedita sint molestiae. Recusandae rerum vero repellendus voluptates tempora rerum dolores ea. Distinctio recusandae quos qui qui qui sunt officia. Culpa omnis ab harum earum.', 'Officiis qui dolor ipsam magni. Aliquid ad omnis ab a et incidunt eos. Id magnam esse omnis vel dolorum. Et qui ab ullam voluptatem.'),
(454745298, 'Consectetur enim impedit odio possimus accusantium aut placeat. Sequi laborum atque excepturi error. Fugit et quia repellat doloremque. Animi deserunt quos soluta perferendis dolore qui magnam error.', 'Sapiente voluptas omnis delectus omnis consequuntur ea est dolorem. Eveniet quisquam ullam ut culpa. Dolorem in consectetur reiciendis.'),
(213643, 'Aut et autem veniam. Est fugit qui possimus.', 'Laudantium quo voluptas unde harum omnis. Minima sint qui architecto qui quisquam eum. A occaecati impedit aperiam consequatur sequi omnis.'),
(8433, 'Accusamus mollitia est enim quo porro. Tempore dolor sapiente omnis alias laborum enim atque. In et incidunt consequatur perferendis consequuntur sed ut.', 'Unde corrupti voluptatem debitis magni non. Et quibusdam autem id inventore ad. Eaque atque et qui. Iure impedit dolorem est ab quis.'),
(53, 'Deserunt provident architecto fuga qui molestiae ad. Aspernatur sit ullam voluptatem. Id laboriosam omnis eaque explicabo quo corrupti delectus at.', 'Corrupti natus sunt explicabo enim quo aliquam. Non rem est perferendis labore. Atque ab at eius explicabo eum.\nAssumenda nihil magni iure nisi. Est architecto qui ut et dolorem qui.'),
(5262, 'Omnis nam magnam laboriosam sit natus accusantium ratione. Repellendus laborum porro recusandae. Sunt et quis voluptatem dolorem sint officia est. Temporibus dolorem illo enim eos et ut.', 'Neque eius soluta dolore impedit minima. Est numquam cumque non voluptatem. Nam quas nihil consequatur doloremque sint tempore.'),
(968995, 'Aut quas est fugit earum sit repellat. Sequi ab voluptatem nam tenetur placeat nisi. Est eveniet repellat est placeat maiores autem et.', 'In eum velit incidunt aliquam. Ut delectus in iste. Quia deserunt ut qui illo pariatur tenetur.'),
(9757200, 'Unde velit tempore deleniti corporis. Placeat velit aut quod consequatur et fuga. Expedita quidem est maiores qui vel. Exercitationem minus labore nostrum dolorem aut similique.', 'Doloribus laudantium perferendis qui dignissimos qui facilis soluta voluptates. Tenetur quam numquam dicta ut quia ut. Qui voluptas non et repellendus.'),
(52116084, 'Fuga exercitationem error eum commodi molestiae et. Temporibus cumque modi dicta pariatur saepe quis. Doloribus consequatur aut cupiditate vitae. In facilis omnis amet quidem et vitae.', 'Esse in sit sapiente est eaque voluptatem quia. Et voluptatem quia doloribus.'),
(6172884, 'Eos delectus sed iste sunt fuga exercitationem sed voluptatum. Ea dignissimos eos quia necessitatibus qui. Repellendus iste et voluptas et.', 'Asperiores ut animi et qui consequatur dolores ut. Nesciunt velit et molestiae assumenda. Odit porro aut quibusdam omnis tenetur.'),
(909, 'In consectetur dolore qui dolores. Ad perspiciatis ut ut cupiditate. Sequi sint optio et numquam delectus illum tempore. Dolorem est illo rerum quam odit.', 'Aperiam consectetur ut quae placeat. Eum vel animi iusto et voluptas at. At eum odit quis quia sit.\nError itaque et illo voluptatem sed. Dicta voluptas sit dolorem molestiae reiciendis.'),
(1, 'Maiores sit et consequatur et fuga consequatur non ut. Qui fugiat nobis animi. Libero iure laboriosam qui voluptates et sed accusantium. Nulla nobis sunt ab dignissimos non voluptate qui quidem.', 'Eos voluptates omnis qui accusantium voluptas placeat. Est qui soluta voluptas dolores aut sed. Cumque aut voluptate sit id.'),
(686, 'Qui beatae aut voluptatum. Est debitis recusandae aut debitis id illum. Qui in non eius dolorem iusto quisquam. Inventore beatae ratione eveniet ab sapiente.', 'Porro consequuntur ut voluptates distinctio esse similique. Aliquid labore non quod. Quia deserunt voluptates aspernatur hic. Sint et officia quo porro.'),
(77660867, 'Amet perferendis et quae atque id. Nisi dolores est at quis dolores nulla. Eligendi labore quod perferendis officia maxime soluta.', 'Veritatis consequuntur suscipit tenetur. Error amet mollitia aut similique nihil est. Alias ut enim id iusto.'),
(205, 'Incidunt aliquid qui et est velit. Perspiciatis dolorem sequi fugit enim. Pariatur quis ratione fuga laboriosam dolores odit consequatur. Architecto dolorem maxime ab incidunt ut iure et.', 'Neque nemo voluptate minima rerum. Voluptatibus consequuntur laboriosam vel ratione sed eum non. Eum harum placeat consectetur et neque dolor iste. Nemo eveniet autem nisi.'),
(525528, 'Et animi impedit quia id dolore. Sunt a repudiandae nisi autem sint sed quibusdam. Ipsum animi repudiandae cupiditate qui.', 'Perferendis numquam aut voluptatem aperiam. Ut magni natus sed nulla debitis exercitationem. Excepturi sed fugit modi vel voluptatum tempore. Fugit rerum nam sint error.'),
(965832035, 'Et voluptas commodi ex eaque non iste laboriosam sit. Porro nesciunt ipsam est harum. Quisquam quasi nemo pariatur.', 'Vero doloribus laborum excepturi. Tenetur voluptatem illo corporis molestias esse et. Harum alias laboriosam saepe et eum voluptas. Sint commodi aut autem quaerat doloremque molestiae.'),
(4556335, 'Iste tenetur voluptas quisquam et ut repellat ipsum. Asperiores ad labore qui rerum. Voluptatem et ut dolorem aut et repellat.', 'Sit in facilis veniam cupiditate. Dolores in quia molestiae sit. Soluta culpa commodi numquam dolor. Quas repellendus qui ut iste maxime ea.'),
(12496, 'Pariatur itaque porro eum nisi asperiores repudiandae ex ut. Qui magni aspernatur maxime maiores. Cumque harum excepturi eum reiciendis beatae sunt. Nesciunt praesentium qui inventore ut a.', 'Harum molestiae odit et distinctio facilis. Quis quas dolorem debitis nostrum.'),
(77844189, 'Quaerat dolor laborum consectetur eos voluptatibus est. Rerum vel aperiam repellat sapiente et eum reiciendis. Quia eius dolores iure. Ut ea hic corporis nisi impedit doloribus amet temporibus.', 'Voluptas cupiditate repellendus nemo quia. Expedita aspernatur quae a est nostrum ut id.');

-- --------------------------------------------------------

--
-- Структура таблицы `product_image`
--

CREATE TABLE `product_image` (
  `id` int NOT NULL,
  `product_id` int NOT NULL,
  `image` varchar(255) DEFAULT NULL,
  `sort_order` int NOT NULL DEFAULT '0'
) ENGINE=MyISAM DEFAULT CHARSET=utf8 ROW_FORMAT=DYNAMIC;

--
-- Дамп данных таблицы `product_image`
--

INSERT INTO `product_image` (`id`, `product_id`, `image`, `sort_order`) VALUES
(244261, 0, 'tmp//510a0fd61030196f6f01ad91824ed77e.jpg', 85672),
(244262, 6, 'tmp//f5cc37ee4b8453858df09a006c2184aa.jpg', 0),
(244263, 9, 'tmp//9d47fc3acdd8dc67fa7359bcb3bce647.jpg', 6),
(244264, 6, 'tmp//5c8ea66648f257a32b152ffab1031774.jpg', 0),
(244265, 5, 'tmp//942fdd7d4a22d074cc127985f37ebc24.jpg', 0),
(244266, 8, 'tmp//ccb39db87a39d06c113125df354e669c.jpg', 0),
(244267, 6, 'tmp//dad3c95775fd3962ff25504391c6bbf6.jpg', 0),
(244268, 2, 'tmp//2e4c28d4e74f6114304a2adc96af4217.jpg', 28),
(244269, 3, 'tmp//2faf712c22f3195120b817b81cc6ab23.jpg', 580033),
(244270, 3, 'tmp//740ad9d52bdb05adabe2f094cbc22593.jpg', 22),
(244271, 6, 'tmp//290e590702879c2db603d0f9dc94afbb.jpg', 3027),
(244272, 3, 'tmp//4beae7880d82d65814c5009b202c8e77.jpg', 481740),
(244273, 0, 'tmp//d0f692ff6004f9c7031c5adb04a8769d.jpg', 7914),
(244274, 9, 'tmp//e1d5e623bc9283970cdddb61ffab7bdd.jpg', 57531813),
(244275, 3, 'tmp//14d6753ec5351eda2b9746a90899be4e.jpg', 437),
(244276, 2, 'tmp//399f48575c0ccd1e723c088107e09f34.jpg', 32669),
(244277, 7, 'tmp//2f5dba6d6948f5363e4c60c173c8a945.jpg', 79268416),
(244278, 4, 'tmp//dba7fcc53dedc3e610894970364d3eac.jpg', 9210),
(244279, 2, 'tmp//2a228d7375622e11daae530b0ff65c6d.jpg', 924),
(244280, 5, 'tmp//3b3f93f87d920639ed935034a7adc62e.jpg', 630466537),
(244281, 9, 'tmp//7cf681f442cb951dc9af67cfdad9ad86.jpg', 33804),
(244282, 6, 'tmp//853e6bec4451610bf277127da245c275.jpg', 9),
(244283, 7, 'tmp//9237a633188f3a737d82d30c8ffd1810.jpg', 3381405),
(244284, 1, 'tmp//83374dd2e8d3954881f8a590ee95c952.jpg', 246130),
(244285, 2, 'tmp//bd6b826879f323495edca482f2032080.jpg', 8751538),
(244286, 6, 'tmp//d7989497bc646f69a33dfd4be48c4b70.jpg', 0),
(244287, 2, 'tmp//09eed064866127287497c28830d7e827.jpg', 40),
(244288, 3, 'tmp//5d7329c153c8ce60216c937fa2e1b9b9.jpg', 42999),
(244289, 5, 'tmp//a789314d8384bdd559c34198dd2d8156.jpg', 6),
(244290, 6, 'tmp//e6e2e06c66602a17e5c7f7782e6b4f99.jpg', 8),
(244291, 8, 'tmp//dbacf2e14e788cb71f964f5978a73798.jpg', 7),
(244292, 5, 'tmp//597885c904cc98d3e73e7987fdce0fbf.jpg', 5),
(244293, 9, 'tmp//12ae06fbe3039935a9e02da551c3fc35.jpg', 99949479),
(244294, 3, 'tmp//0e039fb4d15e8fa131b4b8b2d6613a65.jpg', 3469095),
(244295, 7, 'tmp//ac0a0b9f217d2bd2c713c4449b9e770b.jpg', 638793937),
(244296, 6, 'tmp//713e1b10fe14c301abf5bb43055813f1.jpg', 89729765),
(244297, 2, 'tmp//0546f1e17018a8dc3765f105e016c203.jpg', 5),
(244298, 0, 'tmp//baf276783842818fb26b8269d2f06eaf.jpg', 6696),
(244299, 3, 'tmp//788f00f64b7317e3aade7de232f5e22a.jpg', 1198542),
(244300, 4, 'tmp//d46409f4aabb4fce4f24b852a1589ef6.jpg', 4),
(244301, 6, 'tmp//81f4423ae8ff34278e181b674deecb5e.jpg', 67979659),
(244302, 5, 'tmp//1a28217ed3384ffec1b40ad0b3beb20f.jpg', 4985226),
(244303, 2, 'tmp//1489c64b0cff0746a2880c1557a6c4f0.jpg', 8806185),
(244304, 5, 'tmp//84f03aafc0a999b3b2a429a9415fadc9.jpg', 27757),
(244305, 3, 'tmp//baa0f22b354a5fcd837c87db46e2a537.jpg', 6730),
(244306, 1, 'tmp//f7cddaf31bd2eb57906dfc827d03eba5.jpg', 91136),
(244307, 8, 'tmp//0140892b1be3dd8b9ae56bbaaaa9f1b0.jpg', 1385),
(244308, 9, 'tmp//6868173a8b93698107edd8e832b3e87f.jpg', 8),
(244309, 7, 'tmp//403705b82d3a3f94878cff3e62d54512.jpg', 90),
(244310, 9, 'tmp//e318e89301a818af922ef3bf3a3a8309.jpg', 381619),
(244311, 8, 'tmp//c6e932796bba67ed6e5c0338a200ec3f.jpg', 7838890),
(244312, 3, 'tmp//21fd0d189e8b88648d1477993d39b7b7.jpg', 431399),
(244313, 3, 'tmp//a3705bc6df06739cb8dc02aaa4ee2fc7.jpg', 98413),
(244314, 1, 'tmp//c0eee7158faf5c076289b60d685ee530.jpg', 0),
(244315, 3, 'tmp//570e120d3b8ca397ef1b218fb85e23c0.jpg', 94),
(244316, 2, 'tmp//c1bed3dd6a493a5c3936a106756a3cfb.jpg', 5),
(244317, 1, 'tmp//74b86d415242779b94ba6e4f61500554.jpg', 88226242),
(244318, 9, 'tmp//1a71145f26176769494dbe7c8f7dc35a.jpg', 74394),
(244319, 1, 'tmp//7bb758da3c0b0cf58a41be75244aed30.jpg', 6137),
(244320, 0, 'tmp//4a9b36181b9b73aabe8dc0bd17e4cfd3.jpg', 417),
(244321, 4, 'tmp//394d04fde7e1015f513ef68683368d3b.jpg', 0),
(244322, 0, 'tmp//e86e4b18cb22f40f09e62e1057fc3264.jpg', 6),
(244323, 1, 'tmp//8a461964c2ee0097e96d1a630e9ca45b.jpg', 9510225),
(244324, 7, 'tmp//da1dae5a9b9a404fa2d3e1ef721dc618.jpg', 88),
(244325, 6, 'tmp//88ce80bfc0148bf985dcda6cf7f8b901.jpg', 17),
(244326, 2, 'tmp//60784ba9f29e305193642f0e4443a4cc.jpg', 3),
(244327, 7, 'tmp//53915d9c5fbf067ca8834ab26a2feae1.jpg', 7),
(244328, 2, 'tmp//d573db166bcc63351a2356a367cf6e4b.jpg', 6),
(244329, 1, 'tmp//5d5a7dd3c73977d8171c3cec954c9759.jpg', 849),
(244330, 9, 'tmp//a00afba59cd0b8d9a2d525034491ad86.jpg', 0),
(244331, 9, 'tmp//c6a04ca99c6a3fea8a8eb06ceeb624ab.jpg', 5119171),
(244332, 3, 'tmp//82c9db7aa2b7835e5d89bd287a5c6669.jpg', 4892),
(244333, 8, 'tmp//23ac4076875734e33bd558c8f8a364f6.jpg', 0),
(244334, 1, 'tmp//ab6b93666c518086b81c2dcfda0dd326.jpg', 8186),
(244335, 8, 'tmp//0a3f729f570feda3b3252892052f9454.jpg', 10492237),
(244336, 7, 'tmp//2cbdb44e63c39fc58029d1f954f01bd2.jpg', 2087042),
(244337, 3, 'tmp//c4c5b9962698f54928de532986ca11f6.jpg', 215),
(244338, 1, 'tmp//291de53067db5c5ca3ab36b0c0e7578a.jpg', 4296759),
(244339, 7, 'tmp//76e3beee57a6a9512eeb82ce8a03806f.jpg', 2),
(244340, 7, 'tmp//564b03be10bb2b444ad02139bf18d6d9.jpg', 2),
(244341, 4, 'tmp//411c80d521e200f896f2b3e4d3028f0b.jpg', 1408211),
(244342, 3, 'tmp//1ffe9f571a02455907e993fe94f924e7.jpg', 0),
(244343, 9, 'tmp//27421624bea84fb3936fc0f24798427e.jpg', 3),
(244344, 7, 'tmp//26e3193470b6a9abbd01813f3defd460.jpg', 0),
(244345, 6, 'tmp//84f24980ba36de6b592ff53b3eaeeb6b.jpg', 187),
(244346, 1, 'tmp//6ebd5ed3d69907abc8f8c476063db1ec.jpg', 909866),
(244347, 7, 'tmp//a93833abcb788fff533770fe7c234e06.jpg', 0),
(244348, 8, 'tmp//583506e6b74fcf944a64719539b4ea06.jpg', 861702),
(244349, 9, 'tmp//8b0954a64b50e1983c839c8f907532ad.jpg', 0),
(244350, 2, 'tmp//8de19a4da32eb0e6d25460f72542fc4a.jpg', 69556),
(244351, 2, 'tmp//2c6f28625aaa9b3869843b8b0f3e626a.jpg', 9803),
(244352, 5, 'tmp//d132ae8db3aa8f36fc00c4b5278f63f1.jpg', 688189),
(244353, 5, 'tmp//a92cf6c92e97c39324f04319af16acc0.jpg', 582375),
(244354, 2, 'tmp//34caec5210d77a6bc23f8920288e26d9.jpg', 60646569),
(244355, 5, 'tmp//0403b17ed66f3cd4886941f8a0cb4edd.jpg', 3189),
(244356, 1, 'tmp//40c78c37f4a0cc12812ed30088f2df5f.jpg', 3308),
(244357, 9, 'tmp//84d5a51af6f37c62fae20bbc7275087c.jpg', 769666),
(244358, 7, 'tmp//54aaa9d2c447e431658a9c1e6aa2954d.jpg', 3646743),
(244359, 5, 'tmp//d10a9a38a572183fc8ca318466dc90a6.jpg', 6),
(244360, 4, 'tmp//43c26c87a0fbe68d60ef971f2a8d39dd.jpg', 1);

-- --------------------------------------------------------

--
-- Структура таблицы `store`
--

CREATE TABLE `store` (
  `id` int NOT NULL,
  `name` varchar(64) NOT NULL,
  `url` varchar(255) NOT NULL
) ENGINE=MyISAM DEFAULT CHARSET=utf8 ROW_FORMAT=DYNAMIC;

--
-- Дамп данных таблицы `store`
--

INSERT INTO `store` (`id`, `name`, `url`) VALUES
(1, 'consequatur', 'http://marks.com/'),
(2, 'fugit', 'http://effertz.com/'),
(3, 'officia', 'http://www.johnstondicki.com/'),
(4, 'laudantium', 'http://uptonhowell.net/'),
(5, 'pariatur', 'http://king.com/');

--
-- Индексы сохранённых таблиц
--

--
-- Индексы таблицы `cart`
--
ALTER TABLE `cart`
  ADD PRIMARY KEY (`id`) USING BTREE,
  ADD KEY `id` (`id`,`customer_id`,`product_id`) USING BTREE;

--
-- Индексы таблицы `customer`
--
ALTER TABLE `customer`
  ADD PRIMARY KEY (`id`) USING BTREE;

--
-- Индексы таблицы `customer_history`
--
ALTER TABLE `customer_history`
  ADD PRIMARY KEY (`id`) USING BTREE;

--
-- Индексы таблицы `customer_ip`
--
ALTER TABLE `customer_ip`
  ADD PRIMARY KEY (`id`) USING BTREE,
  ADD KEY `ip` (`ip`) USING BTREE;

--
-- Индексы таблицы `order`
--
ALTER TABLE `order`
  ADD PRIMARY KEY (`id`) USING BTREE;

--
-- Индексы таблицы `order_history`
--
ALTER TABLE `order_history`
  ADD PRIMARY KEY (`id`) USING BTREE,
  ADD KEY `order_id` (`order_id`) USING BTREE;

--
-- Индексы таблицы `order_product`
--
ALTER TABLE `order_product`
  ADD PRIMARY KEY (`id`) USING BTREE;

--
-- Индексы таблицы `order_status`
--
ALTER TABLE `order_status`
  ADD PRIMARY KEY (`id`) USING BTREE;

--
-- Индексы таблицы `product`
--
ALTER TABLE `product`
  ADD PRIMARY KEY (`id`) USING BTREE;

--
-- Индексы таблицы `product_description`
--
ALTER TABLE `product_description`
  ADD PRIMARY KEY (`product_id`) USING BTREE,
  ADD KEY `name` (`name`) USING BTREE;

--
-- Индексы таблицы `product_image`
--
ALTER TABLE `product_image`
  ADD PRIMARY KEY (`id`) USING BTREE,
  ADD KEY `product_id` (`product_id`) USING BTREE;

--
-- Индексы таблицы `store`
--
ALTER TABLE `store`
  ADD PRIMARY KEY (`id`) USING BTREE;

--
-- AUTO_INCREMENT для сохранённых таблиц
--

--
-- AUTO_INCREMENT для таблицы `cart`
--
ALTER TABLE `cart`
  MODIFY `id` int UNSIGNED NOT NULL AUTO_INCREMENT, AUTO_INCREMENT=101;

--
-- AUTO_INCREMENT для таблицы `customer`
--
ALTER TABLE `customer`
  MODIFY `id` int NOT NULL AUTO_INCREMENT, AUTO_INCREMENT=101;

--
-- AUTO_INCREMENT для таблицы `customer_history`
--
ALTER TABLE `customer_history`
  MODIFY `id` int NOT NULL AUTO_INCREMENT, AUTO_INCREMENT=101;

--
-- AUTO_INCREMENT для таблицы `customer_ip`
--
ALTER TABLE `customer_ip`
  MODIFY `id` int NOT NULL AUTO_INCREMENT, AUTO_INCREMENT=101;

--
-- AUTO_INCREMENT для таблицы `order`
--
ALTER TABLE `order`
  MODIFY `id` int NOT NULL AUTO_INCREMENT, AUTO_INCREMENT=101;

--
-- AUTO_INCREMENT для таблицы `order_history`
--
ALTER TABLE `order_history`
  MODIFY `id` int NOT NULL AUTO_INCREMENT, AUTO_INCREMENT=101;

--
-- AUTO_INCREMENT для таблицы `order_product`
--
ALTER TABLE `order_product`
  MODIFY `id` int NOT NULL AUTO_INCREMENT, AUTO_INCREMENT=101;

--
-- AUTO_INCREMENT для таблицы `order_status`
--
ALTER TABLE `order_status`
  MODIFY `id` int NOT NULL AUTO_INCREMENT, AUTO_INCREMENT=17;

--
-- AUTO_INCREMENT для таблицы `product`
--
ALTER TABLE `product`
  MODIFY `id` int NOT NULL AUTO_INCREMENT, AUTO_INCREMENT=568079;

--
-- AUTO_INCREMENT для таблицы `product_image`
--
ALTER TABLE `product_image`
  MODIFY `id` int NOT NULL AUTO_INCREMENT, AUTO_INCREMENT=244361;

--
-- AUTO_INCREMENT для таблицы `store`
--
ALTER TABLE `store`
  MODIFY `id` int NOT NULL AUTO_INCREMENT, AUTO_INCREMENT=6;
COMMIT;

/*!40101 SET CHARACTER_SET_CLIENT=@OLD_CHARACTER_SET_CLIENT */;
/*!40101 SET CHARACTER_SET_RESULTS=@OLD_CHARACTER_SET_RESULTS */;
/*!40101 SET COLLATION_CONNECTION=@OLD_COLLATION_CONNECTION */;
