-- MySQL dump 10.13  Distrib 5.5.62, for Win64 (AMD64)
--
-- Host: 127.0.0.1    Database: vk
-- ------------------------------------------------------
-- Server version	8.0.21-0ubuntu0.20.04.4

/*!40101 SET @OLD_CHARACTER_SET_CLIENT=@@CHARACTER_SET_CLIENT */;
/*!40101 SET @OLD_CHARACTER_SET_RESULTS=@@CHARACTER_SET_RESULTS */;
/*!40101 SET @OLD_COLLATION_CONNECTION=@@COLLATION_CONNECTION */;
/*!40101 SET NAMES utf8 */;
/*!40103 SET @OLD_TIME_ZONE=@@TIME_ZONE */;
/*!40103 SET TIME_ZONE='+00:00' */;
/*!40014 SET @OLD_UNIQUE_CHECKS=@@UNIQUE_CHECKS, UNIQUE_CHECKS=0 */;
/*!40014 SET @OLD_FOREIGN_KEY_CHECKS=@@FOREIGN_KEY_CHECKS, FOREIGN_KEY_CHECKS=0 */;
/*!40101 SET @OLD_SQL_MODE=@@SQL_MODE, SQL_MODE='NO_AUTO_VALUE_ON_ZERO' */;
/*!40111 SET @OLD_SQL_NOTES=@@SQL_NOTES, SQL_NOTES=0 */;

--
-- Table structure for table `communities`
--

DROP TABLE IF EXISTS `communities`;
/*!40101 SET @saved_cs_client     = @@character_set_client */;
/*!40101 SET character_set_client = utf8 */;
CREATE TABLE `communities` (
  `id` int unsigned NOT NULL AUTO_INCREMENT,
  `name` varchar(150) CHARACTER SET utf8 COLLATE utf8_unicode_ci NOT NULL,
  `created_at` datetime DEFAULT CURRENT_TIMESTAMP,
  `updated_at` datetime DEFAULT CURRENT_TIMESTAMP ON UPDATE CURRENT_TIMESTAMP,
  PRIMARY KEY (`id`),
  UNIQUE KEY `name` (`name`)
) ENGINE=InnoDB AUTO_INCREMENT=101 DEFAULT CHARSET=utf8 COLLATE=utf8_unicode_ci;
/*!40101 SET character_set_client = @saved_cs_client */;

--
-- Dumping data for table `communities`
--

LOCK TABLES `communities` WRITE;
/*!40000 ALTER TABLE `communities` DISABLE KEYS */;
INSERT INTO `communities` VALUES (1,'voluptatem','2018-03-23 07:15:27','2020-08-25 17:24:46'),(2,'laboriosam','2019-04-01 08:47:56','2019-06-12 15:09:37'),(3,'aut','2012-04-13 09:28:05','2013-06-24 01:07:13'),(4,'consequatur','2018-02-07 06:07:23','2020-08-25 17:24:46'),(5,'debitis','2017-08-09 20:43:51','2020-08-25 17:24:46'),(6,'dicta','2015-05-22 19:07:53','2020-08-25 17:24:46'),(7,'saepe','2014-12-09 05:15:35','2020-08-25 17:24:46'),(8,'rerum','2011-09-15 02:06:58','2020-08-25 17:24:46'),(9,'quia','2012-05-12 23:10:25','2012-10-05 08:52:07'),(10,'pariatur','2019-07-16 21:19:23','2020-08-25 17:24:46'),(11,'delectus','2014-10-13 15:18:46','2020-04-13 23:39:11'),(12,'consequuntur','2012-01-12 02:07:58','2016-12-09 16:20:09'),(13,'deserunt','2016-09-15 02:44:57','2017-12-23 01:36:52'),(14,'ut','2019-10-11 06:43:30','2020-08-25 17:24:46'),(15,'dolorem','2018-09-13 20:11:28','2020-08-25 17:24:46'),(16,'et','2012-06-10 07:00:02','2018-10-09 01:02:21'),(17,'corrupti','2017-11-04 12:43:35','2020-08-25 17:24:46'),(18,'consectetur','2016-06-14 14:07:10','2018-07-11 00:04:48'),(19,'incidunt','2020-02-09 17:08:57','2020-08-25 17:24:46'),(20,'amet','2016-08-08 01:27:17','2020-08-25 17:24:46');
/*!40000 ALTER TABLE `communities` ENABLE KEYS */;
UNLOCK TABLES;

--
-- Table structure for table `communities_users`
--

DROP TABLE IF EXISTS `communities_users`;
/*!40101 SET @saved_cs_client     = @@character_set_client */;
/*!40101 SET character_set_client = utf8 */;
CREATE TABLE `communities_users` (
  `community_id` int unsigned NOT NULL,
  `user_id` int unsigned NOT NULL,
  `created_at` datetime DEFAULT CURRENT_TIMESTAMP,
  PRIMARY KEY (`community_id`,`user_id`)
) ENGINE=InnoDB DEFAULT CHARSET=utf8 COLLATE=utf8_unicode_ci;
/*!40101 SET character_set_client = @saved_cs_client */;

--
-- Dumping data for table `communities_users`
--

LOCK TABLES `communities_users` WRITE;
/*!40000 ALTER TABLE `communities_users` DISABLE KEYS */;
INSERT INTO `communities_users` VALUES (1,1,'2016-09-07 15:26:54'),(1,23,'2017-10-15 07:17:44'),(1,24,'2016-08-05 21:09:11'),(1,26,'2017-10-01 05:29:51'),(1,27,'2018-01-18 09:11:08'),(1,56,'2018-02-13 07:59:02'),(1,60,'2011-02-15 15:37:11'),(1,66,'2013-03-12 01:02:13'),(1,99,'2016-01-07 02:13:25'),(2,24,'2013-03-21 16:19:16'),(2,47,'2014-10-07 19:21:28'),(2,65,'2014-05-23 10:02:35'),(2,80,'2016-03-07 17:53:08'),(3,7,'2014-03-11 17:47:28'),(3,55,'2016-01-08 19:57:29'),(3,86,'2014-05-13 12:20:44'),(3,95,'2013-08-14 16:00:34'),(4,22,'2018-09-28 10:59:18'),(4,46,'2015-12-18 10:40:57'),(4,65,'2015-05-09 14:20:50'),(4,68,'2014-09-24 12:30:41'),(4,74,'2012-12-10 12:42:55'),(5,1,'2019-02-03 00:48:54'),(5,17,'2018-12-18 19:32:38'),(5,84,'2012-01-07 03:42:38'),(6,12,'2020-07-17 08:30:20'),(6,24,'2016-05-08 02:56:04'),(6,33,'2019-11-06 03:36:49'),(6,35,'2012-08-26 15:22:08'),(6,60,'2015-02-05 18:09:34'),(6,63,'2019-05-07 15:37:03'),(6,86,'2013-07-03 02:16:58'),(7,3,'2014-10-13 05:52:34'),(7,33,'2019-09-08 17:20:11'),(7,61,'2011-12-13 01:32:29'),(7,63,'2015-02-25 07:36:59'),(7,75,'2017-08-10 21:42:15'),(7,80,'2017-11-26 19:48:49'),(7,89,'2013-04-13 12:50:12'),(8,4,'2019-08-24 20:25:56'),(8,17,'2018-05-02 04:58:00'),(8,22,'2017-12-15 06:54:11'),(8,34,'2015-07-22 12:27:13'),(8,58,'2010-12-09 09:21:34'),(9,22,'2015-10-08 02:58:21'),(9,75,'2012-11-15 01:21:53'),(9,83,'2019-12-07 15:27:58'),(10,6,'2012-01-13 16:50:49'),(10,51,'2013-10-22 01:46:48'),(10,55,'2017-04-24 12:54:33'),(10,75,'2015-02-19 16:18:10'),(11,48,'2019-08-25 11:03:52'),(11,50,'2013-02-18 16:10:34'),(11,82,'2018-06-12 01:03:23'),(11,87,'2017-07-08 21:17:25'),(12,27,'2012-04-25 23:02:19'),(12,28,'2015-09-03 11:42:15'),(12,53,'2011-02-13 11:03:43'),(12,56,'2013-01-11 22:07:47'),(12,72,'2010-11-27 17:32:24'),(12,83,'2011-11-20 06:19:28'),(12,94,'2011-10-18 09:24:04'),(13,63,'2012-09-30 14:30:56'),(13,76,'2020-03-16 16:51:11'),(13,88,'2018-04-12 16:05:19'),(14,51,'2013-11-08 22:55:46'),(14,89,'2011-12-16 06:37:47'),(14,91,'2012-05-18 06:34:38'),(15,58,'2014-10-20 16:57:51'),(15,69,'2013-11-26 12:40:47'),(15,77,'2016-03-28 11:25:15'),(15,78,'2010-09-06 03:11:41'),(15,88,'2014-03-13 07:31:12'),(16,2,'2010-12-29 02:35:41'),(16,11,'2012-11-20 17:43:03'),(16,37,'2020-07-26 14:35:51'),(16,55,'2011-09-27 07:52:49'),(16,68,'2014-12-28 01:09:46'),(16,75,'2010-11-29 06:55:59'),(16,85,'2014-09-04 11:59:54'),(16,100,'2012-03-31 02:37:53'),(17,4,'2018-06-10 18:12:33'),(17,17,'2020-01-28 21:30:14'),(17,40,'2019-03-03 23:02:15'),(17,64,'2018-12-17 13:16:46'),(17,78,'2014-08-09 11:38:15'),(17,99,'2013-09-29 22:00:26'),(18,22,'2013-06-02 22:00:01'),(18,99,'2020-07-05 11:50:56'),(19,23,'2018-02-19 01:28:31'),(19,28,'2011-08-14 02:46:15'),(19,41,'2012-11-09 10:31:24'),(19,89,'2017-06-04 17:16:06'),(19,92,'2016-06-26 01:34:56'),(20,8,'2015-03-13 00:52:12'),(20,43,'2013-10-12 04:26:24'),(20,66,'2019-06-11 23:20:30'),(20,68,'2018-12-15 04:59:44'),(20,74,'2016-12-31 11:48:44'),(20,87,'2017-01-15 10:05:29');
/*!40000 ALTER TABLE `communities_users` ENABLE KEYS */;
UNLOCK TABLES;

--
-- Table structure for table `friendship`
--

DROP TABLE IF EXISTS `friendship`;
/*!40101 SET @saved_cs_client     = @@character_set_client */;
/*!40101 SET character_set_client = utf8 */;
CREATE TABLE `friendship` (
  `user_id` int unsigned NOT NULL,
  `friend_id` int unsigned NOT NULL,
  `status_id` int unsigned NOT NULL,
  `requested_at` datetime DEFAULT CURRENT_TIMESTAMP,
  `confirmed_at` datetime DEFAULT NULL,
  `created_at` datetime DEFAULT CURRENT_TIMESTAMP,
  `updated_at` datetime DEFAULT CURRENT_TIMESTAMP ON UPDATE CURRENT_TIMESTAMP,
  PRIMARY KEY (`user_id`,`friend_id`)
) ENGINE=InnoDB DEFAULT CHARSET=utf8 COLLATE=utf8_unicode_ci;
/*!40101 SET character_set_client = @saved_cs_client */;

--
-- Dumping data for table `friendship`
--

LOCK TABLES `friendship` WRITE;
/*!40000 ALTER TABLE `friendship` DISABLE KEYS */;
INSERT INTO `friendship` VALUES (1,17,2,'2016-05-23 00:03:48','2020-08-26 10:36:50','2017-11-26 06:54:40','2020-08-26 10:40:30'),(2,46,3,'2020-02-02 06:55:09','2020-08-26 10:36:50','2010-10-03 19:22:03','2020-08-26 10:40:30'),(3,81,2,'2011-01-29 14:16:12','2013-01-31 05:40:20','2014-11-10 20:26:37','2020-08-26 10:40:30'),(4,65,2,'2019-12-25 05:37:51','2020-08-26 10:36:50','2013-07-10 22:45:46','2020-08-26 10:40:30'),(5,82,2,'2014-03-26 16:39:57','2020-08-26 10:36:50','2019-11-06 01:12:29','2020-08-26 10:40:30'),(6,16,2,'2017-10-13 20:27:51','2020-08-26 10:36:50','2018-06-07 03:50:06','2020-08-26 10:40:30'),(7,33,3,'2013-07-26 16:42:38','2020-07-06 10:06:32','2017-05-21 09:15:40','2020-08-26 10:40:30'),(8,15,1,'2010-12-05 18:31:13','2019-04-21 20:44:15','2018-04-24 12:05:28','2020-08-26 10:40:30'),(9,76,1,'2018-10-30 07:54:03','2020-06-25 09:21:58','2012-12-15 02:53:26','2020-08-26 10:40:30'),(10,36,2,'2017-09-10 09:46:37','2020-05-03 19:42:12','2019-04-20 04:15:19','2020-08-26 10:40:30'),(11,52,3,'2015-07-18 20:50:19','2020-08-26 10:36:50','2019-09-18 14:04:08','2020-08-26 10:40:30'),(12,49,1,'2015-03-20 13:22:09','2020-08-26 10:36:50','2014-04-04 20:14:20','2020-08-26 10:40:30'),(13,89,1,'2014-08-13 15:35:14','2020-08-26 10:36:50','2015-03-06 08:14:24','2020-08-26 10:40:30'),(14,99,3,'2020-02-07 04:44:37','2020-08-26 10:36:50','2017-05-16 14:08:12','2020-08-26 10:40:30'),(15,26,1,'2017-05-30 03:29:35','2020-08-26 10:36:50','2018-07-02 09:01:19','2020-08-26 10:40:30'),(16,33,3,'2016-01-02 22:35:17','2020-08-26 10:36:50','2018-03-04 08:24:42','2020-08-26 10:40:30'),(17,85,1,'2011-11-11 17:05:36','2012-11-28 00:25:42','2012-07-24 10:25:31','2020-08-26 10:40:30'),(18,27,2,'2017-09-06 21:16:24','2020-08-26 10:36:50','2020-05-10 05:24:07','2020-08-26 10:40:30'),(19,81,3,'2012-03-30 15:00:48','2018-05-28 23:20:12','2018-10-23 04:14:20','2020-08-26 10:40:30'),(20,23,1,'2018-05-07 05:57:13','2020-08-26 10:36:50','2012-07-13 03:27:10','2020-08-26 10:40:30'),(21,73,3,'2019-07-25 07:51:25','2020-08-26 10:36:50','2020-06-18 18:28:01','2020-08-26 10:40:30'),(22,94,1,'2013-02-24 08:38:21','2020-08-26 10:36:50','2011-08-01 01:28:49','2020-08-26 10:40:30'),(23,49,2,'2015-01-02 21:21:44','2016-05-04 08:36:35','2016-08-09 05:36:05','2020-08-26 10:40:30'),(24,63,2,'2013-06-20 20:09:45','2017-04-20 19:36:27','2017-02-15 04:30:37','2020-08-26 10:40:30'),(25,68,3,'2011-06-03 12:40:42','2012-07-12 10:35:44','2019-05-08 10:57:46','2020-08-26 10:40:30'),(26,51,1,'2015-09-13 04:35:12','2020-08-26 10:36:50','2014-04-08 00:42:15','2020-08-26 10:40:30'),(27,51,3,'2016-12-12 07:42:07','2018-02-17 01:57:42','2016-01-17 18:05:51','2020-08-26 10:40:30'),(28,100,3,'2013-03-21 18:17:34','2019-10-31 10:52:22','2015-06-10 19:51:14','2020-08-26 10:40:30'),(29,49,3,'2013-01-04 08:33:58','2019-12-08 06:14:59','2016-04-23 02:50:56','2020-08-26 10:40:30'),(30,43,3,'2018-08-26 18:43:15','2020-08-26 10:36:50','2013-03-07 07:37:00','2020-08-26 10:40:30'),(31,69,2,'2015-03-21 11:20:18','2020-08-26 10:36:50','2016-03-08 21:46:56','2020-08-26 10:40:30'),(32,16,2,'2013-09-09 09:11:56','2020-08-26 10:36:50','2020-06-19 06:04:06','2020-08-26 10:40:30'),(33,73,3,'2016-12-14 04:03:09','2020-08-26 10:36:50','2017-11-13 06:06:24','2020-08-26 10:40:30'),(34,15,2,'2019-12-09 16:11:10','2020-08-26 10:36:50','2016-05-25 01:10:27','2020-08-26 10:40:30'),(35,54,3,'2012-05-03 08:29:55','2014-10-01 09:10:19','2011-04-04 00:51:05','2020-08-26 10:40:30'),(36,27,3,'2011-11-11 00:03:44','2013-09-27 07:03:14','2020-02-05 21:02:31','2020-08-26 10:40:30'),(37,70,2,'2015-12-24 07:42:59','2020-08-26 10:36:50','2014-08-10 02:04:06','2020-08-26 10:40:30'),(38,71,2,'2019-04-01 00:30:07','2020-08-26 10:36:50','2015-02-11 11:43:50','2020-08-26 10:40:30'),(39,44,3,'2013-07-05 01:21:04','2016-05-30 10:44:04','2017-08-21 17:28:15','2020-08-26 10:40:30'),(40,7,2,'2015-04-05 10:10:38','2020-08-26 10:36:50','2016-06-26 06:16:30','2020-08-26 10:40:30'),(41,1,1,'2014-06-04 21:43:15','2019-08-07 08:21:56','2012-11-21 21:18:04','2020-08-26 10:40:30'),(42,86,1,'2020-02-22 07:31:51','2020-08-26 10:36:50','2016-08-18 20:49:57','2020-08-26 10:36:50'),(43,26,3,'2016-10-17 22:52:46','2018-10-19 00:23:54','2019-10-04 15:41:24','2020-08-26 10:40:30'),(44,69,3,'2014-09-12 23:00:14','2014-10-09 09:59:07','2019-05-23 21:37:14','2020-08-26 10:40:30'),(45,69,1,'2018-11-24 18:35:45','2019-02-17 15:29:09','2014-01-27 09:59:47','2020-08-26 10:40:30'),(46,37,1,'2011-10-01 14:44:02','2016-01-06 07:58:59','2011-03-14 06:34:47','2020-08-26 10:40:30'),(47,77,2,'2018-10-07 12:18:40','2018-11-26 05:33:22','2011-01-07 17:15:37','2020-08-26 10:40:30'),(48,75,3,'2016-07-14 18:44:18','2020-08-26 10:36:50','2011-04-28 12:51:19','2020-08-26 10:40:30'),(49,43,3,'2017-08-17 06:59:53','2020-08-26 10:36:50','2015-12-15 12:49:38','2020-08-26 10:40:30'),(50,87,2,'2015-12-15 15:38:26','2017-03-29 04:28:11','2013-03-15 18:33:44','2020-08-26 10:40:30'),(51,8,3,'2017-11-15 11:17:17','2020-08-26 10:36:50','2019-07-14 04:49:42','2020-08-26 10:40:30'),(52,78,3,'2014-08-11 11:20:49','2020-08-26 10:36:50','2018-01-06 10:41:57','2020-08-26 10:40:30'),(53,65,2,'2020-06-15 09:44:24','2020-08-26 10:36:50','2010-11-02 07:14:09','2020-08-26 10:40:30'),(54,92,2,'2019-10-27 13:00:26','2020-08-26 10:36:50','2011-10-19 22:42:53','2020-08-26 10:40:30'),(55,63,2,'2018-03-22 02:07:42','2020-01-26 04:33:51','2014-08-30 02:16:36','2020-08-26 10:40:30'),(56,40,2,'2020-08-17 13:00:15','2020-08-26 10:36:50','2016-03-21 15:41:55','2020-08-26 10:40:30'),(57,12,3,'2019-02-19 17:25:25','2019-04-19 07:35:59','2019-07-01 05:42:14','2020-08-26 10:40:30'),(58,36,1,'2013-10-03 18:19:08','2020-01-03 11:55:39','2016-03-30 21:46:19','2020-08-26 10:40:30'),(59,47,1,'2012-07-07 08:44:32','2017-01-08 00:57:35','2011-06-02 01:56:36','2020-08-26 10:40:30'),(60,24,1,'2017-03-30 22:14:37','2020-08-26 10:36:50','2018-04-26 06:30:25','2020-08-26 10:40:30'),(61,80,2,'2011-08-04 19:22:54','2020-08-13 17:43:13','2011-12-12 23:02:39','2020-08-26 10:40:30'),(62,27,3,'2011-05-17 10:02:46','2015-01-17 15:01:34','2011-11-25 20:51:13','2020-08-26 10:40:30'),(63,94,1,'2019-05-25 16:15:07','2020-08-26 10:36:50','2016-12-12 01:39:48','2020-08-26 10:40:30'),(64,88,1,'2014-09-25 02:21:54','2019-01-30 04:36:54','2015-12-05 04:43:58','2020-08-26 10:40:30'),(65,59,3,'2020-07-30 15:21:19','2020-08-26 10:36:50','2013-04-27 08:27:01','2020-08-26 10:40:30'),(66,30,1,'2015-07-15 05:27:34','2020-01-24 22:36:44','2011-06-25 01:10:38','2020-08-26 10:40:30'),(67,71,1,'2011-01-23 04:07:37','2018-05-05 07:38:54','2013-09-25 02:34:37','2020-08-26 10:40:30'),(68,65,3,'2017-01-18 07:59:16','2020-08-26 10:36:50','2019-04-30 18:05:40','2020-08-26 10:40:30'),(69,10,1,'2019-09-21 04:50:17','2020-08-26 10:36:50','2011-01-11 14:48:33','2020-08-26 10:40:30'),(70,55,1,'2015-05-23 12:16:51','2018-09-21 04:34:48','2017-01-14 16:36:34','2020-08-26 10:40:30'),(71,45,1,'2013-02-08 17:54:39','2016-07-18 01:15:53','2015-02-06 03:04:20','2020-08-26 10:40:30'),(72,60,2,'2012-11-02 04:23:28','2020-08-26 10:36:50','2015-08-04 12:34:43','2020-08-26 10:40:30'),(73,65,2,'2015-06-08 19:15:26','2020-08-01 09:23:29','2018-12-12 01:31:32','2020-08-26 10:40:30'),(74,42,2,'2019-12-15 20:01:10','2020-08-26 10:36:50','2016-06-20 23:03:44','2020-08-26 10:40:30'),(75,18,2,'2013-03-14 16:22:34','2016-06-27 10:13:49','2013-09-15 10:56:35','2020-08-26 10:40:30'),(76,60,3,'2019-12-16 12:31:31','2020-08-26 10:36:50','2019-02-02 19:05:45','2020-08-26 10:40:30'),(77,46,2,'2013-10-30 21:19:50','2020-08-26 10:36:50','2014-08-24 08:50:25','2020-08-26 10:40:30'),(78,51,2,'2013-04-05 14:21:55','2013-08-05 20:16:19','2011-04-08 01:36:26','2020-08-26 10:40:30'),(79,18,2,'2015-02-04 21:45:58','2018-07-06 09:15:14','2017-05-05 08:40:08','2020-08-26 10:40:30'),(80,33,3,'2017-03-11 18:31:23','2020-08-26 10:36:50','2015-10-11 03:35:05','2020-08-26 10:40:30'),(81,14,2,'2015-02-12 04:42:19','2015-07-16 18:06:13','2012-12-21 19:19:38','2020-08-26 10:40:30'),(82,67,3,'2020-06-11 16:02:56','2020-08-26 10:36:50','2013-07-27 13:17:53','2020-08-26 10:40:30'),(83,95,2,'2016-12-05 08:11:49','2020-08-26 10:36:50','2017-04-22 00:15:50','2020-08-26 10:36:50'),(84,73,1,'2020-06-04 07:48:23','2020-08-26 10:36:50','2010-10-15 00:40:22','2020-08-26 10:40:30'),(85,80,3,'2019-04-12 03:37:05','2020-08-26 10:36:50','2015-07-25 20:05:22','2020-08-26 10:40:30'),(86,80,1,'2011-03-01 21:12:57','2017-06-17 12:39:07','2015-09-23 00:10:52','2020-08-26 10:40:30'),(87,59,2,'2015-11-18 02:37:31','2020-08-26 10:36:50','2017-01-10 16:06:20','2020-08-26 10:40:30'),(88,54,1,'2017-10-30 08:04:00','2020-08-26 10:36:50','2012-05-07 18:32:58','2020-08-26 10:40:30'),(89,94,3,'2016-09-20 14:21:26','2018-04-17 09:12:41','2012-01-24 20:10:03','2020-08-26 10:40:30'),(90,9,3,'2015-10-29 00:29:57','2020-08-26 10:36:50','2010-12-03 09:16:15','2020-08-26 10:40:30'),(91,60,1,'2017-05-26 04:04:38','2017-06-10 18:22:28','2015-03-25 10:55:49','2020-08-26 10:40:30'),(92,72,3,'2017-06-08 15:33:34','2018-03-18 03:24:53','2013-09-29 13:48:46','2020-08-26 10:40:30'),(93,80,2,'2015-01-09 02:01:42','2015-09-05 19:33:47','2018-01-10 14:12:25','2020-08-26 10:40:30'),(94,84,3,'2019-09-23 08:24:43','2020-08-26 10:36:50','2011-08-29 15:23:57','2020-08-26 10:40:30'),(95,80,3,'2019-11-21 04:48:48','2020-08-26 10:36:50','2011-08-22 05:43:35','2020-08-26 10:40:30'),(96,48,1,'2014-04-13 06:24:23','2020-08-26 10:36:50','2016-11-11 18:56:14','2020-08-26 10:40:30'),(97,100,2,'2011-12-21 08:47:52','2019-06-16 17:22:14','2013-04-08 12:30:09','2020-08-26 10:40:30'),(98,54,3,'2014-10-02 12:36:40','2020-08-26 10:36:50','2013-08-11 04:34:10','2020-08-26 10:40:30'),(99,68,2,'2010-09-27 02:26:55','2016-04-22 17:09:16','2015-05-18 01:02:45','2020-08-26 10:40:30'),(100,80,3,'2012-12-01 09:32:21','2020-08-26 10:36:50','2019-12-27 05:55:32','2020-08-26 10:40:30');
/*!40000 ALTER TABLE `friendship` ENABLE KEYS */;
UNLOCK TABLES;

--
-- Table structure for table `friendship_statuses`
--

DROP TABLE IF EXISTS `friendship_statuses`;
/*!40101 SET @saved_cs_client     = @@character_set_client */;
/*!40101 SET character_set_client = utf8 */;
CREATE TABLE `friendship_statuses` (
  `id` int unsigned NOT NULL AUTO_INCREMENT,
  `name` varchar(150) CHARACTER SET utf8 COLLATE utf8_unicode_ci NOT NULL,
  `created_at` datetime DEFAULT CURRENT_TIMESTAMP,
  `updated_at` datetime DEFAULT CURRENT_TIMESTAMP ON UPDATE CURRENT_TIMESTAMP,
  PRIMARY KEY (`id`),
  UNIQUE KEY `name` (`name`)
) ENGINE=InnoDB DEFAULT CHARSET=utf8 COLLATE=utf8_unicode_ci;
/*!40101 SET character_set_client = @saved_cs_client */;

--
-- Dumping data for table `friendship_statuses`
--

LOCK TABLES `friendship_statuses` WRITE;
/*!40000 ALTER TABLE `friendship_statuses` DISABLE KEYS */;
/*!40000 ALTER TABLE `friendship_statuses` ENABLE KEYS */;
UNLOCK TABLES;

--
-- Table structure for table `likes`
--

DROP TABLE IF EXISTS `likes`;
/*!40101 SET @saved_cs_client     = @@character_set_client */;
/*!40101 SET character_set_client = utf8 */;
CREATE TABLE `likes` (
  `id` int unsigned NOT NULL AUTO_INCREMENT,
  `user_id` int unsigned NOT NULL,
  `to_user_id` int unsigned NOT NULL,
  `likes` tinyint(1) DEFAULT NULL,
  `created_at` datetime DEFAULT CURRENT_TIMESTAMP,
  PRIMARY KEY (`id`)
) ENGINE=InnoDB AUTO_INCREMENT=101 DEFAULT CHARSET=utf8 COLLATE=utf8_unicode_ci;
/*!40101 SET character_set_client = @saved_cs_client */;

--
-- Dumping data for table `likes`
--

LOCK TABLES `likes` WRITE;
/*!40000 ALTER TABLE `likes` DISABLE KEYS */;
INSERT INTO `likes` VALUES (1,73,26,1,'2011-05-08 12:51:11'),(2,7,58,1,'2020-06-06 18:51:04'),(3,70,76,0,'2013-04-16 05:34:55'),(4,67,7,0,'2017-07-16 20:04:29'),(5,32,41,0,'2010-11-05 20:49:35'),(6,6,8,0,'2019-05-12 18:20:21'),(7,20,75,0,'2019-03-22 10:06:33'),(8,14,45,0,'2012-01-31 18:31:12'),(9,82,75,0,'2015-02-25 12:55:45'),(10,27,9,1,'2018-12-24 12:17:55'),(11,66,3,0,'2011-06-02 12:11:29'),(12,17,75,1,'2016-10-26 07:56:27'),(13,22,87,1,'2019-09-06 00:50:01'),(14,69,81,1,'2011-09-14 09:22:07'),(15,99,50,0,'2011-07-15 16:18:11'),(16,55,24,1,'2018-07-03 11:39:00'),(17,56,5,0,'2015-08-08 00:15:44'),(18,57,69,0,'2012-12-22 22:58:40'),(19,72,53,1,'2016-03-12 06:45:39'),(20,50,90,0,'2020-04-17 11:53:38'),(21,98,21,1,'2011-12-17 14:53:50'),(22,11,90,1,'2020-08-04 01:48:01'),(23,16,8,1,'2013-06-18 18:53:19'),(24,95,49,1,'2014-09-12 09:04:40'),(25,61,55,1,'2015-09-01 07:42:04'),(26,94,1,1,'2010-09-12 18:00:18'),(27,26,26,0,'2012-11-23 05:42:57'),(28,52,79,1,'2014-09-12 05:36:25'),(29,40,64,1,'2014-04-10 14:47:33'),(30,100,6,0,'2015-03-26 08:35:33'),(31,28,23,1,'2020-06-12 17:55:13'),(32,30,83,1,'2018-09-04 09:55:40'),(33,22,61,0,'2012-07-07 02:15:55'),(34,40,16,0,'2020-06-19 12:00:08'),(35,60,53,1,'2015-11-17 13:18:32'),(36,81,47,1,'2011-07-16 19:31:20'),(37,91,13,1,'2014-07-26 05:14:19'),(38,90,12,1,'2012-08-24 13:38:47'),(39,89,11,1,'2020-07-04 22:49:16'),(40,86,96,0,'2012-07-12 06:51:26'),(41,21,18,0,'2013-03-30 01:21:51'),(42,24,68,1,'2014-11-26 11:16:44'),(43,68,35,1,'2013-11-23 21:57:23'),(44,69,42,1,'2016-08-08 13:43:05'),(45,100,73,1,'2016-12-16 06:19:07'),(46,66,12,0,'2012-03-09 10:22:05'),(47,61,67,1,'2013-06-15 15:31:36'),(48,54,68,1,'2013-03-28 20:05:32'),(49,78,84,0,'2012-01-13 01:08:23'),(50,85,74,0,'2012-05-31 22:55:57'),(51,13,42,1,'2014-11-14 09:19:29'),(52,69,21,1,'2015-05-31 00:29:15'),(53,96,19,1,'2012-08-23 10:31:05'),(54,4,64,1,'2020-01-30 11:54:50'),(55,6,40,0,'2013-03-25 20:31:16'),(56,80,78,1,'2019-06-25 10:30:56'),(57,51,21,1,'2010-11-13 16:26:15'),(58,50,88,1,'2018-04-23 12:29:05'),(59,89,82,1,'2016-04-03 03:45:49'),(60,43,66,0,'2012-07-26 01:13:52'),(61,100,4,1,'2014-05-26 06:38:32'),(62,18,76,0,'2014-02-22 00:23:25'),(63,26,1,0,'2014-02-24 18:04:04'),(64,25,24,0,'2020-02-04 07:55:35'),(65,46,55,1,'2017-08-06 12:56:05'),(66,39,28,1,'2011-10-18 08:15:31'),(67,22,25,0,'2012-04-10 08:02:47'),(68,60,24,1,'2010-11-07 07:04:43'),(69,40,28,1,'2016-09-25 01:57:03'),(70,20,15,0,'2018-08-18 17:51:28'),(71,14,24,1,'2012-07-14 09:31:21'),(72,79,23,1,'2015-09-21 17:53:20'),(73,78,19,0,'2019-11-27 09:56:49'),(74,61,46,1,'2013-03-22 00:06:56'),(75,47,99,0,'2015-04-02 16:03:43'),(76,50,54,1,'2017-03-05 02:20:44'),(77,18,29,0,'2016-12-23 23:21:18'),(78,89,60,0,'2019-01-02 06:17:59'),(79,30,70,1,'2011-05-09 10:12:46'),(80,61,95,0,'2013-03-26 14:44:51'),(81,89,60,1,'2013-10-14 08:45:53'),(82,35,91,0,'2011-11-12 08:19:46'),(83,52,88,1,'2014-06-24 17:49:54'),(84,81,41,1,'2013-12-06 12:35:42'),(85,60,80,1,'2019-01-31 02:25:39'),(86,16,42,1,'2018-03-06 18:34:33'),(87,59,71,1,'2020-02-14 00:14:52'),(88,77,71,1,'2010-09-24 18:38:10'),(89,25,11,1,'2010-09-06 08:32:27'),(90,79,61,1,'2018-09-16 09:12:44'),(91,69,62,1,'2012-12-15 11:47:37'),(92,4,31,0,'2019-05-15 20:31:48'),(93,43,20,0,'2011-08-21 05:35:17'),(94,73,4,0,'2011-07-11 20:51:14'),(95,100,89,0,'2011-05-07 22:02:21'),(96,45,56,1,'2014-06-16 02:19:58'),(97,44,52,0,'2018-03-21 03:10:15'),(98,29,87,1,'2013-12-28 00:33:29'),(99,48,79,0,'2018-10-10 18:37:45'),(100,51,18,1,'2018-09-14 06:09:44');
/*!40000 ALTER TABLE `likes` ENABLE KEYS */;
UNLOCK TABLES;

--
-- Table structure for table `media`
--

DROP TABLE IF EXISTS `media`;
/*!40101 SET @saved_cs_client     = @@character_set_client */;
/*!40101 SET character_set_client = utf8 */;
CREATE TABLE `media` (
  `id` int unsigned NOT NULL AUTO_INCREMENT,
  `user_id` int unsigned NOT NULL,
  `filepath` varchar(255) CHARACTER SET utf8 COLLATE utf8_unicode_ci NOT NULL,
  `size` int NOT NULL,
  `metadata` json DEFAULT NULL,
  `media_type_id` int unsigned NOT NULL,
  `created_at` datetime DEFAULT CURRENT_TIMESTAMP,
  `updated_at` datetime DEFAULT CURRENT_TIMESTAMP ON UPDATE CURRENT_TIMESTAMP,
  PRIMARY KEY (`id`),
  CONSTRAINT `media_chk_1` CHECK (json_valid(`metadata`))
) ENGINE=InnoDB AUTO_INCREMENT=101 DEFAULT CHARSET=utf8 COLLATE=utf8_unicode_ci;
/*!40101 SET character_set_client = @saved_cs_client */;

--
-- Dumping data for table `media`
--

LOCK TABLES `media` WRITE;
/*!40000 ALTER TABLE `media` DISABLE KEYS */;
INSERT INTO `media` VALUES (1,39,'http://ernser.org/Gaylord.png',29581,'{\"owner\": \"Elza Pfannerstill\"}',1,'2010-09-23 15:44:56','2020-08-25 21:55:38'),(2,18,'http://walker.com/Borer.png',8850508,'{\"owner\": \"Stephany Schmeler\"}',3,'2015-04-26 11:14:58','2020-08-25 22:39:37'),(3,75,'http://rogahn.com/Padberg.ogg',3540474,'{\"owner\": \"Barney Torphy\"}',2,'2011-03-05 15:37:04','2020-08-25 22:39:37'),(4,19,'http://www.swift.biz/Haag.jpeg',81492,'{\"owner\": \"Kyler Daniel\"}',3,'2015-03-12 23:29:50','2020-08-25 22:39:37'),(5,71,'http://ruecker.biz/Kirlin.avi',1140849,'{\"owner\": \"Jermey Volkman\"}',3,'2018-02-06 05:19:03','2020-08-25 22:39:37'),(6,99,'http://auer.com/Kemmer.avi',7479881,'{\"owner\": \"Colin Padberg\"}',3,'2020-05-08 14:42:19','2020-08-25 22:39:37'),(7,78,'http://www.luettgen.com/Mayer.ogg',5072821,'{\"owner\": \"Arnoldo Willms\"}',1,'2017-02-06 09:33:14','2020-08-25 22:39:37'),(8,94,'http://aufderharwill.com/Barton.jpeg',1931561,'{\"owner\": \"Amber Littel\"}',2,'2013-11-06 18:22:42','2020-08-25 22:39:37'),(9,37,'http://www.jerdezieme.com/Kulas.ogg',4429340,'{\"owner\": \"Carli Kiehn\"}',1,'2011-11-09 11:29:03','2020-08-25 22:39:37'),(10,3,'http://www.bergstrom.org/Leannon.jpeg',6342021,'{\"owner\": \"Frederique Zboncak\"}',3,'2018-07-06 18:01:02','2020-08-25 22:39:37'),(11,2,'http://www.jerde.org/Bernhard.avi',8412086,'{\"owner\": \"Lila Bins\"}',3,'2019-10-29 06:47:42','2020-08-25 22:39:37'),(12,1,'http://schuster.com/Abbott.png',3024367,'{\"owner\": \"Otto Schmitt\"}',1,'2018-07-14 17:24:56','2020-08-25 22:39:37'),(13,99,'http://www.rutherfordrice.org/Predovic.jpeg',9875577,'{\"owner\": \"Colin Padberg\"}',3,'2018-02-11 23:37:04','2020-08-25 22:39:37'),(14,91,'http://kinggorczany.com/Kulas.jpeg',73334,'{\"owner\": \"Fannie Durgan\"}',2,'2012-07-22 16:08:57','2020-08-25 22:39:37'),(15,58,'http://www.kilback.com/Becker.jpeg',294785,'{\"owner\": \"Muriel Gaylord\"}',3,'2018-04-27 11:54:36','2020-08-25 22:39:37'),(16,14,'http://www.krajcik.net/Morar.png',8264,'{\"owner\": \"Carol O\'Conner\"}',1,'2015-03-09 01:18:00','2020-08-25 22:39:37'),(17,98,'http://www.blick.com/Fay.png',92326560,'{\"owner\": \"Elmo Conroy\"}',2,'2014-07-07 13:02:07','2020-08-25 22:39:37'),(18,47,'http://turner.info/Ankunding.jpeg',2260,'{\"owner\": \"Caleigh Rath\"}',2,'2017-10-19 15:04:05','2020-08-25 22:39:37'),(19,40,'http://konopelski.org/Leuschke.jpeg',927300,'{\"owner\": \"Wilbert Bernhard\"}',2,'2014-03-18 04:54:56','2020-08-25 22:39:37'),(20,61,'http://wolff.org/Wolf.jpeg',1837193,'{\"owner\": \"Nella Waters\"}',2,'2012-02-03 17:05:31','2020-08-25 22:39:37'),(21,82,'http://murphy.net/O\'Conner.jpeg',1562,'{\"owner\": \"Breanne Sipes\"}',2,'2011-02-06 11:06:51','2020-08-25 22:39:37'),(22,27,'http://www.blandasteuber.biz/Ankunding.jpeg',9313,'{\"owner\": \"Leda Borer\"}',1,'2014-08-19 04:11:39','2020-08-25 22:39:37'),(23,88,'http://okeefe.com/Mayer.ogg',986870179,'{\"owner\": \"Alicia Barton\"}',2,'2018-01-29 12:41:57','2020-08-25 22:39:37'),(24,59,'http://jaskolski.com/O\'Conner.avi',8291614,'{\"owner\": \"Zaria Kulas\"}',3,'2017-05-16 11:35:58','2020-08-25 22:39:37'),(25,28,'http://hagenes.biz/Kemmer.png',5936488,'{\"owner\": \"Yesenia O\'Conner\"}',3,'2018-02-20 13:49:10','2020-08-25 22:39:37'),(26,66,'http://www.hahnernser.com/Volkman.jpeg',4797602,'{\"owner\": \"Garfield Reichert\"}',1,'2010-12-05 05:19:45','2020-08-25 22:39:37'),(27,43,'http://lubowitzrunolfsdottir.com/Stokes.jpeg',6168548,'{\"owner\": \"Lura Fadel\"}',2,'2014-03-07 21:39:10','2020-08-25 22:39:37'),(28,15,'http://boyle.com/Bernhard.ogg',3005,'{\"owner\": \"Cecile Ledner\"}',1,'2019-07-06 07:21:16','2020-08-25 22:39:37'),(29,48,'http://schmittbuckridge.com/Predovic.avi',6439933,'{\"owner\": \"Nathanial Fisher\"}',1,'2016-01-21 08:21:19','2020-08-25 22:39:37'),(30,95,'http://damore.org/Torphy.avi',5561,'{\"owner\": \"Warren Goldner\"}',3,'2020-02-24 10:50:33','2020-08-25 22:39:37'),(31,31,'http://www.bednarbahringer.com/Volkman.jpeg',92681,'{\"owner\": \"Jamarcus Heidenreich\"}',1,'2014-09-25 13:09:28','2020-08-25 22:39:37'),(32,70,'http://quigley.net/Fisher.ogg',3684023,'{\"owner\": \"Maria Runolfsson\"}',1,'2014-02-25 08:08:52','2020-08-25 22:39:37'),(33,57,'http://raynorhansen.com/Will.jpeg',9090315,'{\"owner\": \"Dora Blanda\"}',2,'2019-01-27 18:26:34','2020-08-25 22:39:37'),(34,75,'http://baileymcclure.org/Fadel.png',4389507,'{\"owner\": \"Barney Torphy\"}',3,'2019-05-16 05:15:17','2020-08-25 22:39:37'),(35,3,'http://bayer.com/Prohaska.png',4666591,'{\"owner\": \"Frederique Zboncak\"}',1,'2012-10-01 17:22:06','2020-08-25 22:39:37'),(36,89,'http://heathcoteconsidine.com/Bednar.avi',335495573,'{\"owner\": \"Jordi Kemmer\"}',2,'2012-03-05 01:14:26','2020-08-25 22:39:37'),(37,35,'http://rohan.com/Mayer.png',154434,'{\"owner\": \"Allie McClure\"}',1,'2016-02-04 13:33:30','2020-08-25 22:39:37'),(38,8,'http://www.greenfelder.com/Fay.ogg',6762396,'{\"owner\": \"Ebony Sawayn\"}',2,'2018-04-30 00:35:30','2020-08-25 22:39:37'),(39,33,'http://rau.com/Glover.png',75646447,'{\"owner\": \"Koby Yundt\"}',3,'2017-11-28 13:14:03','2020-08-25 22:39:37'),(40,42,'http://leuschke.info/Funk.ogg',24452,'{\"owner\": \"Ed Becker\"}',3,'2018-06-18 22:09:04','2020-08-25 22:39:37'),(41,11,'http://boyerwolf.info/Gaylord.jpeg',3338683,'{\"owner\": \"Moses Herzog\"}',1,'2012-04-21 10:51:34','2020-08-25 22:39:37'),(42,26,'http://satterfield.biz/Gaylord.avi',6396224,'{\"owner\": \"Amaya Hessel\"}',3,'2014-03-18 16:22:33','2020-08-25 22:39:37'),(43,99,'http://www.emmerich.com/Gaylord.ogg',5319667,'{\"owner\": \"Colin Padberg\"}',1,'2013-06-06 13:59:29','2020-08-25 22:39:37'),(44,14,'http://www.wunsch.com/Mosciski.avi',1955073,'{\"owner\": \"Carol O\'Conner\"}',2,'2019-06-05 10:07:31','2020-08-25 22:39:37'),(45,73,'http://barton.net/Nicolas.avi',42972,'{\"owner\": \"Helga Beier\"}',1,'2020-05-18 02:30:19','2020-08-25 22:39:37'),(46,25,'http://www.gusikowski.com/Zboncak.jpeg',576694,'{\"owner\": \"Mariam Gleason\"}',2,'2017-04-23 00:48:51','2020-08-25 22:39:37'),(47,3,'http://harris.org/Wisozk.ogg',7008254,'{\"owner\": \"Frederique Zboncak\"}',2,'2015-01-30 11:16:15','2020-08-25 22:39:37'),(48,38,'http://www.howe.com/Waters.jpeg',945560532,'{\"owner\": \"Earline Raynor\"}',1,'2015-04-07 03:16:56','2020-08-25 22:39:37'),(49,84,'http://www.carroll.com/Kiehn.avi',6262791,'{\"owner\": \"Gia Leannon\"}',1,'2014-08-11 10:10:50','2020-08-25 22:39:37'),(50,4,'http://jerde.com/Sawayn.ogg',3301187,'{\"owner\": \"Toni Predovic\"}',1,'2013-07-19 10:14:06','2020-08-25 22:39:37'),(51,66,'http://www.conn.com/Wisozk.jpeg',4355137,'{\"owner\": \"Garfield Reichert\"}',3,'2013-05-20 00:18:55','2020-08-25 22:39:37'),(52,21,'http://www.bahringer.com/Beier.ogg',5471173,'{\"owner\": \"Wallace Gutkowski\"}',1,'2011-12-09 21:02:40','2020-08-25 22:39:37'),(53,3,'http://murazik.com/Will.avi',7442307,'{\"owner\": \"Frederique Zboncak\"}',3,'2014-12-31 03:13:36','2020-08-25 22:39:37'),(54,55,'http://www.waelchi.com/Schiller.jpeg',9044,'{\"owner\": \"Heath Bashirian\"}',3,'2017-12-16 14:59:46','2020-08-25 22:39:37'),(55,62,'http://www.schowalterschiller.net/Schaefer.png',6739549,'{\"owner\": \"Donnie VonRueden\"}',3,'2015-04-17 04:20:23','2020-08-25 22:39:37'),(56,46,'http://www.franecki.com/Sawayn.png',5245,'{\"owner\": \"Louvenia Wolf\"}',1,'2011-11-22 16:35:56','2020-08-25 22:39:37'),(57,43,'http://larkin.com/O\'Conner.avi',4921,'{\"owner\": \"Lura Fadel\"}',3,'2016-04-13 15:03:39','2020-08-25 22:39:37'),(58,75,'http://abernathy.com/Brown.avi',788016,'{\"owner\": \"Barney Torphy\"}',1,'2018-06-09 23:02:11','2020-08-25 22:39:37'),(59,47,'http://www.simonisklocko.org/Kemmer.ogg',1603161,'{\"owner\": \"Caleigh Rath\"}',2,'2015-09-16 17:47:28','2020-08-25 22:39:37'),(60,7,'http://www.cassin.org/Will.avi',5641755,'{\"owner\": \"Ubaldo Schaefer\"}',2,'2012-10-19 16:22:31','2020-08-25 22:39:37'),(61,96,'http://abshirezboncak.com/Emmerich.jpeg',3389295,'{\"owner\": \"Dejah Haag\"}',1,'2014-11-03 02:57:27','2020-08-25 22:39:37'),(62,58,'http://www.baumbach.com/Abbott.avi',11211,'{\"owner\": \"Muriel Gaylord\"}',1,'2016-12-30 08:07:12','2020-08-25 22:39:37'),(63,100,'http://www.ankunding.com/Beier.avi',338603,'{\"owner\": \"Bridgette Ebert\"}',1,'2018-09-15 01:34:46','2020-08-25 22:39:37'),(64,26,'http://www.goldner.info/Wisozk.ogg',7385641,'{\"owner\": \"Amaya Hessel\"}',2,'2015-06-03 04:54:26','2020-08-25 22:39:37'),(65,28,'http://bode.com/Feest.ogg',38064716,'{\"owner\": \"Yesenia O\'Conner\"}',3,'2019-09-17 21:00:00','2020-08-25 22:39:37'),(66,63,'http://www.toykoss.com/Kirlin.ogg',9878170,'{\"owner\": \"Hosea O\'Conner\"}',1,'2016-08-25 16:24:27','2020-08-25 22:39:37'),(67,29,'http://www.bergnaumkeeling.com/Ankunding.jpeg',4749,'{\"owner\": \"Izabella Bogisich\"}',3,'2015-09-13 04:04:25','2020-08-25 22:39:37'),(68,58,'http://www.thielondricka.net/Predovic.png',9248,'{\"owner\": \"Muriel Gaylord\"}',1,'2015-02-12 13:43:52','2020-08-25 22:39:37'),(69,3,'http://waters.com/Goodwin.ogg',1192,'{\"owner\": \"Frederique Zboncak\"}',3,'2013-02-18 23:44:13','2020-08-25 22:39:37'),(70,38,'http://rippin.org/Wisozk.avi',1421408,'{\"owner\": \"Earline Raynor\"}',2,'2011-12-18 05:03:16','2020-08-25 22:39:37'),(71,79,'http://balistrerifunk.biz/Borer.png',41656551,'{\"owner\": \"Demarcus Prohaska\"}',3,'2011-08-12 21:11:58','2020-08-25 22:39:37'),(72,84,'http://lang.biz/Huel.png',9208607,'{\"owner\": \"Gia Leannon\"}',1,'2019-03-16 14:45:45','2020-08-25 22:39:37'),(73,80,'http://www.witting.com/Yundt.avi',9347216,'{\"owner\": \"Naomi Hirthe\"}',3,'2017-03-13 03:46:14','2020-08-25 22:39:37'),(74,48,'http://weissnatkeeling.com/Hessel.png',70870,'{\"owner\": \"Nathanial Fisher\"}',3,'2012-08-17 17:09:24','2020-08-25 22:39:37'),(75,99,'http://blockbradtke.biz/Reynolds.png',215535,'{\"owner\": \"Colin Padberg\"}',3,'2015-11-29 22:41:05','2020-08-25 22:39:37'),(76,50,'http://www.schowalter.com/Botsford.jpeg',656512,'{\"owner\": \"Reuben Stokes\"}',3,'2018-11-19 09:23:08','2020-08-25 22:39:37'),(77,51,'http://ullrich.net/Daniel.ogg',7091574,'{\"owner\": \"Wiley Morar\"}',1,'2016-07-21 21:14:24','2020-08-25 22:39:37'),(78,7,'http://senger.org/Cummings.png',7406222,'{\"owner\": \"Ubaldo Schaefer\"}',3,'2017-08-18 02:18:04','2020-08-25 22:39:37'),(79,80,'http://ortiz.com/O\'Keefe.jpeg',5746388,'{\"owner\": \"Naomi Hirthe\"}',3,'2019-10-16 06:10:32','2020-08-25 22:39:37'),(80,80,'http://www.wolff.com/Goodwin.jpeg',6503275,'{\"owner\": \"Naomi Hirthe\"}',2,'2015-07-27 15:41:41','2020-08-25 22:39:37'),(81,57,'http://www.medhurstpurdy.com/Gutkowski.jpeg',185499,'{\"owner\": \"Dora Blanda\"}',3,'2015-11-12 15:50:50','2020-08-25 22:39:37'),(82,47,'http://johnstonleffler.com/Predovic.ogg',5267213,'{\"owner\": \"Caleigh Rath\"}',3,'2015-04-14 20:12:26','2020-08-25 22:39:37'),(83,63,'http://www.nikolaus.com/Bins.png',32579109,'{\"owner\": \"Hosea O\'Conner\"}',2,'2018-10-13 01:06:05','2020-08-25 22:39:37'),(84,74,'http://www.ziemannkerluke.com/Wisozk.avi',6816238,'{\"owner\": \"Maxwell Nolan\"}',1,'2013-01-08 09:43:13','2020-08-25 22:39:37'),(85,79,'http://dickens.info/Nolan.ogg',65789,'{\"owner\": \"Demarcus Prohaska\"}',3,'2018-12-18 11:10:22','2020-08-25 22:39:37'),(86,72,'http://www.mitchell.com/Blanda.jpeg',8269555,'{\"owner\": \"Mike Brown\"}',2,'2014-12-12 13:56:22','2020-08-25 22:39:37'),(87,25,'http://wyman.org/Rath.png',80925469,'{\"owner\": \"Mariam Gleason\"}',3,'2014-11-20 22:25:28','2020-08-25 22:39:37'),(88,7,'http://www.wehner.com/Volkman.ogg',33467,'{\"owner\": \"Ubaldo Schaefer\"}',3,'2018-11-14 13:29:41','2020-08-25 22:39:37'),(89,58,'http://www.effertzdickinson.net/Jones.ogg',889061,'{\"owner\": \"Muriel Gaylord\"}',3,'2015-02-28 01:11:00','2020-08-25 22:39:37'),(90,70,'http://veum.com/Barton.avi',151978,'{\"owner\": \"Maria Runolfsson\"}',1,'2011-02-07 03:23:55','2020-08-25 22:39:37'),(91,77,'http://www.lebsack.com/Ankunding.jpeg',54784434,'{\"owner\": \"Nathen Glover\"}',2,'2013-01-14 15:11:45','2020-08-25 22:39:37'),(92,72,'http://wuckert.com/Blanda.jpeg',606943,'{\"owner\": \"Mike Brown\"}',3,'2015-12-22 11:53:31','2020-08-25 22:39:37'),(93,31,'http://bergstrom.com/Littel.avi',9626639,'{\"owner\": \"Jamarcus Heidenreich\"}',3,'2017-03-30 18:36:43','2020-08-25 22:39:37'),(94,36,'http://www.cassinziemann.biz/Predovic.ogg',5456014,'{\"owner\": \"Taurean Mosciski\"}',3,'2012-09-11 07:55:36','2020-08-25 22:39:37'),(95,87,'http://www.lemke.com/Willms.ogg',51272,'{\"owner\": \"Ara Cummings\"}',3,'2015-01-28 13:10:33','2020-08-25 22:39:37'),(96,25,'http://kiehnmiller.info/Zboncak.ogg',24751,'{\"owner\": \"Mariam Gleason\"}',3,'2013-04-15 17:55:00','2020-08-25 22:39:37'),(97,66,'http://www.willms.biz/Abbott.ogg',97566,'{\"owner\": \"Garfield Reichert\"}',1,'2019-10-13 21:16:49','2020-08-25 22:39:37'),(98,52,'http://heaneywalter.com/Cummerata.ogg',8390154,'{\"owner\": \"Anne Emmerich\"}',2,'2020-04-14 12:40:35','2020-08-25 22:39:37'),(99,63,'http://www.romagueraschiller.net/Huel.avi',62541988,'{\"owner\": \"Hosea O\'Conner\"}',1,'2017-09-29 09:25:54','2020-08-25 22:39:37'),(100,60,'http://white.net/Conroy.png',5572728,'{\"owner\": \"Kelley Predovic\"}',2,'2014-08-25 06:48:52','2020-08-25 22:39:37');
/*!40000 ALTER TABLE `media` ENABLE KEYS */;
UNLOCK TABLES;

--
-- Table structure for table `media_types`
--

DROP TABLE IF EXISTS `media_types`;
/*!40101 SET @saved_cs_client     = @@character_set_client */;
/*!40101 SET character_set_client = utf8 */;
CREATE TABLE `media_types` (
  `id` int unsigned NOT NULL AUTO_INCREMENT,
  `name` varchar(255) CHARACTER SET utf8 COLLATE utf8_unicode_ci NOT NULL,
  `created_at` datetime DEFAULT CURRENT_TIMESTAMP,
  `updated_at` datetime DEFAULT CURRENT_TIMESTAMP ON UPDATE CURRENT_TIMESTAMP,
  PRIMARY KEY (`id`),
  UNIQUE KEY `name` (`name`)
) ENGINE=InnoDB AUTO_INCREMENT=4 DEFAULT CHARSET=utf8 COLLATE=utf8_unicode_ci;
/*!40101 SET character_set_client = @saved_cs_client */;

--
-- Dumping data for table `media_types`
--

LOCK TABLES `media_types` WRITE;
/*!40000 ALTER TABLE `media_types` DISABLE KEYS */;
INSERT INTO `media_types` VALUES (1,'audio','2020-08-25 22:36:46','2020-08-25 22:36:46'),(2,'video','2020-08-25 22:36:46','2020-08-25 22:36:46'),(3,'photo','2020-08-25 22:36:46','2020-08-25 22:36:46');
/*!40000 ALTER TABLE `media_types` ENABLE KEYS */;
UNLOCK TABLES;

--
-- Table structure for table `messages`
--

DROP TABLE IF EXISTS `messages`;
/*!40101 SET @saved_cs_client     = @@character_set_client */;
/*!40101 SET character_set_client = utf8 */;
CREATE TABLE `messages` (
  `id` int unsigned NOT NULL AUTO_INCREMENT,
  `from_user_id` int unsigned NOT NULL,
  `to_user_id` int unsigned NOT NULL,
  `body` text CHARACTER SET utf8 COLLATE utf8_unicode_ci NOT NULL,
  `is_important` tinyint(1) DEFAULT NULL,
  `is_delivered` tinyint(1) DEFAULT NULL,
  `created_at` datetime DEFAULT CURRENT_TIMESTAMP,
  `updated_at` datetime DEFAULT CURRENT_TIMESTAMP ON UPDATE CURRENT_TIMESTAMP,
  PRIMARY KEY (`id`)
) ENGINE=InnoDB AUTO_INCREMENT=101 DEFAULT CHARSET=utf8 COLLATE=utf8_unicode_ci;
/*!40101 SET character_set_client = @saved_cs_client */;

--
-- Dumping data for table `messages`
--

LOCK TABLES `messages` WRITE;
/*!40000 ALTER TABLE `messages` DISABLE KEYS */;
INSERT INTO `messages` VALUES (1,100,40,'Nesciunt pariatur quidem et recusandae rerum blanditiis nemo. Natus assumenda earum eius mollitia aut voluptas tenetur repellendus. Veniam nisi a enim. Et necessitatibus incidunt aut id temporibus.',1,0,'2016-09-16 08:51:20','2020-08-25 21:18:47'),(2,28,96,'Sit nemo voluptates alias dolor distinctio eius. Voluptas assumenda non quo et amet ea. Ea et doloremque sed et rerum. Libero rerum id quo fugit quis voluptatibus magnam.',1,1,'2015-03-31 18:17:39','2020-08-25 21:18:47'),(3,40,60,'Nostrum dignissimos non id. Aut accusantium deleniti quasi. Ut voluptatem et mollitia autem placeat nisi.',1,0,'2015-08-13 13:49:39','2020-08-25 21:18:47'),(4,13,11,'Sunt vel voluptas culpa at quisquam dolores non. Quisquam quia modi facilis fuga voluptatem dolorem. Molestias rerum et in laboriosam. Dolor maiores porro vel exercitationem.',1,1,'2018-10-09 17:44:55','2020-08-25 21:18:47'),(5,46,76,'Impedit commodi ut vero. Et dicta dolorem neque tempora nam alias alias.',0,0,'2018-12-07 13:45:28','2020-08-25 21:18:47'),(6,91,44,'Odio iusto officiis eveniet corrupti sunt qui. Est numquam rem perferendis accusantium.',1,0,'2015-01-02 07:11:03','2020-08-25 21:18:47'),(7,16,93,'Ut repudiandae odio rerum. Ad numquam eveniet id asperiores. Dolores velit consequatur eveniet nulla explicabo quo ab.',1,1,'2017-09-23 06:09:58','2020-08-25 21:18:47'),(8,8,34,'Aspernatur deserunt ad libero sint autem. Corporis deleniti sequi exercitationem earum a. Aliquam commodi qui voluptas fugit autem sit.',1,1,'2010-10-29 02:52:49','2020-08-25 21:18:47'),(9,91,88,'Et culpa cum vero delectus quia animi optio assumenda. Illum cum voluptatem odio perferendis quibusdam dolores.',0,0,'2013-12-14 07:15:25','2020-08-25 21:18:47'),(10,32,40,'Repellendus saepe nostrum temporibus rerum consequatur ipsa rerum. Repellendus vero quis accusamus porro quis. Qui culpa doloremque aut ullam. Sequi necessitatibus sit et doloribus dolorem.',1,0,'2013-10-28 03:23:00','2020-08-25 21:18:47'),(11,84,36,'Nihil laboriosam commodi est earum. Voluptatem quaerat eos esse doloremque similique commodi corporis.',1,0,'2015-04-02 23:47:08','2020-08-25 21:18:47'),(12,25,57,'Nam explicabo laboriosam et explicabo officiis. Sit aliquam ipsum sint iusto nemo minima sit. Fugiat et nesciunt quasi est.',0,0,'2015-07-04 05:44:25','2020-08-25 21:18:47'),(13,73,76,'Tempore ea libero consequatur commodi. Beatae voluptas ea hic labore consequuntur ratione. Suscipit pariatur quasi alias ullam velit tempore consequuntur. Non ullam enim eum facere.',0,0,'2018-08-23 01:55:28','2020-08-25 21:18:47'),(14,90,9,'Fugit id aut commodi maiores voluptatem aut. Accusantium dolor rerum vel quidem.',1,0,'2013-08-19 03:22:46','2020-08-25 21:18:47'),(15,28,15,'Minus veritatis fugiat dolor voluptas quidem sint. Quo nihil vitae id beatae. Deleniti vitae inventore neque rerum nostrum eligendi.',0,0,'2019-01-01 05:01:02','2020-08-25 21:18:28'),(16,69,49,'Cupiditate fuga est adipisci maiores incidunt aut. Ea quod quia autem aut quibusdam molestias. Ut quidem minima rerum et molestiae et. Non sed est incidunt quo cumque eos.',0,1,'2011-11-22 09:02:52','2020-08-25 21:18:47'),(17,60,99,'In aspernatur et mollitia magnam ea itaque. Excepturi esse aperiam minus culpa inventore. Minima iste et repudiandae nulla minima.',0,1,'2018-06-08 17:37:26','2020-08-25 21:18:47'),(18,95,47,'Dolores ut quis temporibus amet aliquam. Adipisci maiores harum nemo tenetur. Sint cupiditate ut consequatur aut. Provident vel amet expedita incidunt perferendis id.',0,1,'2018-02-16 03:32:55','2020-08-25 21:18:47'),(19,92,38,'Molestiae placeat eveniet consequatur quo saepe sit tempora. Sequi aliquam dolorem ut eaque sint voluptatum. Nisi sunt accusamus magni veritatis rerum consequuntur impedit.',0,0,'2016-01-28 22:48:11','2020-08-25 21:18:47'),(20,75,49,'Iusto unde ipsam rem tenetur eos quae cumque. Tenetur et nulla qui non autem consequatur. Voluptatem recusandae iste qui quis. Sapiente neque error dicta facilis.',0,0,'2017-01-07 23:24:03','2020-08-25 21:18:47'),(21,99,29,'Est consequatur qui cum ut molestias dolor et optio. Molestias illo iusto sunt dolorum. Et omnis ut in molestiae. Voluptas voluptatem modi dolores.',0,1,'2015-12-03 04:40:07','2020-08-25 21:18:47'),(22,68,98,'Et minus accusantium eum eos officiis. Et labore harum ut ratione. Sint aut quod fugiat quos.',0,0,'2015-08-25 02:25:09','2020-08-25 21:18:47'),(23,45,4,'Nesciunt praesentium commodi unde earum quam veritatis quia. In ducimus maiores ex nisi aspernatur modi. Excepturi temporibus nobis et qui.',0,0,'2016-10-26 18:45:22','2020-08-25 21:18:47'),(24,21,24,'Cupiditate facere voluptas voluptatem perferendis ut. Tempore est repellendus nulla maiores omnis quasi fugit. Impedit qui nesciunt ut dolorem voluptatem ex consequatur.',0,0,'2011-10-28 11:11:44','2020-08-25 21:18:28'),(25,67,9,'Doloribus assumenda minus ullam sint rerum. Rerum sit et enim eos inventore. Ut non qui et distinctio neque omnis optio.',1,0,'2016-04-06 07:13:19','2020-08-25 21:18:47'),(26,72,71,'Dolorem voluptatem placeat sed ut quia recusandae velit. Voluptatem omnis et consequatur delectus maiores aut. Voluptate reiciendis voluptas inventore deserunt nostrum accusamus numquam. Maiores illo sint porro molestiae est vel.',1,1,'2014-03-26 00:00:09','2020-08-25 21:18:47'),(27,58,27,'Adipisci provident sed aliquid sint pariatur placeat autem. Occaecati est sequi doloremque non. Omnis veniam exercitationem placeat.',1,1,'2014-02-22 09:08:51','2020-08-25 21:18:28'),(28,73,20,'Magni perferendis tenetur eveniet qui error rerum asperiores. At et cum cum est unde occaecati. Exercitationem accusantium odit deleniti impedit illo tempore. Debitis nam voluptatibus ducimus sunt veritatis perspiciatis aperiam.',1,0,'2014-03-13 00:45:39','2020-08-25 21:18:47'),(29,93,21,'Libero quibusdam quia quam consectetur et dolorem. Omnis omnis alias ut commodi voluptatem commodi. Repudiandae quod facilis magnam earum. Distinctio et eos quod aut.',0,1,'2015-03-21 03:41:04','2020-08-25 21:18:47'),(30,46,45,'Optio iusto recusandae nisi et labore qui. Perferendis doloribus amet praesentium id ut. Impedit qui voluptatem repellat consequatur minus exercitationem.',1,0,'2017-01-11 22:01:23','2020-08-25 21:18:47'),(31,48,60,'Minima itaque nostrum aspernatur omnis eum quia. Voluptatem pariatur dolores culpa eveniet accusantium explicabo dolor. Quo qui similique ratione.',1,0,'2017-11-27 15:15:27','2020-08-25 21:18:47'),(32,4,66,'Maxime totam quis odit ipsa. Mollitia ad voluptate dolor vero illum eum et voluptatem. Rerum quaerat amet aut culpa. Ea animi ea repellat repellat quibusdam qui veritatis. Aut nam rem vel accusantium tenetur.',0,0,'2016-03-19 03:22:29','2020-08-25 21:18:47'),(33,74,49,'Quia illum dolorem reiciendis facilis hic architecto. Sed iste eaque ut dolores aut aspernatur. Voluptatem porro sit aut laboriosam. Saepe sint autem exercitationem ut et asperiores.',1,1,'2017-12-01 21:24:59','2020-08-25 21:18:47'),(34,59,48,'Soluta quia ex est doloribus vero in explicabo. Quaerat eligendi est optio minus enim. Dignissimos est ut quae. Laudantium repellat voluptates fugiat dolor. Nihil eveniet qui voluptatum sint eos alias.',0,1,'2012-01-31 21:48:42','2020-08-25 21:18:47'),(35,74,90,'Aut praesentium a mollitia delectus quidem illo. Velit sint quis ducimus molestiae provident soluta. Cupiditate magni aut cupiditate fugit corrupti.',0,1,'2016-12-21 08:37:59','2020-08-25 21:18:47'),(36,90,8,'Sapiente est reiciendis dolorum ut. Et doloremque quo inventore eos. Quam exercitationem rerum itaque aut fugit. Aliquam est eos distinctio nihil deleniti ut. Quos quasi sequi natus est omnis ab.',1,0,'2014-02-13 07:59:51','2020-08-25 21:18:47'),(37,26,68,'Illo sit porro fuga voluptas doloremque sed. Ut ab dolor dicta deleniti atque hic. Est repellat dolor commodi quia hic quam reprehenderit.',1,0,'2018-03-08 19:12:38','2020-08-25 21:18:47'),(38,63,14,'Eum explicabo dolorum consequatur et deleniti accusamus. Excepturi dolor deserunt laborum ut dolore aut. Est praesentium vitae rerum rerum. Ut et dolorem minima incidunt aut minima.',1,1,'2018-08-26 08:23:13','2020-08-25 21:18:47'),(39,35,67,'Praesentium et veniam dolorem ipsa minima dolorem. Voluptatem aut molestiae quia et qui officiis. Recusandae provident libero modi enim.',0,1,'2014-03-31 08:15:05','2020-08-25 21:18:47'),(40,84,90,'Quibusdam blanditiis facilis sit totam ducimus. Velit et beatae perspiciatis odit laborum ut non. Et et occaecati repudiandae nihil qui molestias et doloremque. Occaecati et accusantium laborum.',1,1,'2010-10-07 06:36:25','2020-08-25 21:18:47'),(41,14,52,'Tenetur illo officiis placeat eos in quia. Velit ut aut veritatis suscipit totam. Libero ut perspiciatis et accusamus soluta animi in molestias. Exercitationem sed similique blanditiis.',0,1,'2012-10-25 08:48:25','2020-08-25 21:18:47'),(42,18,86,'Rerum expedita tenetur nihil qui. Distinctio quae et in aperiam nostrum repellat. Ut id rerum voluptatem optio beatae earum quisquam commodi.',1,1,'2013-07-04 09:25:24','2020-08-25 21:18:47'),(43,47,75,'Facere labore ad aut ipsa id dignissimos eveniet. Eius enim ex quis aut voluptatem blanditiis. Molestiae eos et delectus.',0,0,'2017-05-31 09:13:34','2020-08-25 21:18:47'),(44,80,19,'Nisi ut enim explicabo repellendus ex. Dolores molestiae natus a nihil. Reiciendis et et accusamus facere perspiciatis soluta adipisci. In tempore eveniet rem et voluptatem ex adipisci.',0,0,'2012-02-27 13:46:56','2020-08-25 21:18:47'),(45,58,66,'Dolorem vitae corporis est enim earum dicta quo recusandae. Consequatur rerum aliquam dignissimos corporis quidem. Amet odio molestiae ex aspernatur qui ad. Voluptas voluptas quos ut quod fuga architecto sequi.',0,1,'2011-01-16 06:45:42','2020-08-25 21:18:47'),(46,51,72,'Dolorum libero dicta amet vero. Voluptatem in qui asperiores aliquam. Quo voluptas quam minus impedit quia. Molestiae rem ducimus modi impedit.',0,1,'2020-02-04 15:28:24','2020-08-25 21:18:47'),(47,81,65,'Minima hic ea recusandae autem est porro. Harum unde adipisci voluptatibus quisquam eos labore aperiam. Quis velit at facilis sint qui dolor. Voluptate provident qui odio ut nostrum quasi.',1,1,'2017-09-17 12:37:39','2020-08-25 21:18:47'),(48,51,5,'Earum est explicabo officia facilis et corporis eum. Laborum dignissimos eveniet enim aliquid quas.',1,0,'2020-02-01 12:22:15','2020-08-25 21:18:47'),(49,11,30,'Soluta aliquam doloribus dolorum aut consectetur porro. Aut ut minima enim. Sit occaecati aut voluptates placeat error. Omnis dolorem earum velit odio consequuntur aut odit.',1,1,'2017-01-03 00:33:53','2020-08-25 21:18:47'),(50,2,36,'Voluptates a dolor delectus qui. Cupiditate neque eum distinctio aut modi voluptatem qui. Aut delectus cupiditate veniam repudiandae dicta ipsam.',1,1,'2013-11-21 06:20:34','2020-08-25 21:18:47'),(51,78,89,'Quam id repellendus perspiciatis dignissimos. Repellendus magnam ipsam qui inventore quo occaecati.',1,0,'2011-10-20 18:46:18','2020-08-25 21:18:47'),(52,81,35,'Eum in non necessitatibus aut. In earum maiores eum hic suscipit. Quibusdam ducimus suscipit iusto expedita iure ut explicabo et. At ut dolore et repellendus.',1,0,'2019-11-28 18:40:13','2020-08-25 21:18:47'),(53,72,10,'Consequatur unde ut cum odio autem provident aliquid dolores. Voluptatem voluptatem optio consectetur velit non pariatur ex. Dolorem perferendis eligendi sit ipsam. Distinctio temporibus labore nihil totam adipisci vel quas. Delectus vel odit voluptatibus nobis libero accusamus dolore culpa.',0,0,'2018-01-07 15:02:52','2020-08-25 21:18:47'),(54,18,44,'Sit saepe aut velit et nesciunt enim. Voluptatem at nesciunt est perspiciatis voluptas ex. Occaecati blanditiis nobis vitae quo molestiae labore.',1,0,'2012-08-03 14:20:32','2020-08-25 21:18:47'),(55,72,88,'A in consectetur similique. Optio vero autem sint enim. Autem veritatis ex recusandae.',1,1,'2018-06-13 00:49:36','2020-08-25 21:18:47'),(56,6,7,'Nostrum officia numquam omnis quos quo unde aut. Quibusdam totam non laudantium. Facilis tenetur officia error amet veniam quaerat. Qui debitis quam et sunt provident. Magnam eligendi iste nihil voluptatem harum.',1,1,'2011-10-08 12:33:01','2020-08-25 21:18:47'),(57,15,73,'Impedit possimus consequatur officiis quibusdam ex blanditiis. Consequatur esse quas assumenda qui incidunt voluptatem optio asperiores. Enim suscipit maxime molestiae voluptas dolores sint debitis modi. Voluptates veniam tempora maiores cupiditate officia perferendis repellendus et.',0,1,'2016-07-11 18:39:13','2020-08-25 21:18:47'),(58,56,43,'Veniam veritatis distinctio eius rerum cupiditate assumenda magni est. Quisquam cupiditate deleniti vero qui. Perferendis consequuntur et ut aut omnis odio asperiores adipisci.',1,1,'2019-07-10 22:26:54','2020-08-25 21:18:47'),(59,36,96,'Et incidunt omnis eum sit et. Non omnis animi ipsam sit.',1,1,'2016-04-20 22:09:53','2020-08-25 21:18:47'),(60,11,51,'Incidunt repellendus sunt sed harum nulla. Quia et earum minima deleniti expedita sunt. Non soluta est eum maiores quidem. Dolorem dolorum necessitatibus voluptas assumenda neque error.',1,1,'2011-06-05 17:22:01','2020-08-25 21:18:47'),(61,44,67,'Nemo porro accusamus cum quo fuga veritatis ab. Expedita numquam eos provident sit quis ut. In et neque sit velit sint voluptas beatae accusantium. Molestiae voluptatem aspernatur quibusdam aliquid adipisci. Exercitationem sed esse non minima.',1,1,'2015-11-26 16:00:47','2020-08-25 21:18:47'),(62,87,81,'Consectetur laboriosam consequatur beatae nihil. Magnam placeat sed architecto dolorem dolores sed consectetur. Nisi rerum rem deleniti distinctio.',1,0,'2014-12-30 05:09:52','2020-08-25 21:18:47'),(63,4,5,'Est facere repellat ut quos sunt perferendis. Minima soluta omnis dolorem occaecati. Ut sed numquam et iste.',0,1,'2011-06-06 18:11:52','2020-08-25 21:18:47'),(64,58,81,'Iure quos odit doloribus qui inventore et voluptas. Esse aut nihil blanditiis deleniti. Aut fuga repellat perferendis illo sint repellendus sapiente.',0,1,'2017-12-11 01:50:34','2020-08-25 21:18:47'),(65,79,89,'Praesentium sint doloribus harum perferendis. Ab molestias voluptates saepe id. Consequatur quas mollitia consequatur iure. Vero minima sunt a et laborum aspernatur.',0,1,'2013-07-09 07:06:12','2020-08-25 21:18:47'),(66,21,3,'Possimus voluptatum repellendus numquam et voluptas. Itaque rerum velit quia fuga. Eum eos dolores libero vitae aperiam ut.',0,1,'2012-11-14 19:09:49','2020-08-25 21:18:47'),(67,68,45,'Dolores ut eius quasi voluptate dolorum pariatur. Voluptatum minima sunt et delectus. Est officia consectetur voluptas vero suscipit. Reprehenderit est amet nesciunt dolores necessitatibus. Illo a accusantium aperiam repellendus et.',1,0,'2016-11-09 09:44:56','2020-08-25 21:18:47'),(68,75,15,'Hic quia ut quo molestiae facere rerum sapiente animi. Asperiores nesciunt facere dolorem praesentium dignissimos aspernatur. Iure optio natus rerum id sit magnam. Fugiat labore quibusdam voluptas distinctio sed quis qui cum. Laboriosam aut id est quas vel repellendus repellendus assumenda.',1,0,'2014-09-10 14:08:01','2020-08-25 21:18:47'),(69,72,42,'Et laboriosam quibusdam aliquam nihil dolor quidem velit. Et vel aspernatur sit voluptas in eius sit debitis. Ex alias nulla sit dolores. Commodi consequatur et inventore consectetur.',1,1,'2015-04-04 05:37:25','2020-08-25 21:18:47'),(70,34,65,'Quo nihil tempora quibusdam enim possimus. Quia qui itaque voluptatem omnis. Laudantium ipsam magni facilis qui tempora. Delectus voluptatem sapiente incidunt eum minima facilis.',0,1,'2010-10-08 03:32:04','2020-08-25 21:18:47'),(71,54,96,'Molestias tenetur iure quia sequi eos rem. Architecto praesentium asperiores qui quo. Quo odio ut perferendis autem consectetur quia delectus. Ab dicta consequatur corporis expedita et iusto voluptatibus dicta.',0,1,'2013-07-07 23:59:11','2020-08-25 21:18:47'),(72,68,84,'Nihil nam dignissimos rem in aut. Fugiat adipisci rem quia quae. Blanditiis eius autem tempora qui et cumque dolor. Nam dolores repellendus cum nulla mollitia suscipit voluptatibus.',0,0,'2010-09-25 07:24:34','2020-08-25 21:18:47'),(73,77,32,'Aut rem occaecati temporibus et earum doloribus voluptatem delectus. Nobis eum et est ut. Accusantium vero autem eveniet illum minima sint deleniti.',1,0,'2012-08-09 19:53:07','2020-08-25 21:18:47'),(74,79,9,'Aspernatur hic tenetur qui placeat ea et laudantium. Nobis eum quia sed maiores. Ut tenetur quia reiciendis cumque.',0,1,'2018-03-11 00:02:29','2020-08-25 21:18:47'),(75,63,49,'Perspiciatis quo officia a molestiae inventore. Distinctio nihil eos ut maxime et alias officiis. Quasi cumque earum quis.',1,0,'2018-11-07 01:23:13','2020-08-25 21:18:47'),(76,77,16,'Debitis modi ipsa vero est dolorem voluptas suscipit. Et voluptate placeat eum sed. Rerum qui quos quidem et repellat occaecati itaque ex.',0,1,'2011-02-03 20:04:36','2020-08-25 21:18:47'),(77,97,34,'Quia eos vitae amet. Voluptatem voluptas quia et quia dolor qui quae architecto. Consectetur soluta fuga sed vel repudiandae non. Dolores sed vel autem cumque excepturi omnis. Cupiditate vero provident aperiam tempore ab magnam deleniti.',1,1,'2019-02-11 15:34:53','2020-08-25 21:18:47'),(78,55,21,'Quo qui enim minima esse. Sint dicta quisquam aut dolorem maiores quo. Voluptate harum et impedit voluptatem.',1,1,'2014-02-19 20:55:55','2020-08-25 21:18:47'),(79,82,1,'Molestias quis nihil perferendis eveniet modi. Eos suscipit sed tempore voluptatem. Sint architecto dolorem numquam eos est omnis dolore. Blanditiis ut id dolorum et repudiandae libero sunt.',1,1,'2016-10-16 05:59:33','2020-08-25 21:18:47'),(80,45,44,'Molestias similique consequatur at a modi laboriosam exercitationem. Aut perspiciatis laudantium occaecati dicta aperiam sed at perspiciatis. Laborum corrupti labore sunt repudiandae.',1,1,'2014-12-17 16:08:52','2020-08-25 21:18:47'),(81,78,14,'Incidunt sed ut incidunt modi nulla iusto. Exercitationem molestias voluptatem laudantium recusandae beatae molestiae corrupti. Quia enim deserunt veniam eum nihil dolor.',0,0,'2015-10-11 23:27:46','2020-08-25 21:18:47'),(82,53,37,'Ratione et ut magni qui aperiam suscipit dignissimos. Quia dolores earum doloribus quas et nihil facere. Ut autem iure ut ratione exercitationem aperiam.',1,0,'2018-12-22 13:43:17','2020-08-25 21:18:47'),(83,32,43,'Eaque nihil sint non fugit. Consequatur amet recusandae praesentium praesentium explicabo voluptatem tenetur ipsum. Numquam alias qui consectetur iure voluptas dolorem.',0,1,'2017-01-28 12:15:03','2020-08-25 21:18:47'),(84,99,2,'Eos id dolor ipsum possimus ullam accusantium esse aperiam. Soluta rerum libero amet blanditiis tenetur voluptatem. Error adipisci eaque eos perferendis eos. In et ut magni et.',0,1,'2013-11-13 19:06:25','2020-08-25 21:18:47'),(85,98,82,'Odio error non voluptas tempore et quo. Quisquam delectus nostrum sint sed. Possimus quam autem omnis optio quis temporibus neque. Sed animi adipisci tempore est enim.',1,1,'2013-08-18 07:14:25','2020-08-25 21:18:47'),(86,95,3,'Incidunt hic sunt aperiam ad expedita doloremque molestiae. Et possimus magnam asperiores. Et modi aut placeat saepe nobis suscipit sit est.',1,1,'2018-12-16 11:52:32','2020-08-25 21:18:47'),(87,78,70,'Consequatur quia dolorem quis facere reiciendis corrupti. Unde voluptas velit omnis. Eius nostrum sit quisquam deserunt. Placeat expedita nemo est amet.',0,1,'2018-03-26 13:33:51','2020-08-25 21:18:47'),(88,4,38,'Nesciunt pariatur temporibus deleniti officia voluptas quis qui iure. Voluptate ex atque cumque omnis doloremque consequuntur. Ullam dignissimos nihil officiis ea illo.',0,0,'2019-08-03 01:54:50','2020-08-25 21:18:47'),(89,87,81,'Aut adipisci sit et maxime. Corporis veritatis qui sed corrupti quis minima nemo sequi. Necessitatibus non voluptatem unde sunt laborum.',1,1,'2015-12-13 01:30:36','2020-08-25 21:18:47'),(90,22,90,'Eum et odit et nihil. Ipsam ut nulla officia autem quod. Quo autem dignissimos ipsa doloribus.',1,0,'2012-12-11 05:01:06','2020-08-25 21:18:28'),(91,47,5,'Nobis aliquid molestias dolor cupiditate et facere. Ipsum molestiae in quae. Pariatur exercitationem corporis vel et ipsa aspernatur cum. Aspernatur et consectetur ipsum est recusandae est dolor et.',0,1,'2011-03-13 11:23:41','2020-08-25 21:18:47'),(92,72,55,'Ex optio eius cupiditate. Eius dolores quia tempora et laboriosam ipsam qui. Maiores perferendis sed fugiat quaerat incidunt sunt mollitia. Ipsa eaque sapiente nobis explicabo.',0,1,'2020-05-05 02:17:38','2020-08-25 21:18:47'),(93,15,59,'Dolores est sed consequuntur similique eaque voluptas. Pariatur libero veniam deserunt inventore a est nobis minus. Saepe nihil explicabo reiciendis iure. Voluptatem sit nesciunt harum quis eveniet vel. Fuga veniam veniam dignissimos ut et qui.',1,1,'2013-10-20 15:51:26','2020-08-25 21:18:47'),(94,60,32,'Laudantium est placeat facilis iusto suscipit in exercitationem. Totam ex suscipit optio illum sunt tenetur eum. Inventore numquam non vel enim. Sunt ut vel ut quo. Placeat et quas facilis odio porro.',1,0,'2012-01-08 07:18:13','2020-08-25 21:18:47'),(95,56,80,'Dolores consequatur et et qui. Ipsam vel adipisci repudiandae eaque accusamus vitae aspernatur. Consequatur exercitationem optio incidunt et. Quis vel sed aliquam eaque est voluptas.',0,1,'2019-07-19 21:38:28','2020-08-25 21:18:47'),(96,99,5,'Eum qui quia sed illum sapiente omnis nobis. Consectetur laboriosam nobis qui sequi. Dolores magni praesentium laboriosam quis quod qui.',1,0,'2018-09-06 11:42:35','2020-08-25 21:18:47'),(97,24,86,'Deleniti maiores delectus reprehenderit maxime est. Quasi aliquam corporis cumque ab. Vel repellendus porro est dolore.',0,1,'2015-08-04 21:17:33','2020-08-25 21:18:47'),(98,26,13,'Blanditiis voluptatum corrupti rem veritatis ipsum eveniet eius. Libero nihil vel et minus dolores autem quia ducimus. Hic omnis sed unde eius iste veniam fugiat eos.',1,0,'2015-03-05 03:24:54','2020-08-25 21:18:47'),(99,56,6,'Eum ipsa facere quibusdam qui quia. Saepe eligendi asperiores voluptatem molestiae qui. Dolorum voluptatum non voluptates praesentium quos aperiam. Voluptas voluptas et ea corporis.',1,0,'2018-11-03 09:12:32','2020-08-25 21:18:47'),(100,2,92,'Esse magni quos autem omnis. Quas debitis sapiente laboriosam qui eligendi non ipsum. Voluptas est ipsum dolores ad non provident. Eaque nihil harum aut nulla debitis dolores. Eaque nobis quasi provident.',1,1,'2016-01-21 04:18:40','2020-08-25 21:18:47');
/*!40000 ALTER TABLE `messages` ENABLE KEYS */;
UNLOCK TABLES;

--
-- Table structure for table `posts`
--

DROP TABLE IF EXISTS `posts`;
/*!40101 SET @saved_cs_client     = @@character_set_client */;
/*!40101 SET character_set_client = utf8 */;
CREATE TABLE `posts` (
  `id` int NOT NULL AUTO_INCREMENT,
  `users_id` int NOT NULL,
  `title` varchar(255) CHARACTER SET utf8 COLLATE utf8_unicode_ci NOT NULL,
  `description` varchar(500) CHARACTER SET utf8 COLLATE utf8_unicode_ci NOT NULL,
  `media_type_id` text CHARACTER SET utf8 COLLATE utf8_unicode_ci NOT NULL,
  `date` date NOT NULL,
  PRIMARY KEY (`id`)
) ENGINE=InnoDB AUTO_INCREMENT=101 DEFAULT CHARSET=utf8 COLLATE=utf8_unicode_ci;
/*!40101 SET character_set_client = @saved_cs_client */;

--
-- Dumping data for table `posts`
--

LOCK TABLES `posts` WRITE;
/*!40000 ALTER TABLE `posts` DISABLE KEYS */;
INSERT INTO `posts` VALUES (1,89,'Ipsa corrupti exercitationem alias ipsa exercitationem dolorem. Eos accusamus voluptatibus reiciendis a fuga qui. Aperiam quia quis ab qui soluta magni aut.','Qui reiciendis quibusdam dolores vel dolores vitae suscipit. Ut vel vel dolores dolor pariatur. Ut necessitatibus quia adipisci illum. Adipisci et voluptatem voluptatum.','1','2018-04-21'),(2,73,'Eligendi est dolores dolore. Eligendi corporis voluptas exercitationem dolorem eos sed. Iste explicabo magni quo ab consequatur. Et ea voluptatibus sapiente autem ut ex. Ab quos suscipit nesciunt laudantium totam qui amet.','Ut aliquam doloribus sint quidem ut. Nostrum et qui aut commodi voluptatem aliquam.','3','2015-07-01'),(3,95,'Necessitatibus sunt neque velit sequi dolor sed. Rem non ut sit ut. Dicta at nisi dolorem ut quos fuga.','Dolor expedita accusamus quibusdam quis. Distinctio reiciendis totam omnis. Voluptas vero est et doloremque molestiae. Culpa explicabo dolores blanditiis sit consectetur architecto.','2','2017-10-29'),(4,57,'Ut laudantium dolor nisi placeat unde pariatur dolorum praesentium. At itaque provident consequuntur cumque dolor ut magnam. Quia et aspernatur enim nemo. Officiis quo quisquam et eos non qui sed.','Deleniti magnam quasi molestias quidem in ad. Qui ea magni et odit sed atque reiciendis. Omnis perferendis quaerat ipsum blanditiis corporis aperiam. Aut labore quos beatae quo ad delectus in.','1','2017-07-31'),(5,97,'Nam veniam consequuntur culpa nulla. Libero odio odit saepe qui.','Laudantium sit dolores deserunt possimus blanditiis unde porro. Ullam ipsum vel sit et minima. Qui laboriosam laboriosam nobis recusandae tempore et odio facilis. Sunt vitae voluptates et cum.','1','2020-01-24'),(6,17,'Et laborum sit molestias consequuntur ea. Quos distinctio autem et qui in. Saepe aut aperiam ut eum cupiditate.','Cupiditate aut tempora voluptates officia maiores aut quia quos. Harum voluptatem vero id odit. Dolorum ex qui voluptatem eligendi. Unde voluptatem ut aliquam earum iste eos.','1','2016-04-11'),(7,91,'Voluptate ad iusto ea libero. Dolor tempora minima cum quidem perferendis. Aut eum id sequi aut architecto beatae.','Modi voluptatum quas deserunt tempore expedita nulla itaque. Facere quia maiores non nulla odio tempora quae consequuntur. Quia fugit possimus cupiditate laudantium laudantium quisquam harum.','3','2015-05-20'),(8,5,'Id repellat est quia laboriosam aut. Libero error quia aut autem dolor accusamus facilis. Ea ut fugiat voluptas aut et porro nam nulla.','Nobis vero delectus voluptatem et. Ex doloribus quos dolor enim. Quis eum occaecati et molestiae ea blanditiis iste iure.','3','2010-10-04'),(9,52,'Repudiandae nisi perspiciatis eum cum aspernatur. Impedit quas adipisci qui. Pariatur atque consectetur ipsa aut iste.','Sunt aut deserunt temporibus explicabo totam porro perspiciatis. Explicabo molestiae sint explicabo earum aliquam eum. Molestiae reprehenderit doloremque dolor voluptatum praesentium quo.','1','2015-07-10'),(10,43,'Quia totam voluptates minus repellat assumenda temporibus ex. Voluptatem eos ut eveniet aut quo. Inventore ipsum unde eum omnis veniam.','Ipsam facere aut quos harum. Voluptate molestias eaque et aliquam consequatur aut.','2','2018-04-14'),(11,58,'Officia voluptatem earum est porro quidem placeat. Voluptas quo molestiae odio ut quam nihil. Quo nam repudiandae sit asperiores mollitia adipisci.','Nisi deserunt nemo exercitationem non. Ullam est debitis ducimus nobis id hic. Quibusdam reiciendis cupiditate perferendis sed nostrum maiores id.','2','2017-06-07'),(12,62,'Nesciunt earum consequuntur iste laborum quos eum. Cumque ratione incidunt fuga tempore quibusdam. Quasi quasi aliquam unde deserunt incidunt quae nisi. Eum distinctio reprehenderit ut et et.','Aspernatur magnam vel ut esse deserunt eum eveniet. Nihil eos inventore odio et.\nVel omnis corrupti impedit. Enim consequuntur harum consequatur animi magni et in. Ab amet velit sed.','2','2016-06-29'),(13,34,'Nemo est itaque consectetur ab praesentium eos similique accusamus. Facilis ab perferendis facilis sed. Laudantium quis eaque reprehenderit. Eum et voluptatem aut minima ut.','Qui ea molestiae praesentium magnam voluptates. Blanditiis veniam praesentium fuga reiciendis voluptas consequatur eveniet. Ab laudantium explicabo architecto non reiciendis doloribus.','2','2014-04-26'),(14,85,'Quo tenetur voluptatem culpa delectus modi. Sed dolorem numquam beatae voluptatem enim autem consequatur recusandae. Dolor voluptas amet eaque qui. Tempora sint exercitationem delectus sint optio harum.','Et vero tempore mollitia consectetur. Error veniam est laborum expedita facilis. Rerum et et aut delectus.','2','2011-01-01'),(15,21,'Molestias et ipsa voluptatibus est consequatur. Quo dolor ut fugiat qui. Culpa itaque tenetur quaerat magnam sit aut et. Error quis minus deserunt repellat quod.','Cumque ut temporibus quia tenetur. Aut accusamus omnis libero voluptates exercitationem.','1','2015-09-17'),(16,51,'Dolorem quas eos velit id ea. Et impedit aut et aliquid rerum quis et. Quam ut est veritatis tempora sapiente itaque. Odio nihil ut consequatur et et iure neque. Qui nobis illo ut quia quia eligendi unde.','Voluptatum nemo consequatur sed animi quisquam ipsa laboriosam. Est amet ut dolores voluptatem aut aut. Deserunt ut quibusdam et et quasi distinctio. Iste velit saepe impedit explicabo ut.','2','2015-03-11'),(17,90,'Molestias eveniet nisi sequi eligendi. Quis optio voluptatum pariatur doloribus. Voluptatem aliquid quibusdam autem ipsam amet. Est impedit asperiores qui quo et aut ipsam.','Architecto sed suscipit iste maiores eius. Aut quaerat ullam culpa sit eveniet corporis. Non doloribus sint consequatur iusto quia aut ut.','3','2014-04-25'),(18,99,'Corporis quo illum enim assumenda qui ut. Iste neque fuga beatae vitae. Officia sint nobis et aut.','Quis aut est nemo alias. Hic tempore quisquam quis ut repellendus voluptas sequi. Itaque deleniti provident esse maiores consectetur laborum non consequuntur. Distinctio architecto pariatur sed vero.','1','2015-10-16'),(19,24,'Adipisci fugiat perspiciatis quidem quas eum impedit eum et. Nam sapiente et ratione a. Itaque quo harum aperiam maxime quia quam. Voluptatem quam perspiciatis labore. Ratione aut voluptatem et praesentium possimus est labore.','Et animi impedit quo quisquam laudantium assumenda consequatur. Voluptatibus asperiores non qui. Ex eum distinctio ipsam ea et quis aut rerum.','3','2011-10-26'),(20,20,'Culpa accusantium libero quia rerum quis. Quas temporibus quaerat cupiditate nesciunt quia. Expedita sit recusandae in est sed qui. Quasi fugit consectetur id.','Quo quas dolores nihil id odit aut omnis. Sequi maiores est quo expedita reprehenderit dolorem. Omnis assumenda eligendi earum ipsa. Sit adipisci magnam ut id nihil.','2','2019-06-28'),(21,29,'Sed dolore molestias laborum assumenda sed. Quidem iusto quam et sunt odit necessitatibus modi. Aut atque dignissimos rem corporis.','Repellat nisi molestiae maxime blanditiis. Natus et optio tempora et facilis. Aspernatur quos odit ullam impedit est earum.\nEt quos aut in officia dolore. Ut molestias ipsum sunt et tempora illo.','1','2011-05-16'),(22,84,'Autem et aperiam natus sed rerum. Earum culpa qui aliquam sunt vel occaecati. Itaque rem natus quidem. Debitis voluptate ipsa qui adipisci facilis est.','Et voluptate ipsam inventore ea dolorem natus. Pariatur sequi tenetur quia quas vel facere a. Enim voluptas amet id quam officia. Ipsa sequi alias nesciunt consequatur quidem nobis.','1','2016-05-26'),(23,34,'Fuga aut voluptatem asperiores vero dolor distinctio reprehenderit aut. Et amet nisi rerum expedita officiis in. Nihil autem ipsum eum quasi rerum asperiores. Quo accusantium est qui.','Qui doloribus eum praesentium expedita. Cum ipsum est laudantium incidunt adipisci. Libero maxime nobis consequuntur dolores.','3','2014-08-30'),(24,17,'Aut porro sit atque dignissimos inventore aliquid soluta. Eius possimus enim autem alias eius et. Voluptatem qui suscipit praesentium necessitatibus occaecati. Asperiores cupiditate consequatur earum et quo minus quos.','Repudiandae omnis magni occaecati vero odit. Ea voluptates libero exercitationem dolores. Vero ab amet magnam inventore repudiandae ad voluptatem.','1','2011-10-29'),(25,80,'Vel dolores illum quia ab sapiente repellendus. Et amet quam dolores eligendi et cum commodi. Dolorum qui eum quis culpa. Impedit sed id nostrum aut. Vel eius aspernatur distinctio dolore quia quia.','Maiores consequatur laboriosam dolores est. Corporis quaerat voluptas possimus rerum eos. Sint qui autem quia dignissimos iusto. Aut suscipit totam debitis quasi minima ea tempore sit.','1','2018-03-06'),(26,52,'Quibusdam rem neque impedit est voluptas iure ipsam. Ducimus explicabo possimus nisi suscipit sapiente. Aut ut ut aut quo alias quos nobis. Velit sunt perspiciatis repellendus quasi ut et.','Dolore ut cumque non voluptatem unde qui quis omnis. Voluptates iure aut maxime debitis magnam autem. Enim dignissimos quia optio aut. Repellat est aut et quos.','3','2017-08-22'),(27,17,'Consectetur alias quia esse qui sint recusandae architecto. Repellendus sed id ipsa dolore est quasi consectetur. Unde quidem et sunt qui et ut. Consequuntur eius est accusamus illo error autem.','Debitis sit aut voluptas. Ipsam rerum accusantium sapiente est assumenda ex itaque. Rerum suscipit est dolores molestiae quo expedita.','2','2019-12-04'),(28,29,'Temporibus saepe sed quod qui sunt. Explicabo debitis deserunt ut quia recusandae aut. Nisi fuga provident ut ut.','Porro laudantium quo quos esse possimus quam eos voluptas. Debitis rerum doloribus dolorem nulla dolorem qui quidem. Aperiam reprehenderit vitae officiis perspiciatis enim.','1','2010-09-11'),(29,92,'Id possimus fuga culpa consectetur. Placeat eum nobis labore aliquid. Et provident commodi inventore quaerat. Ab rerum modi omnis adipisci ipsa.','Quia est voluptatem ex dolore natus optio qui. Excepturi aut ad aut alias. Fuga quia labore non inventore neque.','1','2012-08-04'),(30,74,'Ea aliquam ab rerum deserunt. Laudantium incidunt exercitationem tempore dolores quia et architecto. Et in ipsam ut fuga quibusdam architecto. Aut ut quam ducimus eveniet dolor.','Voluptatem aut ea eum eos atque voluptatem. Aut inventore labore repudiandae suscipit quis. Veritatis et ut esse nostrum accusantium.','3','2011-03-31'),(31,92,'Quos accusantium vel quis ipsam nemo porro. Aliquid labore incidunt natus animi qui eum ut. Id labore qui asperiores soluta et quis.','Soluta ab nostrum unde magnam alias molestiae. Sapiente optio nisi nemo ut velit illum et. Mollitia quia non perspiciatis quibusdam rerum ipsa.','3','2011-05-03'),(32,39,'Qui enim officiis odit est iusto non impedit ipsa. Non similique repellat eos. Aut perspiciatis architecto ab sit sequi consequuntur excepturi impedit. Dolor ea libero quos ipsum a voluptate illum labore.','Et cum unde velit. Similique alias expedita repellendus et.','1','2019-08-11'),(33,18,'Eligendi ut doloremque numquam sit minus non quis facere. Veniam et ipsam aut et illum nam. At veritatis recusandae aut id voluptate laudantium quas.','Suscipit ex doloremque hic autem. Reiciendis quis dicta quasi quibusdam voluptatem enim. Perferendis explicabo corrupti eum et magnam sequi. Vel ipsum esse quia quos ratione dolorum dolor voluptatem.','1','2011-07-01'),(34,74,'Quia doloremque voluptatem libero dicta. Quae exercitationem non quae numquam officia rerum. Consequatur ad ut laborum fugit omnis quo libero.','Animi itaque pariatur asperiores quod. Consequuntur blanditiis voluptas quia ut et maiores reprehenderit voluptas. Molestiae dolorem fuga iure itaque hic. Accusamus dolores numquam ut aut.','1','2014-07-17'),(35,14,'Atque voluptates natus aut aliquid rerum unde occaecati eos. Hic eveniet eaque ut corrupti dolorum quae quisquam aut. Aliquam ratione omnis accusantium reiciendis.','Qui cum quia et et et dolores iusto. Ut quod quia cumque minima voluptatem. Modi et soluta ut delectus accusantium voluptatem.','2','2011-07-14'),(36,46,'Labore aut non quaerat suscipit. Sapiente sit qui dignissimos recusandae deleniti impedit. Qui aut nobis amet voluptas quia.','Eos quis voluptate sint quod quos cum. Assumenda id eveniet voluptatum molestiae. Qui impedit quia nam.','1','2020-01-03'),(37,90,'Voluptatibus quos dolorem vero sit molestias. Delectus saepe adipisci sed molestiae dolorem voluptatem.','Voluptatum dolor rerum nam est ipsa. Molestiae quidem cumque esse ea cupiditate. In id dolorum nihil voluptas.','1','2020-03-16'),(38,12,'Nemo optio voluptas ullam. Voluptates qui omnis est temporibus. Numquam et aut consequatur incidunt. Qui unde numquam est ex ea voluptas.','Error at voluptas veritatis quod non aut voluptas. Laboriosam voluptas molestiae consequatur ea. Aut aut ex et. Rerum voluptatem placeat qui facere impedit sint architecto.','1','2010-12-07'),(39,87,'Temporibus maxime dolore molestias fugit culpa in. Dolorum consequatur commodi temporibus. Omnis sit optio et vero nobis autem eligendi. Quisquam quis optio dolore sequi saepe.','Sit cum ad cum vel. Eos aliquid et eveniet consequatur. Id dolores accusamus quia culpa dolor voluptatum expedita. Labore sed repellat libero. Aliquam et ut non voluptates autem est et quod.','3','2014-10-01'),(40,99,'Fuga voluptate et ipsa velit culpa dolorem. Pariatur qui debitis architecto qui dolore.','Similique deleniti omnis similique quia enim ab. Rerum mollitia laboriosam reiciendis laudantium voluptas. Alias consectetur harum amet quia. Omnis autem temporibus rem ut.','2','2015-02-03'),(41,36,'Unde praesentium dolores quidem natus. Accusamus laudantium odit ut doloribus sint voluptatem odit tempore. Velit reiciendis doloremque ipsa delectus voluptatem. Ut corrupti at quo voluptatem minus veniam earum magni. Repellat quod fuga porro.','Quisquam modi perferendis non ut quis voluptatem dolor quia. Nesciunt repellendus nesciunt quibusdam eos architecto laudantium laboriosam.','1','2012-09-10'),(42,81,'Harum odio laborum et id nobis alias et. Debitis architecto fuga repudiandae vero. Impedit et et minima quae.','Ea sunt quam labore quos. Eum quod ea facilis eum facere quae. Fugiat vel soluta hic ut a maxime quo sed.','3','2012-12-12'),(43,94,'Sed vero dolorem qui sunt officiis. Reprehenderit dolorem sed impedit quam labore pariatur. Quibusdam accusantium voluptatem maxime quis ipsa. In iste sed ducimus consequatur quod recusandae provident.','Laboriosam doloremque aut aut ullam. Distinctio repellendus aut at totam consequuntur aspernatur. Esse possimus dolor qui aut neque odit rem. Deleniti corporis quo ut asperiores repellat.','1','2019-08-19'),(44,30,'Et dicta qui voluptas expedita consequatur quasi. Harum aperiam rem ad consequatur tenetur odio. Ipsa qui deserunt rerum facilis quas.','Dolorem qui asperiores qui cupiditate provident rerum. Omnis recusandae est et. Quaerat repudiandae voluptas dolorem.','3','2011-01-20'),(45,67,'Voluptates quasi et nisi sunt voluptas quo itaque ipsam. Enim velit veniam inventore numquam occaecati et suscipit. Quasi consectetur at ut quaerat qui. Nostrum ipsa qui est dicta iusto laborum.','Commodi est quia numquam iure modi delectus nesciunt. Exercitationem rerum ut velit voluptas aspernatur voluptas amet.','2','2019-10-31'),(46,43,'Eveniet architecto sed qui et magnam et nam facere. Doloremque velit quidem ullam et. Tempora totam labore quaerat architecto delectus. Tempore est eos sit minus natus aut tempore.','Qui cum nulla id. Sunt debitis nemo aperiam enim. Quos accusantium tempore accusamus est fugiat.','2','2016-03-06'),(47,16,'Quidem illo et minus soluta ut dolorum qui. Aut culpa repellendus quam quae velit nihil. Rerum quasi omnis quod fugit omnis alias et. Totam iste ipsam et blanditiis voluptatem qui tenetur.','Hic et qui doloremque aut. Blanditiis illo quo ex quia quia occaecati accusamus.','3','2015-07-22'),(48,49,'Perspiciatis architecto commodi explicabo. Laudantium aspernatur commodi illum consequatur reprehenderit aut reiciendis. Itaque et ut numquam est maxime voluptas quos. Assumenda fugiat ullam est pariatur quidem illo.','Tenetur porro dolor et dolores omnis quos omnis. Voluptatem et veniam velit rerum. Dolor odit esse dolores dolor.','1','2018-05-18'),(49,98,'Assumenda laboriosam culpa odit dolores. Vel officia aut possimus dolorum ratione consequatur. Iste reprehenderit quaerat maxime quibusdam mollitia qui et.','Corrupti ducimus velit eligendi tempore. Omnis ad neque in magnam excepturi optio. Consequatur ipsa necessitatibus occaecati cumque ut.','3','2017-07-31'),(50,42,'Debitis voluptatem adipisci sunt corrupti. Id quos omnis ut voluptas voluptatum dignissimos. Dolor neque vel enim est recusandae dicta quis. Deserunt et ut impedit et iure architecto quis error.','Et recusandae id nihil iste et accusantium. Harum et et eum dolor voluptas. Sequi debitis amet consequatur nesciunt ipsa. Ullam qui voluptatem error blanditiis quis excepturi voluptatibus.','2','2014-04-24'),(51,17,'Eum temporibus est non quos molestias neque. Vero non quis quo asperiores in at. Qui corrupti qui tempore exercitationem. Placeat ut quis porro sequi quod suscipit dolores sit. Accusantium dolorem quidem dolorum qui repellendus rerum.','Dolorum similique quis magni atque. Quidem quam et quo nesciunt.','3','2018-10-25'),(52,58,'Deserunt quis quisquam architecto vero sit aut corporis. Numquam modi sequi necessitatibus vel ea molestias. Est eius odio illum recusandae molestiae repudiandae assumenda.','Adipisci voluptas et eos magnam. Soluta impedit mollitia aut pariatur. Reiciendis beatae quas dolor itaque quis voluptatem veniam voluptatem. Vel doloribus molestiae maiores perferendis.','2','2020-07-28'),(53,40,'Ea iste tempora aut voluptates tenetur. Hic amet omnis et quaerat. Ea sit quas nihil consequatur. Atque ratione et odit commodi et vitae eius.','Et numquam quae modi tempora quaerat. Nihil reprehenderit quo illum ab suscipit. Maxime ex nesciunt optio sit voluptates vel. Ipsam voluptatibus aut voluptatum omnis.','3','2018-09-19'),(54,23,'Et qui animi perferendis ea non aut totam. Explicabo praesentium assumenda et. Excepturi odio consequatur ipsum nemo ut.','Id dolorem cupiditate quia. Alias quia modi doloribus. Dolor quisquam optio rerum occaecati quaerat. Adipisci dolorem minus cupiditate.','3','2013-05-15'),(55,96,'Iure officiis et ducimus dolor sed. Dolores excepturi nihil rem voluptates earum facilis. Aliquid fuga quasi odit expedita.','Fugit illo voluptatem deleniti esse fugiat ipsa. Sunt nam iste deserunt ad. Optio rerum molestiae autem itaque. Aut autem iusto illum minima quia magnam.','1','2015-12-13'),(56,11,'Et blanditiis iste sit nihil eveniet. Voluptas voluptatem error voluptatem alias. Totam adipisci ut officia quo ut tempore. Rerum alias voluptatibus ea deleniti rerum nihil quaerat. Sit consequatur distinctio laborum libero.','Nesciunt quis officia repellendus ipsam commodi voluptates quasi recusandae. Aspernatur nihil voluptas omnis rem aliquam fuga perspiciatis amet. Qui et facere animi fugiat esse pariatur.','2','2018-10-08'),(57,65,'Est delectus tempora nam aut distinctio quasi. Maxime culpa consequatur facilis nobis eius iure laboriosam natus. Molestiae magnam corrupti sit omnis sint praesentium. Optio ut ad quis eos accusantium quasi.','Natus cum qui facere. Blanditiis cupiditate nihil reprehenderit et debitis similique doloremque ut.','1','2015-08-13'),(58,94,'Vel doloremque voluptatem qui veniam velit. Ea accusamus ratione impedit doloribus animi aut sit quae. Repellendus recusandae repellat iure illum nisi commodi. Aperiam ut laudantium ratione quis. Iste harum cumque ad reiciendis.','Quae odit quod quas quidem pariatur ratione ut. Dolorem debitis libero perferendis velit tempore totam illo. Aut qui aut eos adipisci at velit omnis.','3','2012-01-04'),(59,73,'Culpa voluptas quaerat et enim vitae. Recusandae corporis voluptatem quibusdam soluta. Error ut aliquid tempora.','Quisquam occaecati quae eum porro aperiam repudiandae delectus et. Velit sed pariatur porro a. Sit dicta atque perferendis quidem est eius.','1','2016-04-16'),(60,83,'Neque in ipsa ullam deleniti. Sint pariatur est distinctio sed est sint. Voluptatem quibusdam fugiat sequi optio sint tempora facere harum.','Aut odit ab eius magnam quo. Neque cupiditate pariatur non earum dignissimos sed. Soluta alias autem nostrum aut necessitatibus nostrum labore. Repudiandae vel delectus aut eveniet officia nostrum.','2','2019-02-26'),(61,95,'Praesentium odit ipsa accusantium dignissimos fugiat. Illo ad sapiente sit qui repellendus aut dicta.','Non quas quod omnis voluptates eius. Delectus non est placeat aut sit consectetur. Ad et et facilis ut.','1','2014-05-26'),(62,27,'Et rerum et tempore dolore. Modi rem ut voluptatem minima est consectetur. Dignissimos non quam fugit molestiae voluptas nisi corrupti accusantium.','Libero vel ex enim et quas placeat. Neque ipsa eius laborum reprehenderit quasi repellat et. Qui perspiciatis minima ut facilis. At voluptatem provident optio iusto ipsam.','3','2011-09-18'),(63,49,'Consequatur et fugit architecto recusandae sit id. Dolore cumque ipsa dolores iusto repudiandae. Esse commodi aliquid aut dolorum veritatis placeat.','Nobis eum eos ea quod. Unde inventore et perferendis non sit. Omnis suscipit modi tenetur sit. Eaque corrupti deleniti ex et.','1','2017-04-05'),(64,64,'Quasi accusantium dignissimos perferendis aut. Exercitationem velit quo perspiciatis ratione enim consectetur. Aut unde non eveniet molestias culpa. Et consequuntur vel assumenda deserunt magnam et.','Ut sint et rem necessitatibus dolore. Ipsum voluptates dolorum sit recusandae ducimus. Velit corrupti esse dolores laboriosam. Qui deserunt dolorum veritatis totam dolor.','1','2015-03-03'),(65,70,'Architecto deleniti quis quo laudantium et dignissimos perferendis. Corporis et totam repudiandae quod eum illo aperiam. Odio at eum voluptates.','Quia at ad voluptatibus explicabo nesciunt doloribus omnis sit. Quibusdam delectus quidem aliquid. Dolorem iusto id natus mollitia quia.','2','2015-02-26'),(66,60,'Nisi dolorem sit et quia nobis optio. Eius voluptatibus omnis rerum praesentium aut eveniet eos ducimus. Repellat voluptates cumque nihil non fugiat.','In porro dolores quibusdam et autem ea vitae. Ut ea minima ad blanditiis quibusdam porro. Id laborum eos necessitatibus error voluptatibus et qui.','3','2014-06-14'),(67,90,'Quisquam enim sapiente est voluptatum. Omnis commodi adipisci voluptatibus cum. Et rerum voluptatem nulla.','Libero sequi non modi mollitia sit iure facilis accusantium. Accusantium non laudantium est sed deleniti illo. Perspiciatis vitae provident ullam.','2','2012-08-26'),(68,70,'Pariatur ab accusantium provident assumenda. Tempora non quia illum velit. Sit non dicta velit sunt quam quis maxime maiores.','Hic neque rerum est aut cumque deserunt eveniet. Dignissimos vero quaerat magni nemo ab officia.','2','2012-10-27'),(69,77,'Omnis molestias reiciendis et aut vitae. Est quia alias doloribus fuga. Quia quae officiis perspiciatis amet blanditiis quia ea qui. Mollitia pariatur est in officia nemo et repellendus. Sit enim recusandae architecto.','Unde ab quaerat dolore accusantium a. Autem et iusto blanditiis aspernatur eaque necessitatibus. Nisi qui quo sapiente alias ullam vel est. Est aut officiis error explicabo.','3','2020-07-24'),(70,74,'Accusantium deserunt nobis voluptatibus laboriosam est ut sequi ad. Eligendi quia magni mollitia delectus nemo. Quia incidunt consectetur est veniam quam et distinctio.','Et quam tempore et. Ut voluptatem quos pariatur quo nesciunt enim quibusdam. Aliquid est et quo. Praesentium enim id sunt natus omnis.','3','2019-12-15'),(71,38,'Aut consectetur facere fugiat ullam. In voluptas laboriosam quaerat. Debitis non est modi quam ut ut. Commodi veniam ipsa quae qui.','Eum voluptate voluptas autem quis quas in tenetur. Aut libero sed qui quia quis.','3','2011-06-21'),(72,69,'Molestiae cum sapiente dolores dolore. Reprehenderit atque occaecati ut beatae tempore occaecati ab. Eaque et consequatur culpa quia. Quis enim in amet aut perspiciatis. Rem sunt laudantium dolor rerum.','Aut tempora qui quia delectus. Laudantium aliquid optio eaque unde quisquam. Ut animi consequatur et.','1','2015-06-21'),(73,29,'Labore repudiandae qui vel. Sed magnam at quo accusamus est et consectetur. A dicta rerum dolore quam aspernatur dolores. Et consequatur cupiditate perspiciatis doloremque ad.','Et culpa voluptatem qui praesentium explicabo ut. Tempore iure est quaerat doloremque soluta distinctio. Sit ipsam iusto eos ipsa assumenda quibusdam. Est error ea odit porro.','1','2011-04-21'),(74,39,'Laboriosam quam sint laborum soluta quidem dolor. Consequuntur qui nulla voluptas adipisci.','Accusamus nam omnis quia accusamus earum et soluta. Autem et neque assumenda cupiditate ab. Pariatur eligendi ea architecto. Non nostrum fugiat explicabo explicabo distinctio.','3','2015-12-09'),(75,5,'Numquam officiis cumque laboriosam. Repudiandae est molestias dolore reprehenderit quia. Iste nihil consequatur quos mollitia mollitia ut reprehenderit.','Ipsum eum ipsa consectetur ut esse. Est excepturi nobis aspernatur eaque harum magni. Molestias voluptas repellat voluptate beatae sit.','1','2012-01-15'),(76,9,'Consequuntur rerum est rerum eos labore. Ut voluptatem velit esse saepe praesentium. Et omnis dicta et quia ad. Accusantium facilis adipisci et ea exercitationem amet aliquam.','Odit eos aut itaque vel. Pariatur aliquam in aut non corrupti.','1','2020-04-12'),(77,31,'Deserunt earum autem sequi ex autem. Necessitatibus quos molestiae soluta aut est error. Qui ut natus velit minus voluptatum.','Autem labore voluptatem molestiae qui officia. Ut odio eum soluta nulla qui sunt. Deleniti sit consequatur distinctio tempore repellat.','3','2014-03-11'),(78,28,'Aspernatur enim nulla assumenda et ipsum rerum. Qui deleniti deserunt qui facilis sit repellendus temporibus ut. Accusamus autem magnam magnam aperiam voluptas error similique dolorum.','Dolore in qui quod aliquid amet veritatis in ut. Unde aut quasi sed aut explicabo velit assumenda. Molestias reiciendis ullam cumque impedit illum non.','1','2019-06-17'),(79,47,'Ut sapiente dicta expedita harum quia. Ut ut eius nihil aut qui nihil. Officia expedita commodi quidem est sit iusto cupiditate.','Est ut numquam quia repellat inventore. Voluptas delectus tenetur voluptatem voluptatem sed aperiam consectetur est. Ut adipisci nulla sequi. Ut distinctio error non.','2','2017-06-14'),(80,48,'Quibusdam aspernatur veritatis eveniet similique sint qui dolores ipsam. Eos rerum ab magnam voluptatibus consequuntur qui non. Vero recusandae nisi quam optio cupiditate.','Molestiae labore mollitia voluptatem rerum ut repudiandae est. Et similique officiis fugit minima id dolorem. Aut odio numquam harum temporibus esse eaque.','3','2014-03-24'),(81,97,'Nihil fugit aut officia quo. Accusantium nobis nostrum officia hic voluptas ut. Debitis et voluptate eaque omnis et et. Quis ut accusantium magnam non quidem consequatur porro.','Et numquam modi recusandae. Est voluptatem eius cumque quia molestiae sapiente.','3','2016-06-13'),(82,44,'Eum quidem repellat inventore id provident odio. Nostrum quam consectetur voluptatem rem. Voluptatibus quod nulla expedita esse ipsa quasi. Error accusantium ad repellat pariatur laborum praesentium consequatur.','Sint eius a nesciunt. Ea mollitia vitae similique aut minima aut molestiae. Accusantium delectus voluptas fugit minima nisi. Dolores laboriosam fugiat nobis nihil ut est.','1','2012-05-15'),(83,28,'Est excepturi odio necessitatibus et quo. Sed odit eos magnam dolores eligendi quidem sequi. Quod quas earum adipisci et aut doloremque. Dolorem cumque temporibus dolorum quisquam. Quia suscipit dolores doloribus.','Id animi qui similique accusamus voluptas. Hic eligendi doloribus nihil aut. Ut autem aut dolore voluptate quos. Amet harum ex at provident vel non.','1','2017-02-28'),(84,6,'Architecto enim amet perspiciatis sint cum culpa cupiditate. Occaecati repellat at molestiae. Quos et repellendus dolorum dolorum exercitationem sunt.','Aspernatur rem explicabo aperiam ex tempora doloremque et. Non fugiat quae impedit dignissimos a voluptatem magnam. Excepturi minima ut est.','3','2014-04-02'),(85,47,'Magnam consectetur nobis reprehenderit odio modi illum. Magnam maxime nulla voluptates. Similique veritatis fugiat odio. Labore neque incidunt quis voluptatem repellat totam. Asperiores et pariatur beatae eum eaque ut ducimus.','Optio facere voluptates velit ipsum. Quia ut tempora pariatur impedit. Aspernatur corrupti maxime similique eos.','3','2011-09-13'),(86,16,'Molestiae culpa maxime cupiditate perspiciatis ex qui corporis earum. Alias voluptatibus occaecati laudantium et deleniti. Consequatur iure qui eveniet facilis.','Laudantium esse ab maxime labore nesciunt iste. Quae itaque possimus quia quasi voluptates eaque aliquam. Omnis dicta occaecati officia modi necessitatibus.','1','2019-02-23'),(87,37,'Ut quas suscipit dicta possimus temporibus. Amet occaecati repudiandae reiciendis nostrum et velit. Corrupti non et molestiae non dignissimos.','Doloremque quia dolorem repudiandae et tenetur quam vitae. Omnis excepturi harum odit ratione sit quis quos. Voluptas quam est quis neque. Qui ratione nulla commodi et quam sed harum.','1','2013-12-27'),(88,39,'Aliquam error dolores consequuntur magni expedita ab at. Et ut itaque et debitis voluptatibus fugiat. Ratione est numquam doloribus recusandae tempore vitae neque.','Harum nulla incidunt eos et. Necessitatibus ut consequatur maiores ab minima.','2','2016-06-03'),(89,81,'Adipisci facere ad officiis et iure recusandae perspiciatis. Et vel voluptatibus quia explicabo incidunt et. Illum magni quam molestiae vero ipsum cum.','Qui laboriosam voluptas quam iusto dignissimos. Laudantium in mollitia est repudiandae. Consequatur qui deserunt sint natus. Mollitia vel laudantium pariatur sint nulla iste et.','2','2018-05-30'),(90,87,'Sed unde in officiis. Asperiores a velit voluptates consectetur molestiae quia. Sapiente at quas id nulla. Deleniti doloremque nemo amet perferendis voluptatem.','Quae eveniet sit est porro voluptates. Reiciendis quo nihil molestias voluptatibus quia nulla labore. Molestiae quia maiores qui beatae deserunt asperiores accusantium.','3','2016-12-06'),(91,92,'Eum quia animi aut similique. Unde deserunt modi labore et repellendus provident sed. Iste nisi aut sed asperiores inventore. Necessitatibus facere cupiditate eius rerum fuga voluptas cupiditate quos.','Ab nesciunt omnis autem aut. Laudantium officiis sapiente reprehenderit corporis necessitatibus autem. Nobis dolorum commodi illo et culpa similique eaque.','3','2020-02-23'),(92,100,'Corrupti qui illo et quisquam modi ducimus facere. Doloribus cupiditate est aliquam. Deleniti doloremque laudantium autem ea eos rerum sed.','Similique ut qui pariatur natus esse qui officiis. Quae ut quis sit libero ut. Expedita sapiente enim quod quis.','2','2020-08-25'),(93,22,'Quo accusantium consequuntur id. Corporis dolor cupiditate qui officia alias.','Incidunt reprehenderit ipsum architecto. Suscipit nisi distinctio sit sint omnis porro perspiciatis. Atque culpa nemo blanditiis ea minima minus harum.','1','2016-07-15'),(94,11,'Quaerat inventore cupiditate eum vel veritatis molestiae distinctio. Explicabo libero quam nihil accusamus ad cupiditate. Sit soluta earum id et numquam distinctio ea.','Officia maxime nobis blanditiis sunt sed dolor iure. Voluptatem hic sapiente voluptatum iusto porro at. Qui ut id officia expedita sit.','3','2015-12-26'),(95,89,'Omnis illum consectetur voluptatum qui. Voluptas cum neque veniam. Illo harum repellendus occaecati sint sed quisquam.','Enim laborum quasi nulla qui. Dolores dolorem necessitatibus rerum explicabo animi eaque ut. Nam dolor perspiciatis accusantium et ut a. Ullam dolores quam eligendi harum et qui.','3','2016-05-04'),(96,10,'Sed velit distinctio occaecati. Ducimus occaecati rerum repellendus corrupti officia explicabo magni. Commodi repellat sed nobis voluptatibus adipisci.','Totam sequi consequatur sapiente. Vitae et vel at aut est ut quis. Vel voluptates consequatur et. Animi ut hic blanditiis dolor perspiciatis praesentium.','3','2010-11-03'),(97,81,'Iusto minima est enim minima quasi sint. Repellat et laudantium dolorem quia pariatur culpa. Dolore et repellat et voluptates. At ea et dolores distinctio voluptatum harum.','Non facere vitae nam. Suscipit est aut consectetur repudiandae. Excepturi et eligendi dolores sunt ullam. Dolores sint mollitia ipsum nihil fugiat nam deserunt repudiandae.','3','2015-06-18'),(98,77,'Omnis consequuntur sit numquam accusamus nemo. Sunt dolore et iste tempore voluptas sed harum. Velit voluptate sapiente dolores non expedita tempora. Ipsa nihil et velit architecto. Quia rem consequatur assumenda eius ipsa itaque dolor.','Sunt quis quo et illo laudantium. Ipsam fuga molestiae odit autem iusto omnis non. Sequi harum qui neque ab delectus cum ad. Exercitationem voluptas nisi eum voluptate.','3','2012-08-07'),(99,43,'Cum quia non ut omnis. Non officiis hic et possimus. Ut ut pariatur fugit dolores quisquam. Fugiat fuga eius perspiciatis ea.','Perspiciatis est sint minima sequi. Et recusandae provident rerum nihil. Velit reprehenderit ut quas accusantium velit quas.','2','2017-06-12'),(100,80,'Quaerat maiores non necessitatibus ipsum voluptatum. Vitae sed sint odit sed aut maiores. Voluptatem adipisci quam voluptate in sed blanditiis quibusdam.','Nulla consequatur consequuntur maiores deserunt esse ut. Quaerat ipsa cumque totam quam incidunt. Eum vero expedita tempora adipisci dolorem.','1','2016-11-08');
/*!40000 ALTER TABLE `posts` ENABLE KEYS */;
UNLOCK TABLES;

--
-- Table structure for table `profiles`
--

DROP TABLE IF EXISTS `profiles`;
/*!40101 SET @saved_cs_client     = @@character_set_client */;
/*!40101 SET character_set_client = utf8 */;
CREATE TABLE `profiles` (
  `user_id` int unsigned NOT NULL,
  `gender` char(1) CHARACTER SET utf8 COLLATE utf8_unicode_ci NOT NULL,
  `birthday` date DEFAULT NULL,
  `photo_id` int unsigned DEFAULT NULL,
  `city` varchar(130) CHARACTER SET utf8 COLLATE utf8_unicode_ci DEFAULT NULL,
  `country` varchar(130) CHARACTER SET utf8 COLLATE utf8_unicode_ci DEFAULT NULL,
  `created_at` datetime DEFAULT CURRENT_TIMESTAMP,
  `updated_at` datetime DEFAULT CURRENT_TIMESTAMP ON UPDATE CURRENT_TIMESTAMP,
  PRIMARY KEY (`user_id`)
) ENGINE=InnoDB DEFAULT CHARSET=utf8 COLLATE=utf8_unicode_ci;
/*!40101 SET character_set_client = @saved_cs_client */;

--
-- Dumping data for table `profiles`
--

LOCK TABLES `profiles` WRITE;
/*!40000 ALTER TABLE `profiles` DISABLE KEYS */;
INSERT INTO `profiles` VALUES (1,'f','1979-11-06',42,'Lake Cierrafort','Latvia','2013-11-19 06:39:56','2020-08-25 21:09:49'),(2,'f','2016-01-17',68,'Port Josianeberg','Uruguay','2016-07-08 11:41:15','2020-08-25 21:09:49'),(3,'f','1983-03-04',15,'New Rozellamouth','Seychelles','2011-04-04 09:10:29','2020-08-25 21:09:49'),(4,'m','2002-11-25',71,'Trantowchester','Korea','2012-07-12 07:04:49','2020-08-25 21:09:49'),(5,'f','1983-07-01',8,'South Margarettaville','Mauritius','2014-09-09 18:49:27','2020-08-25 21:09:49'),(6,'m','2002-12-15',25,'West Serena','Cyprus','2018-09-29 02:04:15','2020-08-25 21:09:49'),(7,'f','1989-02-15',3,'Port Devynborough','Estonia','2016-10-12 00:02:08','2020-08-25 21:09:49'),(8,'f','2001-05-31',37,'Wehnerchester','Kenya','2012-11-24 13:08:23','2020-08-25 21:09:49'),(9,'f','1972-02-07',79,'Port Frederique','Faroe Islands','2011-09-12 21:11:01','2020-08-25 21:09:49'),(10,'f','1977-06-25',81,'West Soledad','Cambodia','2012-04-11 07:36:54','2020-08-25 21:09:49'),(11,'f','1994-05-12',68,'South Blazechester','Namibia','2013-05-19 02:12:23','2020-08-25 21:09:49'),(12,'f','1997-03-30',97,'West Zula','Nigeria','2013-10-10 03:56:36','2020-08-25 21:09:49'),(13,'f','2012-11-30',81,'Lake Malvina','Aruba','2018-03-08 22:02:14','2020-08-25 21:09:49'),(14,'m','1980-06-21',14,'West Juwanmouth','Pakistan','2013-12-21 14:54:37','2020-08-25 21:09:49'),(15,'f','2012-07-28',26,'East Elvis','Papua New Guinea','2015-07-19 15:07:42','2020-08-25 21:09:49'),(16,'f','1992-06-17',87,'Donnellyton','Micronesia','2013-04-17 19:39:36','2020-08-25 21:09:49'),(17,'m','1980-10-22',56,'Boscoland','Taiwan','2015-01-17 08:30:15','2020-08-25 21:09:49'),(18,'f','1988-03-08',20,'South Porterberg','Pakistan','2018-07-06 21:19:19','2020-08-25 21:09:49'),(19,'f','2012-05-26',31,'West Jessy','Vietnam','2014-07-12 22:09:47','2020-08-25 21:09:49'),(20,'f','2019-09-24',95,'Port Jakayla','Vietnam','2016-08-01 07:41:22','2020-08-25 21:09:49'),(21,'m','2019-07-01',81,'Vicentaville','Qatar','2014-07-06 10:14:09','2020-08-25 21:09:49'),(22,'f','2001-05-13',19,'Danikabury','Sudan','2013-05-17 13:41:24','2020-08-25 21:09:49'),(23,'m','2003-02-20',50,'Alvinafurt','Sudan','2019-02-25 04:00:09','2020-08-25 21:09:49'),(24,'m','2003-08-26',96,'Lake Bridgette','Iran','2015-12-03 22:10:51','2020-08-25 21:09:49'),(25,'f','1997-10-05',27,'Port Laverna','Kiribati','2015-08-09 01:48:40','2020-08-25 21:09:49'),(26,'f','2009-05-27',46,'Cameronside','Chile','2011-08-13 09:03:15','2020-08-25 21:09:49'),(27,'f','1995-09-25',49,'South Foresthaven','French Southern Territories','2012-05-20 08:03:35','2020-08-25 21:09:49'),(28,'f','1997-04-13',8,'Port Devante','Bhutan','2012-11-22 10:14:28','2020-08-25 21:09:49'),(29,'f','1994-03-11',92,'West Merlin','United States Minor Outlying Islands','2014-03-13 01:34:59','2020-08-25 21:09:49'),(30,'f','1978-08-14',35,'Donavonview','Zambia','2012-01-14 19:32:01','2020-08-25 21:09:49'),(31,'f','2012-05-23',100,'North Bradfordmouth','Cuba','2016-11-20 17:46:39','2020-08-25 21:09:49'),(32,'f','1983-01-11',94,'Gleasonview','United States Minor Outlying Islands','2014-10-24 22:12:22','2020-08-25 21:09:49'),(33,'m','1994-09-10',71,'Lake Norvalhaven','Greenland','2019-07-04 19:00:18','2020-08-25 21:09:49'),(34,'f','1981-11-30',70,'Evelineberg','Korea','2012-01-08 09:08:36','2020-08-25 21:09:49'),(35,'m','2013-11-11',38,'North Spencer','Sudan','2019-04-21 04:32:43','2020-08-25 21:09:49'),(36,'f','1985-03-02',79,'Trantowfurt','Cuba','2016-05-21 04:57:21','2020-08-25 21:09:49'),(37,'f','1981-04-25',80,'Port Gerdaton','Paraguay','2017-11-04 05:19:30','2020-08-25 21:09:49'),(38,'m','1982-12-11',61,'East Sidville','Finland','2010-09-10 12:04:35','2020-08-25 21:09:49'),(39,'m','1973-05-06',68,'Brandonside','Mayotte','2012-07-18 21:49:36','2020-08-25 21:09:49'),(40,'f','1994-10-27',54,'O\'Konland','United States of America','2011-08-23 10:05:52','2020-08-25 21:09:49'),(41,'f','1973-06-04',68,'Cummerataburgh','Bosnia and Herzegovina','2012-10-22 17:06:25','2020-08-25 21:09:49'),(42,'f','1995-03-20',74,'Lake Rafaela','Saint Barthelemy','2011-10-10 20:27:16','2020-08-25 21:09:49'),(43,'f','1971-09-15',68,'Lake Meaghan','Kenya','2020-07-31 15:35:55','2020-08-25 21:09:49'),(44,'m','1980-12-24',19,'Isaiahton','Falkland Islands (Malvinas)','2017-09-12 19:43:37','2020-08-25 21:09:49'),(45,'f','1988-09-02',89,'East Ewellland','Benin','2016-05-04 04:09:33','2020-08-25 21:09:49'),(46,'m','1989-02-03',87,'Collierport','Liechtenstein','2018-10-02 06:59:15','2020-08-25 21:09:49'),(47,'m','2013-09-04',66,'Nannieview','Honduras','2015-03-10 15:47:50','2020-08-25 21:09:49'),(48,'m','1973-05-12',69,'Ressieville','Kyrgyz Republic','2010-09-28 16:47:01','2020-08-25 21:09:49'),(49,'m','2017-07-11',47,'Odellchester','Norway','2019-03-04 20:44:43','2020-08-25 21:09:49'),(50,'m','1977-10-13',28,'Dejontown','Tajikistan','2013-03-19 04:50:01','2020-08-25 21:09:49'),(51,'f','1992-09-24',99,'Schuylerville','Tuvalu','2016-11-25 11:12:57','2020-08-25 21:09:49'),(52,'f','2002-02-08',11,'East Flossie','Belize','2013-04-15 03:49:05','2020-08-25 21:09:49'),(53,'m','1984-05-10',59,'Charlesport','Uganda','2019-02-02 10:03:34','2020-08-25 21:09:49'),(54,'f','2001-10-04',59,'O\'Harafort','Lebanon','2018-10-31 19:32:11','2020-08-25 21:09:49'),(55,'f','1974-11-08',20,'Skilesfort','Kuwait','2015-04-13 02:49:02','2020-08-25 21:09:49'),(56,'m','1999-02-20',22,'Wolfhaven','Antarctica (the territory South of 60 deg S)','2019-07-02 07:34:04','2020-08-25 21:09:49'),(57,'m','1977-04-06',48,'McDermottton','Sao Tome and Principe','2019-10-24 00:35:06','2020-08-25 21:09:49'),(58,'m','1972-10-30',72,'North Mohammed','Ireland','2017-08-09 04:27:55','2020-08-25 21:09:49'),(59,'f','1993-09-21',18,'West Mable','Heard Island and McDonald Islands','2018-07-14 23:05:36','2020-08-25 21:09:49'),(60,'m','1972-08-24',71,'Lake Alexiemouth','Belize','2013-12-25 18:04:28','2020-08-25 21:09:49'),(61,'m','1992-12-08',2,'Astridfort','Japan','2017-12-04 00:58:00','2020-08-25 21:09:49'),(62,'m','1973-08-07',95,'Weimannton','Tokelau','2011-12-09 18:54:22','2020-08-25 21:09:49'),(63,'m','1985-08-14',70,'Lake Ramona','Switzerland','2013-10-04 12:16:05','2020-08-25 21:09:49'),(64,'m','2017-02-24',64,'New Carmela','Albania','2013-10-31 15:46:59','2020-08-25 21:09:49'),(65,'m','1973-09-04',8,'North Chanelfurt','Guinea','2014-07-22 11:10:01','2020-08-25 21:09:49'),(66,'m','1996-11-04',47,'North Gerardfurt','Liberia','2019-10-06 10:24:39','2020-08-25 21:09:49'),(67,'m','2001-11-15',10,'West Hallie','Senegal','2016-03-01 14:49:31','2020-08-25 21:09:49'),(68,'m','1970-04-05',12,'Bahringerville','Gabon','2019-07-05 00:24:43','2020-08-25 21:09:49'),(69,'f','2002-04-09',26,'North Herman','Poland','2015-10-24 17:21:58','2020-08-25 21:09:49'),(70,'m','1992-08-05',94,'South Frances','Barbados','2011-01-26 09:29:25','2020-08-25 21:09:49'),(71,'f','1978-11-18',92,'Port Maynardstad','Gibraltar','2014-05-25 05:38:58','2020-08-25 21:09:49'),(72,'m','1996-01-11',76,'Julianamouth','Bolivia','2015-05-16 05:24:06','2020-08-25 21:09:49'),(73,'m','2011-10-11',3,'North Elifort','Micronesia','2014-07-02 16:49:59','2020-08-25 21:09:49'),(74,'f','2017-08-13',87,'Port Faustoborough','Venezuela','2020-06-29 10:21:21','2020-08-25 21:09:49'),(75,'f','1994-08-14',26,'East Daryl','Svalbard & Jan Mayen Islands','2019-01-17 04:38:34','2020-08-25 21:09:49'),(76,'m','2007-03-28',70,'North Aliahaven','Chile','2011-11-03 00:19:28','2020-08-25 21:09:49'),(77,'f','1977-05-02',72,'Alisahaven','Saint Lucia','2018-01-22 15:40:29','2020-08-25 21:09:49'),(78,'m','2010-05-23',48,'Brownberg','Norfolk Island','2016-11-17 18:22:18','2020-08-25 21:09:49'),(79,'m','2007-07-10',25,'New Paul','Jersey','2018-09-16 21:00:12','2020-08-25 21:09:49'),(80,'f','1996-07-06',79,'Alexandraland','Ethiopia','2014-02-07 10:11:04','2020-08-25 21:09:49'),(81,'f','2013-01-01',20,'South Jarrettville','Gabon','2016-12-08 03:40:02','2020-08-25 21:09:49'),(82,'f','1980-08-06',62,'West Roberto','Cape Verde','2015-05-26 06:10:59','2020-08-25 21:09:49'),(83,'f','1998-11-26',50,'North Mollieberg','Italy','2015-04-08 22:53:29','2020-08-25 21:09:49'),(84,'f','1971-03-11',65,'Augustineberg','Anguilla','2016-07-01 05:04:31','2020-08-25 21:09:49'),(85,'f','2014-09-01',72,'Pietrofurt','Ecuador','2015-09-18 07:01:32','2020-08-25 21:09:49'),(86,'f','1970-12-20',64,'Bradenfort','Zambia','2018-12-06 21:18:28','2020-08-25 21:09:49'),(87,'f','1976-07-20',3,'Jamalstad','Faroe Islands','2014-03-27 01:05:12','2020-08-25 21:09:49'),(88,'m','2009-03-10',22,'West Montyside','Syrian Arab Republic','2011-02-01 20:45:32','2020-08-25 21:09:49'),(89,'f','2004-10-12',3,'West Nadia','Andorra','2012-07-25 14:20:19','2020-08-25 21:09:49'),(90,'f','1984-11-04',45,'Rohanmouth','Montserrat','2020-06-29 23:24:13','2020-08-25 21:09:49'),(91,'m','1991-10-16',19,'West Lavinaburgh','Croatia','2019-08-30 19:51:29','2020-08-25 21:09:49'),(92,'f','2011-02-17',59,'Port Zeldachester','Mexico','2016-06-06 21:45:19','2020-08-25 21:09:49'),(93,'m','2012-07-07',37,'Tremblayhaven','Afghanistan','2015-05-03 10:49:42','2020-08-25 21:09:49'),(94,'f','1994-08-04',5,'Ashlynnshire','Svalbard & Jan Mayen Islands','2013-09-24 23:38:16','2020-08-25 21:09:49'),(95,'f','1988-06-04',17,'New Abelardoville','Trinidad and Tobago','2017-12-12 13:35:49','2020-08-25 21:09:49'),(96,'f','1980-07-30',69,'Bergnaumton','Zambia','2011-05-31 22:42:25','2020-08-25 21:09:49'),(97,'m','2007-03-08',94,'Lake Gerardo','Greenland','2013-10-24 19:55:56','2020-08-25 21:09:49'),(98,'m','2013-12-26',62,'Port Jodieland','Burundi','2010-10-17 23:41:07','2020-08-25 21:09:49'),(99,'m','1989-01-13',29,'Port Taureanstad','Bhutan','2019-06-07 00:30:06','2020-08-25 21:09:49'),(100,'f','1994-01-24',58,'Predovicshire','Aruba','2012-12-31 02:50:52','2020-08-25 21:09:49');
/*!40000 ALTER TABLE `profiles` ENABLE KEYS */;
UNLOCK TABLES;

--
-- Table structure for table `users`
--

DROP TABLE IF EXISTS `users`;
/*!40101 SET @saved_cs_client     = @@character_set_client */;
/*!40101 SET character_set_client = utf8 */;
CREATE TABLE `users` (
  `id` int unsigned NOT NULL AUTO_INCREMENT,
  `first_name` varchar(100) CHARACTER SET utf8 COLLATE utf8_unicode_ci NOT NULL,
  `last_name` varchar(100) CHARACTER SET utf8 COLLATE utf8_unicode_ci NOT NULL,
  `email` varchar(100) CHARACTER SET utf8 COLLATE utf8_unicode_ci NOT NULL,
  `phone` varchar(100) CHARACTER SET utf8 COLLATE utf8_unicode_ci NOT NULL,
  `created_at` datetime DEFAULT CURRENT_TIMESTAMP,
  `updated_at` datetime DEFAULT CURRENT_TIMESTAMP ON UPDATE CURRENT_TIMESTAMP,
  PRIMARY KEY (`id`),
  UNIQUE KEY `email` (`email`),
  UNIQUE KEY `phone` (`phone`)
) ENGINE=InnoDB AUTO_INCREMENT=101 DEFAULT CHARSET=utf8 COLLATE=utf8_unicode_ci;
/*!40101 SET character_set_client = @saved_cs_client */;

--
-- Dumping data for table `users`
--

LOCK TABLES `users` WRITE;
/*!40000 ALTER TABLE `users` DISABLE KEYS */;
INSERT INTO `users` VALUES (1,'Otto','Schmitt','donald71@example.org','943-138-7915','2013-11-03 22:26:00','2019-04-09 15:24:15'),(2,'Lila','Bins','chaim.waelchi@example.net','1-922-362-1920x708','2018-06-15 17:17:07','2020-08-25 17:22:05'),(3,'Frederique','Zboncak','vincenzo77@example.org','(501)528-7060','2016-06-17 05:46:48','2020-08-25 17:22:05'),(4,'Toni','Predovic','carroll.fletcher@example.com','05999389060','2012-10-02 10:36:21','2016-12-10 01:37:53'),(5,'Cali','Rath','maxie69@example.net','457-421-7440','2011-10-03 19:02:29','2017-01-13 12:50:48'),(6,'Janice','Nicolas','heller.haylie@example.net','04344005041','2011-10-24 04:56:22','2020-08-25 17:22:05'),(7,'Ubaldo','Schaefer','batz.chauncey@example.com','552.356.3295x22910','2015-02-14 13:26:17','2020-01-19 12:18:14'),(8,'Ebony','Sawayn','burley51@example.com','622-925-3390x8106','2011-01-03 13:59:09','2014-10-18 03:55:49'),(9,'Octavia','Cummerata','padberg.freddie@example.org','(868)131-9103x3675','2010-11-28 19:38:22','2020-03-05 20:30:53'),(10,'Merle','Tremblay','aufderhar.agustin@example.com','826-886-1251x335','2017-11-15 09:04:52','2020-08-25 17:22:05'),(11,'Moses','Herzog','madisen16@example.com','+68(3)0029215420','2011-04-23 03:18:05','2012-04-27 22:41:29'),(12,'Dock','O\'Keefe','lferry@example.org','1-154-928-6691x60597','2015-02-28 03:06:16','2020-08-25 17:22:05'),(13,'Kylie','Hirthe','bria.cormier@example.net','979.264.8715x07075','2011-12-05 14:17:29','2015-09-15 10:16:01'),(14,'Carol','O\'Conner','abeahan@example.net','(848)232-4312x2064','2019-09-25 13:33:33','2020-08-25 17:22:05'),(15,'Cecile','Ledner','tbahringer@example.net','1-758-107-5396x951','2020-01-23 17:52:32','2020-08-25 17:22:05'),(16,'Aurelia','Barrows','amira.hartmann@example.net','570-756-1039x41065','2012-10-22 10:33:20','2019-08-13 14:35:26'),(17,'Baylee','Kemmer','gsipes@example.com','(972)962-0611x060','2019-05-01 11:05:08','2020-08-25 17:22:05'),(18,'Stephany','Schmeler','barbara.dicki@example.org','1-606-368-1728x94696','2019-08-20 10:41:16','2020-08-25 17:22:05'),(19,'Kyler','Daniel','daisy.fisher@example.net','1-377-168-6165x25664','2016-03-31 09:02:06','2020-08-25 17:22:05'),(20,'Faustino','Kling','deborah.o\'reilly@example.org','737-345-9609','2016-02-28 14:08:00','2020-08-25 17:22:05'),(21,'Wallace','Gutkowski','maci59@example.com','1-948-234-6877x863','2017-12-10 03:18:44','2020-08-25 17:22:05'),(22,'Emanuel','Walker','jefferey65@example.org','+26(2)0066506678','2016-05-03 08:01:01','2018-05-04 03:37:29'),(23,'Hobart','Reynolds','jeromy02@example.com','(582)707-8825x2542','2013-01-03 20:17:46','2020-08-25 17:22:05'),(24,'Clemens','Fay','gutkowski.johnpaul@example.com','1-627-402-1480x63087','2019-05-13 10:13:35','2020-08-25 17:22:05'),(25,'Mariam','Gleason','heber24@example.org','(148)212-3130x59396','2019-01-21 23:05:14','2020-08-25 17:22:05'),(26,'Amaya','Hessel','windler.mattie@example.net','221-191-5114x73486','2011-08-22 18:45:08','2020-08-25 17:22:05'),(27,'Leda','Borer','uschaden@example.net','(445)093-3210','2013-05-16 04:14:10','2015-11-16 16:44:27'),(28,'Yesenia','O\'Conner','zoey33@example.com','(610)742-7890','2019-12-29 22:07:01','2020-08-25 17:22:05'),(29,'Izabella','Bogisich','jarrod.cassin@example.com','647.043.7066','2011-09-26 21:48:26','2012-03-08 00:03:33'),(30,'Alexa','Will','dianna.hand@example.net','628.117.0847','2011-05-13 11:10:15','2020-08-25 17:22:05'),(31,'Jamarcus','Heidenreich','soledad.bruen@example.net','625.790.1558','2011-09-19 14:49:58','2017-01-05 07:32:26'),(32,'Aidan','Jones','dandre.ratke@example.net','(035)698-9923x6649','2013-07-25 19:43:20','2020-08-25 17:22:05'),(33,'Koby','Yundt','trunolfsdottir@example.com','687-408-2409','2015-10-23 08:02:48','2016-09-21 07:02:34'),(34,'Earnest','Kirlin','taryn94@example.org','03455649824','2018-07-28 15:14:42','2020-08-25 17:22:05'),(35,'Allie','McClure','verla57@example.com','497.975.1061x9132','2014-03-29 17:02:45','2015-02-09 18:17:21'),(36,'Taurean','Mosciski','stroman.garrison@example.net','1-735-271-1096x084','2013-09-23 17:09:03','2017-08-29 21:20:48'),(37,'Carli','Kiehn','sigmund.padberg@example.org','1-845-633-1406','2013-02-22 11:32:52','2015-11-13 23:02:09'),(38,'Earline','Raynor','davis.quincy@example.org','1-691-958-4935x50230','2013-05-29 13:27:44','2015-11-09 19:35:29'),(39,'Elza','Pfannerstill','sawayn.dane@example.com','(616)213-5153x523','2017-07-30 05:03:13','2020-08-25 17:22:05'),(40,'Wilbert','Bernhard','aidan63@example.com','(764)378-1139x27638','2016-03-27 11:50:36','2018-11-18 19:31:40'),(41,'Heath','Dibbert','ostanton@example.org','280.238.7275x113','2013-03-27 03:27:51','2017-04-27 17:32:51'),(42,'Ed','Becker','duncan.gaylord@example.net','(576)287-3981x1905','2011-08-25 05:45:22','2014-01-23 11:05:31'),(43,'Lura','Fadel','lhaley@example.com','08578309498','2017-12-12 07:33:43','2020-08-25 17:22:05'),(44,'Candelario','Strosin','jd\'amore@example.net','716-977-3119','2016-04-09 17:11:38','2020-05-08 09:59:02'),(45,'Ward','Huel','ckuhlman@example.com','824.472.0353','2016-01-26 07:18:00','2020-08-25 17:22:05'),(46,'Louvenia','Wolf','carlo51@example.org','1-337-640-4263x0162','2010-12-24 19:22:50','2019-04-28 03:58:18'),(47,'Caleigh','Rath','alexandrine78@example.net','686.813.6625x552','2015-11-25 19:17:02','2020-08-25 17:22:05'),(48,'Nathanial','Fisher','mariane.kreiger@example.org','597-215-9063x337','2011-03-21 19:30:17','2020-03-31 07:00:07'),(49,'Ella','Wisoky','rmarks@example.net','1-019-717-6092x23441','2012-01-05 05:22:59','2020-08-25 17:22:05'),(50,'Reuben','Stokes','fannie.hoppe@example.com','878-532-5640x08779','2012-09-09 00:37:52','2020-08-25 17:22:05'),(51,'Wiley','Morar','chandler12@example.com','1-156-858-7673','2018-08-13 09:27:49','2020-08-25 17:22:05'),(52,'Anne','Emmerich','fweber@example.net','(881)873-2723','2019-03-23 09:20:15','2020-08-25 17:22:05'),(53,'Elyssa','Abbott','myron.nitzsche@example.net','01487227553','2019-03-15 02:00:56','2020-08-25 17:22:05'),(54,'Beau','Funk','dfay@example.com','09186124463','2017-10-15 21:05:05','2020-08-25 17:22:05'),(55,'Heath','Bashirian','leffler.enoch@example.org','(758)027-6441','2011-10-04 00:27:13','2016-12-25 17:45:22'),(56,'Gennaro','Huel','little.agustina@example.com','(350)168-9352','2015-06-27 15:52:42','2015-12-15 18:14:39'),(57,'Dora','Blanda','greenholt.juwan@example.net','(745)770-4670x079','2020-03-23 06:58:40','2020-08-25 17:22:05'),(58,'Muriel','Gaylord','wilford17@example.org','(370)839-5736x1568','2013-08-09 11:49:06','2020-08-25 17:22:05'),(59,'Zaria','Kulas','estefania72@example.com','952.934.1591x42566','2016-12-08 06:00:26','2020-08-25 17:22:05'),(60,'Kelley','Predovic','hayes.seamus@example.org','06271140165','2011-10-27 17:51:42','2020-08-25 17:22:05'),(61,'Nella','Waters','cecile.gislason@example.com','1-596-363-1537x856','2020-07-14 14:22:06','2020-08-25 17:22:05'),(62,'Donnie','VonRueden','gkiehn@example.net','146-122-8135x33227','2020-08-10 10:40:20','2020-08-25 17:22:05'),(63,'Hosea','O\'Conner','slindgren@example.net','453.586.2587x2672','2015-08-06 11:30:34','2019-05-10 15:30:07'),(64,'Candida','Schiller','kristina09@example.net','1-549-647-5334','2014-06-29 23:53:39','2014-12-23 09:44:05'),(65,'Richard','Bednar','mwitting@example.com','858-602-4098','2014-09-03 23:48:30','2019-11-07 11:12:05'),(66,'Garfield','Reichert','lilla.dicki@example.net','533.814.5574x64306','2015-07-17 16:28:29','2015-09-05 15:30:17'),(67,'Dylan','Ankunding','mackenzie29@example.net','(345)771-8961x5389','2020-01-09 13:09:40','2020-08-25 17:22:05'),(68,'Baylee','Walsh','gmosciski@example.com','897.530.8045x7041','2019-08-03 08:40:33','2019-08-10 16:49:59'),(69,'Brook','Langosh','qbradtke@example.com','066.358.2191','2016-09-10 15:30:24','2020-08-25 17:22:05'),(70,'Maria','Runolfsson','urosenbaum@example.org','085.613.9984','2012-02-17 06:08:36','2016-11-27 06:47:24'),(71,'Jermey','Volkman','xebert@example.net','688.584.7681','2011-09-06 12:39:37','2018-07-12 20:24:35'),(72,'Mike','Brown','nharris@example.org','341.044.3010','2010-12-09 15:24:42','2013-05-28 10:13:00'),(73,'Helga','Beier','francisco.goldner@example.com','(468)957-9117x6465','2015-09-21 10:47:40','2015-09-22 14:11:56'),(74,'Maxwell','Nolan','alan52@example.com','1-032-241-9037x41504','2018-05-06 06:55:28','2020-08-25 17:22:05'),(75,'Barney','Torphy','arunte@example.org','578.874.4914x7836','2019-06-04 12:16:04','2020-08-25 17:22:05'),(76,'Ardella','Botsford','bergstrom.jaida@example.net','941-066-3779','2016-11-22 14:11:19','2020-08-25 17:22:05'),(77,'Nathen','Glover','vernie86@example.net','787-054-5123','2017-08-08 16:30:23','2020-08-25 17:22:05'),(78,'Arnoldo','Willms','satterfield.hilma@example.net','1-365-292-7721','2012-11-04 21:12:25','2013-01-02 09:28:32'),(79,'Demarcus','Prohaska','krystel.abshire@example.net','876.836.9533x10894','2019-08-04 17:31:37','2020-08-25 17:22:05'),(80,'Naomi','Hirthe','botsford.otilia@example.org','(300)403-4567','2011-08-28 06:22:25','2015-01-06 19:46:00'),(81,'Nelda','Feest','taltenwerth@example.org','1-511-542-8562x93150','2014-11-01 09:19:15','2016-05-19 12:05:08'),(82,'Breanne','Sipes','edd06@example.net','234.097.3334x90178','2012-06-04 13:05:36','2014-04-14 03:31:57'),(83,'Rodrick','Goodwin','nwuckert@example.com','1-364-487-7976x347','2019-06-01 05:36:22','2020-08-25 17:22:05'),(84,'Gia','Leannon','carlotta.boyle@example.org','1-645-179-7654x73750','2013-09-10 01:11:18','2020-08-25 17:22:05'),(85,'Coty','Mayer','hilma97@example.com','1-958-224-9368x905','2013-01-22 10:29:17','2013-11-17 06:37:51'),(86,'Federico','Leuschke','heaney.verda@example.net','1-517-622-4764x47906','2018-10-09 01:41:01','2020-08-25 17:22:05'),(87,'Ara','Cummings','mertie.johnston@example.com','886.959.2196x911','2011-11-10 05:40:27','2017-09-10 20:06:59'),(88,'Alicia','Barton','carmelo.berge@example.net','663.481.5530','2013-12-30 07:13:30','2020-08-25 17:22:05'),(89,'Jordi','Kemmer','noemi.steuber@example.org','(685)812-4113','2016-12-05 23:20:44','2020-08-25 17:22:05'),(90,'Nina','Aufderhar','anya65@example.net','690-768-1959','2016-03-07 12:47:28','2020-08-25 17:22:05'),(91,'Fannie','Durgan','bradtke.lucie@example.net','(138)093-1541','2016-06-18 02:03:27','2020-04-28 00:23:39'),(92,'Luella','Wisozk','muriel90@example.org','(856)522-1293','2020-02-16 08:25:40','2020-08-25 17:22:05'),(93,'Ezekiel','Wisozk','hintz.idella@example.net','664-256-1812x3571','2019-08-06 12:00:15','2020-08-25 17:22:05'),(94,'Amber','Littel','aufderhar.arno@example.com','(408)876-6836','2013-10-28 17:38:13','2015-04-16 21:40:34'),(95,'Warren','Goldner','dangelo09@example.com','953.496.3935','2020-04-23 15:46:35','2020-08-25 17:22:05'),(96,'Dejah','Haag','elittel@example.com','(868)981-5248','2020-04-12 19:15:32','2020-08-25 17:22:05'),(97,'Keagan','Glover','balistreri.micaela@example.net','556-321-4368x6584','2011-11-10 20:07:03','2014-07-31 07:42:22'),(98,'Elmo','Conroy','schmeler.reinhold@example.net','089.594.0643x318','2017-03-21 22:29:57','2017-05-16 22:59:31'),(99,'Colin','Padberg','abernier@example.org','(129)937-6735x03763','2014-04-28 14:49:05','2015-04-20 19:49:25'),(100,'Bridgette','Ebert','clynch@example.com','(147)129-5552','2012-07-31 05:04:35','2020-08-25 17:22:05');
/*!40000 ALTER TABLE `users` ENABLE KEYS */;
UNLOCK TABLES;

--
-- Dumping routines for database 'vk'
--
/*!40103 SET TIME_ZONE=@OLD_TIME_ZONE */;

/*!40101 SET SQL_MODE=@OLD_SQL_MODE */;
/*!40014 SET FOREIGN_KEY_CHECKS=@OLD_FOREIGN_KEY_CHECKS */;
/*!40014 SET UNIQUE_CHECKS=@OLD_UNIQUE_CHECKS */;
/*!40101 SET CHARACTER_SET_CLIENT=@OLD_CHARACTER_SET_CLIENT */;
/*!40101 SET CHARACTER_SET_RESULTS=@OLD_CHARACTER_SET_RESULTS */;
/*!40101 SET COLLATION_CONNECTION=@OLD_COLLATION_CONNECTION */;
/*!40111 SET SQL_NOTES=@OLD_SQL_NOTES */;

-- Dump completed on 2020-08-26 12:03:50
